iteration,section,code,indicator,score,verdict,yes_bar,confidence,margin,parse,na,session_id,language
0,B,B1,Instructional Clarity & Learning Objectives,1.0,YES,"Clear objective stated, referred to during lesson, linked to classroom activities.",0.72,BORDERLINE,strict,False,Lesson-01,sw
0,B,B3,Activities & Tasks Alignment,1.0,YES,Most activities directly support the learning objective.,0.85,CLEAR,strict,False,Lesson-01,sw
0,B,B4,Activation of Prior Knowledge,1.0,YES,Teacher connects new content to previously taught material.,0.66,BORDERLINE,strict,False,Lesson-01,sw
0,B,B5,Meaningful & Real-World Connections,0.0,NO,Content connected to students' lives or local context.,0.68,BORDERLINE,strict,False,Lesson-01,sw
0,B,B6,Differentiation / Catering to Learning Levels,0.0,NO,Tasks differentiated for at least 2 ability groups.,0.93,CLEAR,strict,False,Lesson-01,sw
0,B,B7,Use of Taleemabad Lesson Plan,0.0,NO,Plan followed with minor contextual adaptations.,0.8,BORDERLINE,strict,False,Lesson-01,sw
0,B,B8,Use of Prescribed Resources,0.0,NO,Key resources used as prescribed in lesson plan.,0.86,CLEAR,strict,False,Lesson-01,sw
0,B,B10,Lesson Closure & Consolidation,0.0,NO,"Structured closure: recap key points, check understanding.",0.79,BORDERLINE,strict,False,Lesson-01,sw
0,D,D1,Active Participation Rate,1.0,YES,"50-75% actively participating (writing, discussing, solving).",0.62,BORDERLINE,strict,False,Lesson-01,sw
0,D,D2,Cognitive Engagement Level (Bloom's),1.0,YES,Students applying concepts to new problems (Bloom's Apply/Analyze).,0.56,BORDERLINE,strict,False,Lesson-01,sw
0,D,D3,Student-to-Student Interaction,0.0,NO,Students discuss content in pairs/groups; academic language used.,0.63,BORDERLINE,strict,False,Lesson-01,sw
0,D,D7,Inclusivity of Engagement,1.0,YES,Students across ability levels and genders are participating.,0.62,BORDERLINE,strict,False,Lesson-01,sw
0,C,C1,Quality Questioning (Bloom's Aligned),0.0,NO,Purposeful mix including application & analysis questions. Open-ended questions dominate. Wait time given.,0.76,BORDERLINE,strict,False,Lesson-01,sw
0,C,C2,Responsive Re-explanation & Adaptive Teaching,0.0,NO,"Uses alternative representations (visual, concrete, analogy). Adjusts teaching to student level.",0.79,BORDERLINE,strict,False,Lesson-01,sw
0,C,C3,Effective Feedback,0.0,NO,Specific feedback on what was done well and what to improve. Actionable.,0.88,CLEAR,strict,False,Lesson-01,sw
0,C,C5,Student Agency & Voice,0.0,NO,Students make choices about how to demonstrate learning. Explore multiple perspectives.,0.85,CLEAR,strict,False,Lesson-01,sw
0,C,C7,Positive & Supportive Learning Environment,0.0,NO,"Warm, encouraging tone; mistakes treated as learning opportunities.",0.61,BORDERLINE,strict,False,Lesson-01,sw
0,C,C8,"Modeling, Scaffolding & Problem-Solving",0.0,NO,I Do -> We Do -> You Do scaffolding visible. Problem-solving and creativity modeled with clear strategies.,0.66,BORDERLINE,strict,False,Lesson-01,sw
0,C,C9,Collaborative Learning,0.0,NO,Purposeful pair/group tasks with clear roles. Students work towards synthesized solutions.,0.83,BORDERLINE,strict,False,Lesson-01,sw
0,C,C10,Integration of Taleemabad Technology,0.0,NO,Taleemabad videos/apps used to support learning objectives.,0.95,CLEAR,strict,False,Lesson-01,sw
0,C,C11,Self & Peer Assessment Facilitation,0.0,NO,Self- and peer-assessment structured and purposeful. Students use rubrics to assess work.,0.68,BORDERLINE,strict,False,Lesson-01,sw
0,C,C12,Classroom Resources & Space for Collaboration,0.0,NO,Resources and space well-organized for collaborative tasks. Materials accessible.,0.8,BORDERLINE,strict,False,Lesson-01,sw
0,F,F1,Content Accuracy,0.0,NO,Content is accurate; no errors observed.,0.66,BORDERLINE,strict,False,Lesson-01,sw
0,F,F2,Use of Academic Language,1.0,YES,Key terms used accurately and explained to students.,0.58,BORDERLINE,strict,False,Lesson-01,sw
0,F,F3,Anticipation of Student Misconceptions,0.0,NO,Anticipates and addresses at least 1-2 common misconceptions.,0.6,BORDERLINE,strict,False,Lesson-01,sw
0,F,F4,Depth of Explanation,0.0,NO,Explains the 'why' behind procedures; uses multiple representations.,0.78,BORDERLINE,strict,False,Lesson-01,sw
0,F,F5,Subject-Specific Pedagogy: MATH,,,Uses concrete -> pictorial -> abstract (CPA) progression; manipulatives present.,0.96,CLEAR,strict,True,Lesson-01,sw
0,F,F6,Subject-Specific Pedagogy: SCIENCE,,,Hands-on activities present; students make predictions and observations.,0.96,CLEAR,strict,True,Lesson-01,sw
0,F,F7,Subject-Specific Pedagogy: LITERACY / LANGUAGE,0.0,NO,"Teacher models reading strategies (prediction, summarizing, questioning). Balanced approach.",0.71,BORDERLINE,strict,False,Lesson-01,sw
0,F,F8,Cross-Curricular Connections,0.0,NO,Meaningful connections made to at least one other subject area.,0.93,CLEAR,strict,False,Lesson-01,sw
1,B,B1,Instructional Clarity & Learning Objectives,1.0,YES,"Clear objective stated, referred to during lesson, linked to classroom activities.",0.72,BORDERLINE,strict,False,Lesson-01,sw
1,B,B3,Activities & Tasks Alignment,1.0,YES,Most activities directly support the learning objective.,0.84,BORDERLINE,strict,False,Lesson-01,sw
1,B,B4,Activation of Prior Knowledge,1.0,YES,Teacher connects new content to previously taught material.,0.68,BORDERLINE,strict,False,Lesson-01,sw
1,B,B5,Meaningful & Real-World Connections,0.0,NO,Content connected to students' lives or local context.,0.6,BORDERLINE,strict,False,Lesson-01,sw
1,B,B6,Differentiation / Catering to Learning Levels,0.0,NO,Tasks differentiated for at least 2 ability groups.,0.92,CLEAR,strict,False,Lesson-01,sw
1,B,B7,Use of Taleemabad Lesson Plan,0.0,NO,Plan followed with minor contextual adaptations.,0.71,BORDERLINE,strict,False,Lesson-01,sw
1,B,B8,Use of Prescribed Resources,0.0,NO,Key resources used as prescribed in lesson plan.,0.86,CLEAR,strict,False,Lesson-01,sw
1,B,B10,Lesson Closure & Consolidation,0.0,NO,"Structured closure: recap key points, check understanding.",0.79,BORDERLINE,strict,False,Lesson-01,sw
1,D,D1,Active Participation Rate,1.0,YES,"50-75% actively participating (writing, discussing, solving).",0.63,BORDERLINE,strict,False,Lesson-01,sw
1,D,D2,Cognitive Engagement Level (Bloom's),1.0,YES,Students applying concepts to new problems (Bloom's Apply/Analyze).,0.56,BORDERLINE,strict,False,Lesson-01,sw
1,D,D3,Student-to-Student Interaction,0.0,NO,Students discuss content in pairs/groups; academic language used.,0.66,BORDERLINE,strict,False,Lesson-01,sw
1,D,D7,Inclusivity of Engagement,1.0,YES,Students across ability levels and genders are participating.,0.66,BORDERLINE,strict,False,Lesson-01,sw
1,C,C1,Quality Questioning (Bloom's Aligned),0.0,NO,Purposeful mix including application & analysis questions. Open-ended questions dominate. Wait time given.,0.68,BORDERLINE,strict,False,Lesson-01,sw
1,C,C2,Responsive Re-explanation & Adaptive Teaching,0.0,NO,"Uses alternative representations (visual, concrete, analogy). Adjusts teaching to student level.",0.83,BORDERLINE,strict,False,Lesson-01,sw
1,C,C3,Effective Feedback,0.0,NO,Specific feedback on what was done well and what to improve. Actionable.,0.9,CLEAR,strict,False,Lesson-01,sw
1,C,C5,Student Agency & Voice,0.0,NO,Students make choices about how to demonstrate learning. Explore multiple perspectives.,0.92,CLEAR,strict,False,Lesson-01,sw
1,C,C7,Positive & Supportive Learning Environment,0.0,NO,"Warm, encouraging tone; mistakes treated as learning opportunities.",0.58,BORDERLINE,strict,False,Lesson-01,sw
1,C,C8,"Modeling, Scaffolding & Problem-Solving",0.0,NO,I Do -> We Do -> You Do scaffolding visible. Problem-solving and creativity modeled with clear strategies.,0.7,BORDERLINE,strict,False,Lesson-01,sw
1,C,C9,Collaborative Learning,0.0,NO,Purposeful pair/group tasks with clear roles. Students work towards synthesized solutions.,0.82,BORDERLINE,strict,False,Lesson-01,sw
1,C,C10,Integration of Taleemabad Technology,0.0,NO,Taleemabad videos/apps used to support learning objectives.,0.94,CLEAR,strict,False,Lesson-01,sw
1,C,C11,Self & Peer Assessment Facilitation,0.0,NO,Self- and peer-assessment structured and purposeful. Students use rubrics to assess work.,0.78,BORDERLINE,strict,False,Lesson-01,sw
1,C,C12,Classroom Resources & Space for Collaboration,0.0,NO,Resources and space well-organized for collaborative tasks. Materials accessible.,0.8,BORDERLINE,strict,False,Lesson-01,sw
1,F,F1,Content Accuracy,0.0,NO,Content is accurate; no errors observed.,0.72,BORDERLINE,strict,False,Lesson-01,sw
1,F,F2,Use of Academic Language,1.0,YES,Key terms used accurately and explained to students.,0.61,BORDERLINE,strict,False,Lesson-01,sw
1,F,F3,Anticipation of Student Misconceptions,0.0,NO,Anticipates and addresses at least 1-2 common misconceptions.,0.55,BORDERLINE,strict,False,Lesson-01,sw
1,F,F4,Depth of Explanation,0.0,NO,Explains the 'why' behind procedures; uses multiple representations.,0.76,BORDERLINE,strict,False,Lesson-01,sw
1,F,F5,Subject-Specific Pedagogy: MATH,,,Uses concrete -> pictorial -> abstract (CPA) progression; manipulatives present.,0.97,CLEAR,strict,True,Lesson-01,sw
1,F,F6,Subject-Specific Pedagogy: SCIENCE,,,Hands-on activities present; students make predictions and observations.,0.97,CLEAR,strict,True,Lesson-01,sw
1,F,F7,Subject-Specific Pedagogy: LITERACY / LANGUAGE,0.0,NO,"Teacher models reading strategies (prediction, summarizing, questioning). Balanced approach.",0.7,BORDERLINE,strict,False,Lesson-01,sw
1,F,F8,Cross-Curricular Connections,0.0,NO,Meaningful connections made to at least one other subject area.,0.95,CLEAR,strict,False,Lesson-01,sw
2,D,D1,Active Participation Rate,1.0,YES,"50-75% actively participating (writing, discussing, solving).",0.66,BORDERLINE,strict,False,Lesson-01,sw
2,D,D2,Cognitive Engagement Level (Bloom's),1.0,YES,Students applying concepts to new problems (Bloom's Apply/Analyze).,0.62,BORDERLINE,strict,False,Lesson-01,sw
2,D,D3,Student-to-Student Interaction,0.0,NO,Students discuss content in pairs/groups; academic language used.,0.68,BORDERLINE,strict,False,Lesson-01,sw
2,D,D7,Inclusivity of Engagement,0.0,NO,Students across ability levels and genders are participating.,0.6,BORDERLINE,strict,False,Lesson-01,sw
2,B,B1,Instructional Clarity & Learning Objectives,1.0,YES,"Clear objective stated, referred to during lesson, linked to classroom activities.",0.74,BORDERLINE,strict,False,Lesson-01,sw
2,B,B3,Activities & Tasks Alignment,1.0,YES,Most activities directly support the learning objective.,0.85,CLEAR,strict,False,Lesson-01,sw
2,B,B4,Activation of Prior Knowledge,1.0,YES,Teacher connects new content to previously taught material.,0.7,BORDERLINE,strict,False,Lesson-01,sw
2,B,B5,Meaningful & Real-World Connections,0.0,NO,Content connected to students' lives or local context.,0.66,BORDERLINE,strict,False,Lesson-01,sw
2,B,B6,Differentiation / Catering to Learning Levels,0.0,NO,Tasks differentiated for at least 2 ability groups.,0.92,CLEAR,strict,False,Lesson-01,sw
2,B,B7,Use of Taleemabad Lesson Plan,0.0,NO,Plan followed with minor contextual adaptations.,0.62,BORDERLINE,strict,False,Lesson-01,sw
2,B,B8,Use of Prescribed Resources,0.0,NO,Key resources used as prescribed in lesson plan.,0.72,BORDERLINE,strict,False,Lesson-01,sw
2,B,B10,Lesson Closure & Consolidation,0.0,NO,"Structured closure: recap key points, check understanding.",0.78,BORDERLINE,strict,False,Lesson-01,sw
2,C,C1,Quality Questioning (Bloom's Aligned),0.0,NO,Purposeful mix including application & analysis questions. Open-ended questions dominate. Wait time given.,0.82,BORDERLINE,strict,False,Lesson-01,sw
2,C,C2,Responsive Re-explanation & Adaptive Teaching,0.0,NO,"Uses alternative representations (visual, concrete, analogy). Adjusts teaching to student level.",0.76,BORDERLINE,strict,False,Lesson-01,sw
2,C,C3,Effective Feedback,0.0,NO,Specific feedback on what was done well and what to improve. Actionable.,0.86,CLEAR,strict,False,Lesson-01,sw
2,C,C5,Student Agency & Voice,0.0,NO,Students make choices about how to demonstrate learning. Explore multiple perspectives.,0.85,CLEAR,strict,False,Lesson-01,sw
2,C,C7,Positive & Supportive Learning Environment,0.0,NO,"Warm, encouraging tone; mistakes treated as learning opportunities.",0.62,BORDERLINE,strict,False,Lesson-01,sw
2,C,C8,"Modeling, Scaffolding & Problem-Solving",0.0,NO,I Do -> We Do -> You Do scaffolding visible. Problem-solving and creativity modeled with clear strategies.,0.78,BORDERLINE,strict,False,Lesson-01,sw
2,C,C9,Collaborative Learning,0.0,NO,Purposeful pair/group tasks with clear roles. Students work towards synthesized solutions.,0.74,BORDERLINE,strict,False,Lesson-01,sw
2,C,C10,Integration of Taleemabad Technology,0.0,NO,Taleemabad videos/apps used to support learning objectives.,0.93,CLEAR,strict,False,Lesson-01,sw
2,C,C11,Self & Peer Assessment Facilitation,0.0,NO,Self- and peer-assessment structured and purposeful. Students use rubrics to assess work.,0.72,BORDERLINE,strict,False,Lesson-01,sw
2,C,C12,Classroom Resources & Space for Collaboration,0.0,NO,Resources and space well-organized for collaborative tasks. Materials accessible.,0.8,BORDERLINE,strict,False,Lesson-01,sw
2,F,F1,Content Accuracy,0.0,NO,Content is accurate; no errors observed.,0.63,BORDERLINE,strict,False,Lesson-01,sw
2,F,F2,Use of Academic Language,1.0,YES,Key terms used accurately and explained to students.,0.68,BORDERLINE,strict,False,Lesson-01,sw
2,F,F3,Anticipation of Student Misconceptions,0.0,NO,Anticipates and addresses at least 1-2 common misconceptions.,0.55,BORDERLINE,strict,False,Lesson-01,sw
2,F,F4,Depth of Explanation,0.0,NO,Explains the 'why' behind procedures; uses multiple representations.,0.79,BORDERLINE,strict,False,Lesson-01,sw
2,F,F5,Subject-Specific Pedagogy: MATH,,,Uses concrete -> pictorial -> abstract (CPA) progression; manipulatives present.,0.96,CLEAR,strict,True,Lesson-01,sw
2,F,F6,Subject-Specific Pedagogy: SCIENCE,,,Hands-on activities present; students make predictions and observations.,0.96,CLEAR,strict,True,Lesson-01,sw
2,F,F7,Subject-Specific Pedagogy: LITERACY / LANGUAGE,0.0,NO,"Teacher models reading strategies (prediction, summarizing, questioning). Balanced approach.",0.74,BORDERLINE,strict,False,Lesson-01,sw
2,F,F8,Cross-Curricular Connections,0.0,NO,Meaningful connections made to at least one other subject area.,0.95,CLEAR,strict,False,Lesson-01,sw
3,C,C1,Quality Questioning (Bloom's Aligned),0.0,NO,Purposeful mix including application & analysis questions. Open-ended questions dominate. Wait time given.,0.82,BORDERLINE,strict,False,Lesson-01,sw
3,C,C2,Responsive Re-explanation & Adaptive Teaching,0.0,NO,"Uses alternative representations (visual, concrete, analogy). Adjusts teaching to student level.",0.76,BORDERLINE,strict,False,Lesson-01,sw
3,C,C3,Effective Feedback,0.0,NO,Specific feedback on what was done well and what to improve. Actionable.,0.85,CLEAR,strict,False,Lesson-01,sw
3,C,C5,Student Agency & Voice,0.0,NO,Students make choices about how to demonstrate learning. Explore multiple perspectives.,0.84,BORDERLINE,strict,False,Lesson-01,sw
3,C,C7,Positive & Supportive Learning Environment,0.0,NO,"Warm, encouraging tone; mistakes treated as learning opportunities.",0.66,BORDERLINE,strict,False,Lesson-01,sw
3,C,C8,"Modeling, Scaffolding & Problem-Solving",0.0,NO,I Do -> We Do -> You Do scaffolding visible. Problem-solving and creativity modeled with clear strategies.,0.72,BORDERLINE,strict,False,Lesson-01,sw
3,C,C9,Collaborative Learning,0.0,NO,Purposeful pair/group tasks with clear roles. Students work towards synthesized solutions.,0.74,BORDERLINE,strict,False,Lesson-01,sw
3,C,C10,Integration of Taleemabad Technology,0.0,NO,Taleemabad videos/apps used to support learning objectives.,0.93,CLEAR,strict,False,Lesson-01,sw
3,C,C11,Self & Peer Assessment Facilitation,0.0,NO,Self- and peer-assessment structured and purposeful. Students use rubrics to assess work.,0.71,BORDERLINE,strict,False,Lesson-01,sw
3,C,C12,Classroom Resources & Space for Collaboration,0.0,NO,Resources and space well-organized for collaborative tasks. Materials accessible.,0.79,BORDERLINE,strict,False,Lesson-01,sw
3,B,B1,Instructional Clarity & Learning Objectives,1.0,YES,"Clear objective stated, referred to during lesson, linked to classroom activities.",0.68,BORDERLINE,strict,False,Lesson-01,sw
3,B,B3,Activities & Tasks Alignment,1.0,YES,Most activities directly support the learning objective.,0.85,CLEAR,strict,False,Lesson-01,sw
3,B,B4,Activation of Prior Knowledge,1.0,YES,Teacher connects new content to previously taught material.,0.72,BORDERLINE,strict,False,Lesson-01,sw
3,B,B5,Meaningful & Real-World Connections,0.0,NO,Content connected to students' lives or local context.,0.62,BORDERLINE,strict,False,Lesson-01,sw
3,B,B6,Differentiation / Catering to Learning Levels,0.0,NO,Tasks differentiated for at least 2 ability groups.,0.9,CLEAR,strict,False,Lesson-01,sw
3,B,B7,Use of Taleemabad Lesson Plan,0.0,NO,Plan followed with minor contextual adaptations.,0.7,BORDERLINE,strict,False,Lesson-01,sw
3,B,B8,Use of Prescribed Resources,0.0,NO,Key resources used as prescribed in lesson plan.,0.78,BORDERLINE,strict,False,Lesson-01,sw
3,B,B10,Lesson Closure & Consolidation,0.0,NO,"Structured closure: recap key points, check understanding.",0.79,BORDERLINE,strict,False,Lesson-01,sw
3,D,D1,Active Participation Rate,1.0,YES,"50-75% actively participating (writing, discussing, solving).",0.63,BORDERLINE,strict,False,Lesson-01,sw
3,D,D2,Cognitive Engagement Level (Bloom's),1.0,YES,Students applying concepts to new problems (Bloom's Apply/Analyze).,0.57,BORDERLINE,strict,False,Lesson-01,sw
3,D,D3,Student-to-Student Interaction,0.0,NO,Students discuss content in pairs/groups; academic language used.,0.71,BORDERLINE,strict,False,Lesson-01,sw
3,D,D7,Inclusivity of Engagement,1.0,YES,Students across ability levels and genders are participating.,0.62,BORDERLINE,strict,False,Lesson-01,sw
3,F,F1,Content Accuracy,0.0,NO,Content is accurate; no errors observed.,0.72,BORDERLINE,strict,False,Lesson-01,sw
3,F,F2,Use of Academic Language,1.0,YES,Key terms used accurately and explained to students.,0.55,BORDERLINE,strict,False,Lesson-01,sw
3,F,F3,Anticipation of Student Misconceptions,0.0,NO,Anticipates and addresses at least 1-2 common misconceptions.,0.6,BORDERLINE,strict,False,Lesson-01,sw
3,F,F4,Depth of Explanation,0.0,NO,Explains the 'why' behind procedures; uses multiple representations.,0.74,BORDERLINE,strict,False,Lesson-01,sw
3,F,F5,Subject-Specific Pedagogy: MATH,,,Uses concrete -> pictorial -> abstract (CPA) progression; manipulatives present.,0.96,CLEAR,strict,True,Lesson-01,sw
3,F,F6,Subject-Specific Pedagogy: SCIENCE,,,Hands-on activities present; students make predictions and observations.,0.96,CLEAR,strict,True,Lesson-01,sw
3,F,F7,Subject-Specific Pedagogy: LITERACY / LANGUAGE,0.0,NO,"Teacher models reading strategies (prediction, summarizing, questioning). Balanced approach.",0.7,BORDERLINE,strict,False,Lesson-01,sw
3,F,F8,Cross-Curricular Connections,0.0,NO,Meaningful connections made to at least one other subject area.,0.92,CLEAR,strict,False,Lesson-01,sw
4,C,C1,Quality Questioning (Bloom's Aligned),0.0,NO,Purposeful mix including application & analysis questions. Open-ended questions dominate. Wait time given.,0.76,BORDERLINE,strict,False,Lesson-01,sw
4,C,C2,Responsive Re-explanation & Adaptive Teaching,0.0,NO,"Uses alternative representations (visual, concrete, analogy). Adjusts teaching to student level.",0.79,BORDERLINE,strict,False,Lesson-01,sw
4,C,C3,Effective Feedback,0.0,NO,Specific feedback on what was done well and what to improve. Actionable.,0.85,CLEAR,strict,False,Lesson-01,sw
4,C,C5,Student Agency & Voice,0.0,NO,Students make choices about how to demonstrate learning. Explore multiple perspectives.,0.87,CLEAR,strict,False,Lesson-01,sw
4,C,C7,Positive & Supportive Learning Environment,0.0,NO,"Warm, encouraging tone; mistakes treated as learning opportunities.",0.62,BORDERLINE,strict,False,Lesson-01,sw
4,C,C8,"Modeling, Scaffolding & Problem-Solving",0.0,NO,I Do -> We Do -> You Do scaffolding visible. Problem-solving and creativity modeled with clear strategies.,0.72,BORDERLINE,strict,False,Lesson-01,sw
4,C,C9,Collaborative Learning,0.0,NO,Purposeful pair/group tasks with clear roles. Students work towards synthesized solutions.,0.8,BORDERLINE,strict,False,Lesson-01,sw
4,C,C10,Integration of Taleemabad Technology,0.0,NO,Taleemabad videos/apps used to support learning objectives.,0.93,CLEAR,strict,False,Lesson-01,sw
4,C,C11,Self & Peer Assessment Facilitation,0.0,NO,Self- and peer-assessment structured and purposeful. Students use rubrics to assess work.,0.71,BORDERLINE,strict,False,Lesson-01,sw
4,C,C12,Classroom Resources & Space for Collaboration,0.0,NO,Resources and space well-organized for collaborative tasks. Materials accessible.,0.8,BORDERLINE,strict,False,Lesson-01,sw
4,B,B1,Instructional Clarity & Learning Objectives,1.0,YES,"Clear objective stated, referred to during lesson, linked to classroom activities.",0.68,BORDERLINE,strict,False,Lesson-01,sw
4,B,B3,Activities & Tasks Alignment,1.0,YES,Most activities directly support the learning objective.,0.85,CLEAR,strict,False,Lesson-01,sw
4,B,B4,Activation of Prior Knowledge,1.0,YES,Teacher connects new content to previously taught material.,0.72,BORDERLINE,strict,False,Lesson-01,sw
4,B,B5,Meaningful & Real-World Connections,0.0,NO,Content connected to students' lives or local context.,0.62,BORDERLINE,strict,False,Lesson-01,sw
4,B,B6,Differentiation / Catering to Learning Levels,0.0,NO,Tasks differentiated for at least 2 ability groups.,0.93,CLEAR,strict,False,Lesson-01,sw
4,B,B7,Use of Taleemabad Lesson Plan,0.0,NO,Plan followed with minor contextual adaptations.,0.72,BORDERLINE,strict,False,Lesson-01,sw
4,B,B8,Use of Prescribed Resources,0.0,NO,Key resources used as prescribed in lesson plan.,0.8,BORDERLINE,strict,False,Lesson-01,sw
4,B,B10,Lesson Closure & Consolidation,0.0,NO,"Structured closure: recap key points, check understanding.",0.76,BORDERLINE,strict,False,Lesson-01,sw
4,D,D1,Active Participation Rate,1.0,YES,"50-75% actively participating (writing, discussing, solving).",0.6,BORDERLINE,strict,False,Lesson-01,sw
4,D,D2,Cognitive Engagement Level (Bloom's),0.0,NO,Students applying concepts to new problems (Bloom's Apply/Analyze).,0.55,BORDERLINE,strict,False,Lesson-01,sw
4,D,D3,Student-to-Student Interaction,0.0,NO,Students discuss content in pairs/groups; academic language used.,0.71,BORDERLINE,strict,False,Lesson-01,sw
4,D,D7,Inclusivity of Engagement,1.0,YES,Students across ability levels and genders are participating.,0.63,BORDERLINE,strict,False,Lesson-01,sw
4,F,F1,Content Accuracy,0.0,NO,Content is accurate; no errors observed.,0.7,BORDERLINE,strict,False,Lesson-01,sw
4,F,F2,Use of Academic Language,1.0,YES,Key terms used accurately and explained to students.,0.54,BORDERLINE,strict,False,Lesson-01,sw
4,F,F3,Anticipation of Student Misconceptions,0.0,NO,Anticipates and addresses at least 1-2 common misconceptions.,0.57,BORDERLINE,strict,False,Lesson-01,sw
4,F,F4,Depth of Explanation,0.0,NO,Explains the 'why' behind procedures; uses multiple representations.,0.86,CLEAR,strict,False,Lesson-01,sw
4,F,F5,Subject-Specific Pedagogy: MATH,,,Uses concrete -> pictorial -> abstract (CPA) progression; manipulatives present.,0.95,CLEAR,strict,True,Lesson-01,sw
4,F,F6,Subject-Specific Pedagogy: SCIENCE,,,Hands-on activities present; students make predictions and observations.,0.95,CLEAR,strict,True,Lesson-01,sw
4,F,F7,Subject-Specific Pedagogy: LITERACY / LANGUAGE,0.0,NO,"Teacher models reading strategies (prediction, summarizing, questioning). Balanced approach.",0.76,BORDERLINE,strict,False,Lesson-01,sw
4,F,F8,Cross-Curricular Connections,0.0,NO,Meaningful connections made to at least one other subject area.,0.93,CLEAR,strict,False,Lesson-01,sw
5,B,B1,Instructional Clarity & Learning Objectives,1.0,YES,"Clear objective stated, referred to during lesson, linked to classroom activities.",0.74,BORDERLINE,strict,False,Lesson-01,sw
5,B,B3,Activities & Tasks Alignment,1.0,YES,Most activities directly support the learning objective.,0.82,BORDERLINE,strict,False,Lesson-01,sw
5,B,B4,Activation of Prior Knowledge,1.0,YES,Teacher connects new content to previously taught material.,0.62,BORDERLINE,strict,False,Lesson-01,sw
5,B,B5,Meaningful & Real-World Connections,0.0,NO,Content connected to students' lives or local context.,0.68,BORDERLINE,strict,False,Lesson-01,sw
5,B,B6,Differentiation / Catering to Learning Levels,0.0,NO,Tasks differentiated for at least 2 ability groups.,0.86,CLEAR,strict,False,Lesson-01,sw
5,B,B7,Use of Taleemabad Lesson Plan,0.0,NO,Plan followed with minor contextual adaptations.,0.72,BORDERLINE,strict,False,Lesson-01,sw
5,B,B8,Use of Prescribed Resources,0.0,NO,Key resources used as prescribed in lesson plan.,0.83,BORDERLINE,strict,False,Lesson-01,sw
5,B,B10,Lesson Closure & Consolidation,0.0,NO,"Structured closure: recap key points, check understanding.",0.78,BORDERLINE,strict,False,Lesson-01,sw
5,D,D1,Active Participation Rate,1.0,YES,"50-75% actively participating (writing, discussing, solving).",0.63,BORDERLINE,strict,False,Lesson-01,sw
5,D,D2,Cognitive Engagement Level (Bloom's),1.0,YES,Students applying concepts to new problems (Bloom's Apply/Analyze).,0.57,BORDERLINE,strict,False,Lesson-01,sw
5,D,D3,Student-to-Student Interaction,0.0,NO,Students discuss content in pairs/groups; academic language used.,0.7,BORDERLINE,strict,False,Lesson-01,sw
5,D,D7,Inclusivity of Engagement,1.0,YES,Students across ability levels and genders are participating.,0.56,BORDERLINE,strict,False,Lesson-01,sw
5,F,F1,Content Accuracy,0.0,NO,Content is accurate; no errors observed.,0.62,BORDERLINE,strict,False,Lesson-01,sw
5,F,F2,Use of Academic Language,1.0,YES,Key terms used accurately and explained to students.,0.66,BORDERLINE,strict,False,Lesson-01,sw
5,F,F3,Anticipation of Student Misconceptions,0.0,NO,Anticipates and addresses at least 1-2 common misconceptions.,0.6,BORDERLINE,strict,False,Lesson-01,sw
5,F,F4,Depth of Explanation,0.0,NO,Explains the 'why' behind procedures; uses multiple representations.,0.87,CLEAR,strict,False,Lesson-01,sw
5,F,F5,Subject-Specific Pedagogy: MATH,,,Uses concrete -> pictorial -> abstract (CPA) progression; manipulatives present.,0.96,CLEAR,strict,True,Lesson-01,sw
5,F,F6,Subject-Specific Pedagogy: SCIENCE,,,Hands-on activities present; students make predictions and observations.,0.96,CLEAR,strict,True,Lesson-01,sw
5,F,F7,Subject-Specific Pedagogy: LITERACY / LANGUAGE,0.0,NO,"Teacher models reading strategies (prediction, summarizing, questioning). Balanced approach.",0.7,BORDERLINE,strict,False,Lesson-01,sw
5,F,F8,Cross-Curricular Connections,0.0,NO,Meaningful connections made to at least one other subject area.,0.92,CLEAR,strict,False,Lesson-01,sw
5,C,C1,Quality Questioning (Bloom's Aligned),0.0,NO,Purposeful mix including application & analysis questions. Open-ended questions dominate. Wait time given.,0.76,BORDERLINE,strict,False,Lesson-01,sw
5,C,C2,Responsive Re-explanation & Adaptive Teaching,0.0,NO,"Uses alternative representations (visual, concrete, analogy). Adjusts teaching to student level.",0.63,BORDERLINE,strict,False,Lesson-01,sw
5,C,C3,Effective Feedback,0.0,NO,Specific feedback on what was done well and what to improve. Actionable.,0.87,CLEAR,strict,False,Lesson-01,sw
5,C,C5,Student Agency & Voice,0.0,NO,Students make choices about how to demonstrate learning. Explore multiple perspectives.,0.8,BORDERLINE,strict,False,Lesson-01,sw
5,C,C7,Positive & Supportive Learning Environment,1.0,YES,"Warm, encouraging tone; mistakes treated as learning opportunities.",0.55,BORDERLINE,strict,False,Lesson-01,sw
5,C,C8,"Modeling, Scaffolding & Problem-Solving",0.0,NO,I Do -> We Do -> You Do scaffolding visible. Problem-solving and creativity modeled with clear strategies.,0.62,BORDERLINE,strict,False,Lesson-01,sw
5,C,C9,Collaborative Learning,0.0,NO,Purposeful pair/group tasks with clear roles. Students work towards synthesized solutions.,0.82,BORDERLINE,strict,False,Lesson-01,sw
5,C,C10,Integration of Taleemabad Technology,0.0,NO,Taleemabad videos/apps used to support learning objectives.,0.95,CLEAR,strict,False,Lesson-01,sw
5,C,C11,Self & Peer Assessment Facilitation,0.0,NO,Self- and peer-assessment structured and purposeful. Students use rubrics to assess work.,0.71,BORDERLINE,strict,False,Lesson-01,sw
5,C,C12,Classroom Resources & Space for Collaboration,0.0,NO,Resources and space well-organized for collaborative tasks. Materials accessible.,0.85,CLEAR,strict,False,Lesson-01,sw
6,B,B1,Instructional Clarity & Learning Objectives,1.0,YES,"Clear objective stated, referred to during lesson, linked to classroom activities.",0.72,BORDERLINE,strict,False,Lesson-01,sw
6,B,B3,Activities & Tasks Alignment,1.0,YES,Most activities directly support the learning objective.,0.85,CLEAR,strict,False,Lesson-01,sw
6,B,B4,Activation of Prior Knowledge,1.0,YES,Teacher connects new content to previously taught material.,0.66,BORDERLINE,strict,False,Lesson-01,sw
6,B,B5,Meaningful & Real-World Connections,0.0,NO,Content connected to students' lives or local context.,0.7,BORDERLINE,strict,False,Lesson-01,sw
6,B,B6,Differentiation / Catering to Learning Levels,0.0,NO,Tasks differentiated for at least 2 ability groups.,0.9,CLEAR,strict,False,Lesson-01,sw
6,B,B7,Use of Taleemabad Lesson Plan,0.0,NO,Plan followed with minor contextual adaptations.,0.66,BORDERLINE,strict,False,Lesson-01,sw
6,B,B8,Use of Prescribed Resources,0.0,NO,Key resources used as prescribed in lesson plan.,0.78,BORDERLINE,strict,False,Lesson-01,sw
6,B,B10,Lesson Closure & Consolidation,0.0,NO,"Structured closure: recap key points, check understanding.",0.76,BORDERLINE,strict,False,Lesson-01,sw
6,D,D1,Active Participation Rate,1.0,YES,"50-75% actively participating (writing, discussing, solving).",0.59,BORDERLINE,strict,False,Lesson-01,sw
6,D,D2,Cognitive Engagement Level (Bloom's),1.0,YES,Students applying concepts to new problems (Bloom's Apply/Analyze).,0.6,BORDERLINE,strict,False,Lesson-01,sw
6,D,D3,Student-to-Student Interaction,0.0,NO,Students discuss content in pairs/groups; academic language used.,0.72,BORDERLINE,strict,False,Lesson-01,sw
6,D,D7,Inclusivity of Engagement,1.0,YES,Students across ability levels and genders are participating.,0.62,BORDERLINE,strict,False,Lesson-01,sw
6,C,C1,Quality Questioning (Bloom's Aligned),0.0,NO,Purposeful mix including application & analysis questions. Open-ended questions dominate. Wait time given.,0.82,BORDERLINE,strict,False,Lesson-01,sw
6,C,C2,Responsive Re-explanation & Adaptive Teaching,0.0,NO,"Uses alternative representations (visual, concrete, analogy). Adjusts teaching to student level.",0.76,BORDERLINE,strict,False,Lesson-01,sw
6,C,C3,Effective Feedback,0.0,NO,Specific feedback on what was done well and what to improve. Actionable.,0.86,CLEAR,strict,False,Lesson-01,sw
6,C,C5,Student Agency & Voice,0.0,NO,Students make choices about how to demonstrate learning. Explore multiple perspectives.,0.85,CLEAR,strict,False,Lesson-01,sw
6,C,C7,Positive & Supportive Learning Environment,1.0,YES,"Warm, encouraging tone; mistakes treated as learning opportunities.",0.55,BORDERLINE,strict,False,Lesson-01,sw
6,C,C8,"Modeling, Scaffolding & Problem-Solving",0.0,NO,I Do -> We Do -> You Do scaffolding visible. Problem-solving and creativity modeled with clear strategies.,0.72,BORDERLINE,strict,False,Lesson-01,sw
6,C,C9,Collaborative Learning,0.0,NO,Purposeful pair/group tasks with clear roles. Students work towards synthesized solutions.,0.83,BORDERLINE,strict,False,Lesson-01,sw
6,C,C10,Integration of Taleemabad Technology,0.0,NO,Taleemabad videos/apps used to support learning objectives.,0.95,CLEAR,strict,False,Lesson-01,sw
6,C,C11,Self & Peer Assessment Facilitation,0.0,NO,Self- and peer-assessment structured and purposeful. Students use rubrics to assess work.,0.71,BORDERLINE,strict,False,Lesson-01,sw
6,C,C12,Classroom Resources & Space for Collaboration,0.0,NO,Resources and space well-organized for collaborative tasks. Materials accessible.,0.88,CLEAR,strict,False,Lesson-01,sw
6,F,F1,Content Accuracy,0.0,NO,Content is accurate; no errors observed.,0.68,BORDERLINE,strict,False,Lesson-01,sw
6,F,F2,Use of Academic Language,1.0,YES,Key terms used accurately and explained to students.,0.58,BORDERLINE,strict,False,Lesson-01,sw
6,F,F3,Anticipation of Student Misconceptions,0.0,NO,Anticipates and addresses at least 1-2 common misconceptions.,0.56,BORDERLINE,strict,False,Lesson-01,sw
6,F,F4,Depth of Explanation,0.0,NO,Explains the 'why' behind procedures; uses multiple representations.,0.85,CLEAR,strict,False,Lesson-01,sw
6,F,F5,Subject-Specific Pedagogy: MATH,,,Uses concrete -> pictorial -> abstract (CPA) progression; manipulatives present.,0.95,CLEAR,strict,True,Lesson-01,sw
6,F,F6,Subject-Specific Pedagogy: SCIENCE,,,Hands-on activities present; students make predictions and observations.,0.95,CLEAR,strict,True,Lesson-01,sw
6,F,F7,Subject-Specific Pedagogy: LITERACY / LANGUAGE,0.0,NO,"Teacher models reading strategies (prediction, summarizing, questioning). Balanced approach.",0.76,BORDERLINE,strict,False,Lesson-01,sw
6,F,F8,Cross-Curricular Connections,0.0,NO,Meaningful connections made to at least one other subject area.,0.93,CLEAR,strict,False,Lesson-01,sw
7,D,D1,Active Participation Rate,1.0,YES,"50-75% actively participating (writing, discussing, solving).",0.62,BORDERLINE,strict,False,Lesson-01,sw
7,D,D2,Cognitive Engagement Level (Bloom's),0.0,NO,Students applying concepts to new problems (Bloom's Apply/Analyze).,0.63,BORDERLINE,strict,False,Lesson-01,sw
7,D,D3,Student-to-Student Interaction,0.0,NO,Students discuss content in pairs/groups; academic language used.,0.72,BORDERLINE,strict,False,Lesson-01,sw
7,D,D7,Inclusivity of Engagement,0.0,NO,Students across ability levels and genders are participating.,0.6,BORDERLINE,strict,False,Lesson-01,sw
7,B,B1,Instructional Clarity & Learning Objectives,1.0,YES,"Clear objective stated, referred to during lesson, linked to classroom activities.",0.72,BORDERLINE,strict,False,Lesson-01,sw
7,B,B3,Activities & Tasks Alignment,1.0,YES,Most activities directly support the learning objective.,0.85,CLEAR,strict,False,Lesson-01,sw
7,B,B4,Activation of Prior Knowledge,1.0,YES,Teacher connects new content to previously taught material.,0.7,BORDERLINE,strict,False,Lesson-01,sw
7,B,B5,Meaningful & Real-World Connections,0.0,NO,Content connected to students' lives or local context.,0.68,BORDERLINE,strict,False,Lesson-01,sw
7,B,B6,Differentiation / Catering to Learning Levels,0.0,NO,Tasks differentiated for at least 2 ability groups.,0.93,CLEAR,strict,False,Lesson-01,sw
7,B,B7,Use of Taleemabad Lesson Plan,0.0,NO,Plan followed with minor contextual adaptations.,0.72,BORDERLINE,strict,False,Lesson-01,sw
7,B,B8,Use of Prescribed Resources,0.0,NO,Key resources used as prescribed in lesson plan.,0.85,CLEAR,strict,False,Lesson-01,sw
7,B,B10,Lesson Closure & Consolidation,0.0,NO,"Structured closure: recap key points, check understanding.",0.8,BORDERLINE,strict,False,Lesson-01,sw
7,C,C1,Quality Questioning (Bloom's Aligned),0.0,NO,Purposeful mix including application & analysis questions. Open-ended questions dominate. Wait time given.,0.82,BORDERLINE,strict,False,Lesson-01,sw
7,C,C2,Responsive Re-explanation & Adaptive Teaching,0.0,NO,"Uses alternative representations (visual, concrete, analogy). Adjusts teaching to student level.",0.79,BORDERLINE,strict,False,Lesson-01,sw
7,C,C3,Effective Feedback,0.0,NO,Specific feedback on what was done well and what to improve. Actionable.,0.86,CLEAR,strict,False,Lesson-01,sw
7,C,C5,Student Agency & Voice,0.0,NO,Students make choices about how to demonstrate learning. Explore multiple perspectives.,0.88,CLEAR,strict,False,Lesson-01,sw
7,C,C7,Positive & Supportive Learning Environment,0.0,NO,"Warm, encouraging tone; mistakes treated as learning opportunities.",0.62,BORDERLINE,strict,False,Lesson-01,sw
7,C,C8,"Modeling, Scaffolding & Problem-Solving",0.0,NO,I Do -> We Do -> You Do scaffolding visible. Problem-solving and creativity modeled with clear strategies.,0.72,BORDERLINE,strict,False,Lesson-01,sw
7,C,C9,Collaborative Learning,0.0,NO,Purposeful pair/group tasks with clear roles. Students work towards synthesized solutions.,0.8,BORDERLINE,strict,False,Lesson-01,sw
7,C,C10,Integration of Taleemabad Technology,0.0,NO,Taleemabad videos/apps used to support learning objectives.,0.95,CLEAR,strict,False,Lesson-01,sw
7,C,C11,Self & Peer Assessment Facilitation,0.0,NO,Self- and peer-assessment structured and purposeful. Students use rubrics to assess work.,0.72,BORDERLINE,strict,False,Lesson-01,sw
7,C,C12,Classroom Resources & Space for Collaboration,0.0,NO,Resources and space well-organized for collaborative tasks. Materials accessible.,0.76,BORDERLINE,strict,False,Lesson-01,sw
7,F,F1,Content Accuracy,0.0,NO,Content is accurate; no errors observed.,0.73,BORDERLINE,strict,False,Lesson-01,sw
7,F,F2,Use of Academic Language,1.0,YES,Key terms used accurately and explained to students.,0.56,BORDERLINE,strict,False,Lesson-01,sw
7,F,F3,Anticipation of Student Misconceptions,0.0,NO,Anticipates and addresses at least 1-2 common misconceptions.,0.57,BORDERLINE,strict,False,Lesson-01,sw
7,F,F4,Depth of Explanation,0.0,NO,Explains the 'why' behind procedures; uses multiple representations.,0.86,CLEAR,strict,False,Lesson-01,sw
7,F,F5,Subject-Specific Pedagogy: MATH,,,Uses concrete -> pictorial -> abstract (CPA) progression; manipulatives present.,0.95,CLEAR,strict,True,Lesson-01,sw
7,F,F6,Subject-Specific Pedagogy: SCIENCE,,,Hands-on activities present; students make predictions and observations.,0.95,CLEAR,strict,True,Lesson-01,sw
7,F,F7,Subject-Specific Pedagogy: LITERACY / LANGUAGE,0.0,NO,"Teacher models reading strategies (prediction, summarizing, questioning). Balanced approach.",0.82,BORDERLINE,strict,False,Lesson-01,sw
7,F,F8,Cross-Curricular Connections,0.0,NO,Meaningful connections made to at least one other subject area.,0.93,CLEAR,strict,False,Lesson-01,sw
8,B,B1,Instructional Clarity & Learning Objectives,1.0,YES,"Clear objective stated, referred to during lesson, linked to classroom activities.",0.68,BORDERLINE,strict,False,Lesson-01,sw
8,B,B3,Activities & Tasks Alignment,1.0,YES,Most activities directly support the learning objective.,0.82,BORDERLINE,strict,False,Lesson-01,sw
8,B,B4,Activation of Prior Knowledge,1.0,YES,Teacher connects new content to previously taught material.,0.6,BORDERLINE,strict,False,Lesson-01,sw
8,B,B5,Meaningful & Real-World Connections,0.0,NO,Content connected to students' lives or local context.,0.66,BORDERLINE,strict,False,Lesson-01,sw
8,B,B6,Differentiation / Catering to Learning Levels,0.0,NO,Tasks differentiated for at least 2 ability groups.,0.9,CLEAR,strict,False,Lesson-01,sw
8,B,B7,Use of Taleemabad Lesson Plan,0.0,NO,Plan followed with minor contextual adaptations.,0.72,BORDERLINE,strict,False,Lesson-01,sw
8,B,B8,Use of Prescribed Resources,0.0,NO,Key resources used as prescribed in lesson plan.,0.82,BORDERLINE,strict,False,Lesson-01,sw
8,B,B10,Lesson Closure & Consolidation,0.0,NO,"Structured closure: recap key points, check understanding.",0.83,BORDERLINE,strict,False,Lesson-01,sw
8,D,D1,Active Participation Rate,1.0,YES,"50-75% actively participating (writing, discussing, solving).",0.63,BORDERLINE,strict,False,Lesson-01,sw
8,D,D2,Cognitive Engagement Level (Bloom's),1.0,YES,Students applying concepts to new problems (Bloom's Apply/Analyze).,0.55,BORDERLINE,strict,False,Lesson-01,sw
8,D,D3,Student-to-Student Interaction,0.0,NO,Students discuss content in pairs/groups; academic language used.,0.68,BORDERLINE,strict,False,Lesson-01,sw
8,D,D7,Inclusivity of Engagement,1.0,YES,Students across ability levels and genders are participating.,0.6,BORDERLINE,strict,False,Lesson-01,sw
8,F,F1,Content Accuracy,0.0,NO,Content is accurate; no errors observed.,0.58,BORDERLINE,strict,False,Lesson-01,sw
8,F,F2,Use of Academic Language,1.0,YES,Key terms used accurately and explained to students.,0.6,BORDERLINE,strict,False,Lesson-01,sw
8,F,F3,Anticipation of Student Misconceptions,0.0,NO,Anticipates and addresses at least 1-2 common misconceptions.,0.55,BORDERLINE,strict,False,Lesson-01,sw
8,F,F4,Depth of Explanation,0.0,NO,Explains the 'why' behind procedures; uses multiple representations.,0.86,CLEAR,strict,False,Lesson-01,sw
8,F,F5,Subject-Specific Pedagogy: MATH,,,Uses concrete -> pictorial -> abstract (CPA) progression; manipulatives present.,0.95,CLEAR,strict,True,Lesson-01,sw
8,F,F6,Subject-Specific Pedagogy: SCIENCE,,,Hands-on activities present; students make predictions and observations.,0.95,CLEAR,strict,True,Lesson-01,sw
8,F,F7,Subject-Specific Pedagogy: LITERACY / LANGUAGE,0.0,NO,"Teacher models reading strategies (prediction, summarizing, questioning). Balanced approach.",0.72,BORDERLINE,strict,False,Lesson-01,sw
8,F,F8,Cross-Curricular Connections,0.0,NO,Meaningful connections made to at least one other subject area.,0.93,CLEAR,strict,False,Lesson-01,sw
8,C,C1,Quality Questioning (Bloom's Aligned),0.0,NO,Purposeful mix including application & analysis questions. Open-ended questions dominate. Wait time given.,0.72,BORDERLINE,strict,False,Lesson-01,sw
8,C,C2,Responsive Re-explanation & Adaptive Teaching,0.0,NO,"Uses alternative representations (visual, concrete, analogy). Adjusts teaching to student level.",0.7,BORDERLINE,strict,False,Lesson-01,sw
8,C,C3,Effective Feedback,0.0,NO,Specific feedback on what was done well and what to improve. Actionable.,0.88,CLEAR,strict,False,Lesson-01,sw
8,C,C5,Student Agency & Voice,0.0,NO,Students make choices about how to demonstrate learning. Explore multiple perspectives.,0.8,BORDERLINE,strict,False,Lesson-01,sw
8,C,C7,Positive & Supportive Learning Environment,1.0,YES,"Warm, encouraging tone; mistakes treated as learning opportunities.",0.54,BORDERLINE,strict,False,Lesson-01,sw
8,C,C8,"Modeling, Scaffolding & Problem-Solving",0.0,NO,I Do -> We Do -> You Do scaffolding visible. Problem-solving and creativity modeled with clear strategies.,0.66,BORDERLINE,strict,False,Lesson-01,sw
8,C,C9,Collaborative Learning,0.0,NO,Purposeful pair/group tasks with clear roles. Students work towards synthesized solutions.,0.82,BORDERLINE,strict,False,Lesson-01,sw
8,C,C10,Integration of Taleemabad Technology,0.0,NO,Taleemabad videos/apps used to support learning objectives.,0.95,CLEAR,strict,False,Lesson-01,sw
8,C,C11,Self & Peer Assessment Facilitation,0.0,NO,Self- and peer-assessment structured and purposeful. Students use rubrics to assess work.,0.72,BORDERLINE,strict,False,Lesson-01,sw
8,C,C12,Classroom Resources & Space for Collaboration,0.0,NO,Resources and space well-organized for collaborative tasks. Materials accessible.,0.85,CLEAR,strict,False,Lesson-01,sw
9,B,B1,Instructional Clarity & Learning Objectives,1.0,YES,"Clear objective stated, referred to during lesson, linked to classroom activities.",0.72,BORDERLINE,strict,False,Lesson-01,sw
9,B,B3,Activities & Tasks Alignment,1.0,YES,Most activities directly support the learning objective.,0.86,CLEAR,strict,False,Lesson-01,sw
9,B,B4,Activation of Prior Knowledge,1.0,YES,Teacher connects new content to previously taught material.,0.63,BORDERLINE,strict,False,Lesson-01,sw
9,B,B5,Meaningful & Real-World Connections,0.0,NO,Content connected to students' lives or local context.,0.66,BORDERLINE,strict,False,Lesson-01,sw
9,B,B6,Differentiation / Catering to Learning Levels,0.0,NO,Tasks differentiated for at least 2 ability groups.,0.92,CLEAR,strict,False,Lesson-01,sw
9,B,B7,Use of Taleemabad Lesson Plan,0.0,NO,Plan followed with minor contextual adaptations.,0.72,BORDERLINE,strict,False,Lesson-01,sw
9,B,B8,Use of Prescribed Resources,0.0,NO,Key resources used as prescribed in lesson plan.,0.83,BORDERLINE,strict,False,Lesson-01,sw
9,B,B10,Lesson Closure & Consolidation,0.0,NO,"Structured closure: recap key points, check understanding.",0.79,BORDERLINE,strict,False,Lesson-01,sw
9,C,C1,Quality Questioning (Bloom's Aligned),0.0,NO,Purposeful mix including application & analysis questions. Open-ended questions dominate. Wait time given.,0.71,BORDERLINE,strict,False,Lesson-01,sw
9,C,C2,Responsive Re-explanation & Adaptive Teaching,0.0,NO,"Uses alternative representations (visual, concrete, analogy). Adjusts teaching to student level.",0.66,BORDERLINE,strict,False,Lesson-01,sw
9,C,C3,Effective Feedback,0.0,NO,Specific feedback on what was done well and what to improve. Actionable.,0.85,CLEAR,strict,False,Lesson-01,sw
9,C,C5,Student Agency & Voice,0.0,NO,Students make choices about how to demonstrate learning. Explore multiple perspectives.,0.82,BORDERLINE,strict,False,Lesson-01,sw
9,C,C7,Positive & Supportive Learning Environment,0.0,NO,"Warm, encouraging tone; mistakes treated as learning opportunities.",0.55,BORDERLINE,strict,False,Lesson-01,sw
9,C,C8,"Modeling, Scaffolding & Problem-Solving",0.0,NO,I Do -> We Do -> You Do scaffolding visible. Problem-solving and creativity modeled with clear strategies.,0.74,BORDERLINE,strict,False,Lesson-01,sw
9,C,C9,Collaborative Learning,0.0,NO,Purposeful pair/group tasks with clear roles. Students work towards synthesized solutions.,0.8,BORDERLINE,strict,False,Lesson-01,sw
9,C,C10,Integration of Taleemabad Technology,0.0,NO,Taleemabad videos/apps used to support learning objectives.,0.95,CLEAR,strict,False,Lesson-01,sw
9,C,C11,Self & Peer Assessment Facilitation,0.0,NO,Self- and peer-assessment structured and purposeful. Students use rubrics to assess work.,0.7,BORDERLINE,strict,False,Lesson-01,sw
9,C,C12,Classroom Resources & Space for Collaboration,0.0,NO,Resources and space well-organized for collaborative tasks. Materials accessible.,0.77,BORDERLINE,strict,False,Lesson-01,sw
9,D,D1,Active Participation Rate,1.0,YES,"50-75% actively participating (writing, discussing, solving).",0.63,BORDERLINE,strict,False,Lesson-01,sw
9,D,D2,Cognitive Engagement Level (Bloom's),1.0,YES,Students applying concepts to new problems (Bloom's Apply/Analyze).,0.55,BORDERLINE,strict,False,Lesson-01,sw
9,D,D3,Student-to-Student Interaction,0.0,NO,Students discuss content in pairs/groups; academic language used.,0.79,BORDERLINE,strict,False,Lesson-01,sw
9,D,D7,Inclusivity of Engagement,1.0,YES,Students across ability levels and genders are participating.,0.66,BORDERLINE,strict,False,Lesson-01,sw
9,F,F1,Content Accuracy,0.0,NO,Content is accurate; no errors observed.,0.72,BORDERLINE,strict,False,Lesson-01,sw
9,F,F2,Use of Academic Language,1.0,YES,Key terms used accurately and explained to students.,0.6,BORDERLINE,strict,False,Lesson-01,sw
9,F,F3,Anticipation of Student Misconceptions,0.0,NO,Anticipates and addresses at least 1-2 common misconceptions.,0.56,BORDERLINE,strict,False,Lesson-01,sw
9,F,F4,Depth of Explanation,0.0,NO,Explains the 'why' behind procedures; uses multiple representations.,0.87,CLEAR,strict,False,Lesson-01,sw
9,F,F5,Subject-Specific Pedagogy: MATH,,,Uses concrete -> pictorial -> abstract (CPA) progression; manipulatives present.,0.95,CLEAR,strict,True,Lesson-01,sw
9,F,F6,Subject-Specific Pedagogy: SCIENCE,,,Hands-on activities present; students make predictions and observations.,0.95,CLEAR,strict,True,Lesson-01,sw
9,F,F7,Subject-Specific Pedagogy: LITERACY / LANGUAGE,0.0,NO,"Teacher models reading strategies (prediction, summarizing, questioning). Balanced approach.",0.76,BORDERLINE,strict,False,Lesson-01,sw
9,F,F8,Cross-Curricular Connections,0.0,NO,Meaningful connections made to at least one other subject area.,0.93,CLEAR,strict,False,Lesson-01,sw
0,C,C1,Quality Questioning (Bloom's Aligned),0.0,NO,Purposeful mix including application & analysis questions. Open-ended questions dominate. Wait time given.,0.96,CLEAR,strict,False,Lesson-02,ur
0,C,C2,Responsive Re-explanation & Adaptive Teaching,0.0,NO,"Uses alternative representations (visual, concrete, analogy). Adjusts teaching to student level.",0.72,BORDERLINE,strict,False,Lesson-02,ur
0,C,C3,Effective Feedback,0.0,NO,Specific feedback on what was done well and what to improve. Actionable.,0.93,CLEAR,strict,False,Lesson-02,ur
0,C,C5,Student Agency & Voice,0.0,NO,Students make choices about how to demonstrate learning. Explore multiple perspectives.,0.9,CLEAR,strict,False,Lesson-02,ur
0,C,C7,Positive & Supportive Learning Environment,1.0,YES,"Warm, encouraging tone; mistakes treated as learning opportunities.",0.72,BORDERLINE,strict,False,Lesson-02,ur
0,C,C8,"Modeling, Scaffolding & Problem-Solving",0.0,NO,I Do -> We Do -> You Do scaffolding visible. Problem-solving and creativity modeled with clear strategies.,0.63,BORDERLINE,strict,False,Lesson-02,ur
0,C,C9,Collaborative Learning,0.0,NO,Purposeful pair/group tasks with clear roles. Students work towards synthesized solutions.,0.6,BORDERLINE,strict,False,Lesson-02,ur
0,C,C10,Integration of Taleemabad Technology,0.0,NO,Taleemabad videos/apps used to support learning objectives.,0.88,CLEAR,strict,False,Lesson-02,ur
0,C,C11,Self & Peer Assessment Facilitation,0.0,NO,Self- and peer-assessment structured and purposeful. Students use rubrics to assess work.,0.66,BORDERLINE,strict,False,Lesson-02,ur
0,C,C12,Classroom Resources & Space for Collaboration,0.0,NO,Resources and space well-organized for collaborative tasks. Materials accessible.,0.7,BORDERLINE,strict,False,Lesson-02,ur
0,D,D1,Active Participation Rate,1.0,YES,"50-75% actively participating (writing, discussing, solving).",0.78,BORDERLINE,strict,False,Lesson-02,ur
0,D,D2,Cognitive Engagement Level (Bloom's),0.0,NO,Students applying concepts to new problems (Bloom's Apply/Analyze).,0.9,CLEAR,strict,False,Lesson-02,ur
0,D,D3,Student-to-Student Interaction,1.0,YES,Students discuss content in pairs/groups; academic language used.,0.58,BORDERLINE,strict,False,Lesson-02,ur
0,D,D7,Inclusivity of Engagement,1.0,YES,Students across ability levels and genders are participating.,0.66,BORDERLINE,strict,False,Lesson-02,ur
0,B,B1,Instructional Clarity & Learning Objectives,0.0,NO,"Clear objective stated, referred to during lesson, linked to classroom activities.",0.85,CLEAR,strict,False,Lesson-02,ur
0,B,B3,Activities & Tasks Alignment,1.0,YES,Most activities directly support the learning objective.,0.63,BORDERLINE,strict,False,Lesson-02,ur
0,B,B4,Activation of Prior Knowledge,1.0,YES,Teacher connects new content to previously taught material.,0.9,CLEAR,strict,False,Lesson-02,ur
0,B,B5,Meaningful & Real-World Connections,1.0,YES,Content connected to students' lives or local context.,0.84,BORDERLINE,strict,False,Lesson-02,ur
0,B,B6,Differentiation / Catering to Learning Levels,0.0,NO,Tasks differentiated for at least 2 ability groups.,0.57,BORDERLINE,strict,False,Lesson-02,ur
0,B,B7,Use of Taleemabad Lesson Plan,0.0,NO,Plan followed with minor contextual adaptations.,0.56,BORDERLINE,strict,False,Lesson-02,ur
0,B,B8,Use of Prescribed Resources,0.0,NO,Key resources used as prescribed in lesson plan.,0.58,BORDERLINE,strict,False,Lesson-02,ur
0,B,B10,Lesson Closure & Consolidation,1.0,YES,"Structured closure: recap key points, check understanding.",0.68,BORDERLINE,strict,False,Lesson-02,ur
0,F,F1,Content Accuracy,0.0,NO,Content is accurate; no errors observed.,0.66,BORDERLINE,strict,False,Lesson-02,ur
0,F,F2,Use of Academic Language,1.0,YES,Key terms used accurately and explained to students.,0.58,BORDERLINE,strict,False,Lesson-02,ur
0,F,F3,Anticipation of Student Misconceptions,1.0,YES,Anticipates and addresses at least 1-2 common misconceptions.,0.55,BORDERLINE,strict,False,Lesson-02,ur
0,F,F4,Depth of Explanation,0.0,NO,Explains the 'why' behind procedures; uses multiple representations.,0.63,BORDERLINE,strict,False,Lesson-02,ur
0,F,F5,Subject-Specific Pedagogy: MATH,,,Uses concrete -> pictorial -> abstract (CPA) progression; manipulatives present.,0.97,CLEAR,strict,True,Lesson-02,ur
0,F,F6,Subject-Specific Pedagogy: SCIENCE,,,Hands-on activities present; students make predictions and observations.,0.97,CLEAR,strict,True,Lesson-02,ur
0,F,F7,Subject-Specific Pedagogy: LITERACY / LANGUAGE,0.0,NO,"Teacher models reading strategies (prediction, summarizing, questioning). Balanced approach.",0.55,BORDERLINE,strict,False,Lesson-02,ur
0,F,F8,Cross-Curricular Connections,0.0,NO,Meaningful connections made to at least one other subject area.,0.72,BORDERLINE,strict,False,Lesson-02,ur
1,B,B1,Instructional Clarity & Learning Objectives,0.0,NO,"Clear objective stated, referred to during lesson, linked to classroom activities.",0.87,CLEAR,strict,False,Lesson-02,ur
1,B,B3,Activities & Tasks Alignment,1.0,YES,Most activities directly support the learning objective.,0.7,BORDERLINE,strict,False,Lesson-02,ur
1,B,B4,Activation of Prior Knowledge,1.0,YES,Teacher connects new content to previously taught material.,0.82,BORDERLINE,strict,False,Lesson-02,ur
1,B,B5,Meaningful & Real-World Connections,1.0,YES,Content connected to students' lives or local context.,0.74,BORDERLINE,strict,False,Lesson-02,ur
1,B,B6,Differentiation / Catering to Learning Levels,0.0,NO,Tasks differentiated for at least 2 ability groups.,0.72,BORDERLINE,strict,False,Lesson-02,ur
1,B,B7,Use of Taleemabad Lesson Plan,0.0,NO,Plan followed with minor contextual adaptations.,0.62,BORDERLINE,strict,False,Lesson-02,ur
1,B,B8,Use of Prescribed Resources,0.0,NO,Key resources used as prescribed in lesson plan.,0.66,BORDERLINE,strict,False,Lesson-02,ur
1,B,B10,Lesson Closure & Consolidation,1.0,YES,"Structured closure: recap key points, check understanding.",0.6,BORDERLINE,strict,False,Lesson-02,ur
1,C,C1,Quality Questioning (Bloom's Aligned),0.0,NO,Purposeful mix including application & analysis questions. Open-ended questions dominate. Wait time given.,0.95,CLEAR,strict,False,Lesson-02,ur
1,C,C2,Responsive Re-explanation & Adaptive Teaching,0.0,NO,"Uses alternative representations (visual, concrete, analogy). Adjusts teaching to student level.",0.7,BORDERLINE,strict,False,Lesson-02,ur
1,C,C3,Effective Feedback,0.0,NO,Specific feedback on what was done well and what to improve. Actionable.,0.93,CLEAR,strict,False,Lesson-02,ur
1,C,C5,Student Agency & Voice,0.0,NO,Students make choices about how to demonstrate learning. Explore multiple perspectives.,0.82,BORDERLINE,strict,False,Lesson-02,ur
1,C,C7,Positive & Supportive Learning Environment,1.0,YES,"Warm, encouraging tone; mistakes treated as learning opportunities.",0.72,BORDERLINE,strict,False,Lesson-02,ur
1,C,C8,"Modeling, Scaffolding & Problem-Solving",0.0,NO,I Do -> We Do -> You Do scaffolding visible. Problem-solving and creativity modeled with clear strategies.,0.62,BORDERLINE,strict,False,Lesson-02,ur
1,C,C9,Collaborative Learning,0.0,NO,Purposeful pair/group tasks with clear roles. Students work towards synthesized solutions.,0.68,BORDERLINE,strict,False,Lesson-02,ur
1,C,C10,Integration of Taleemabad Technology,0.0,NO,Taleemabad videos/apps used to support learning objectives.,0.9,CLEAR,strict,False,Lesson-02,ur
1,C,C11,Self & Peer Assessment Facilitation,0.0,NO,Self- and peer-assessment structured and purposeful. Students use rubrics to assess work.,0.7,BORDERLINE,strict,False,Lesson-02,ur
1,C,C12,Classroom Resources & Space for Collaboration,0.0,NO,Resources and space well-organized for collaborative tasks. Materials accessible.,0.66,BORDERLINE,strict,False,Lesson-02,ur
1,D,D1,Active Participation Rate,1.0,YES,"50-75% actively participating (writing, discussing, solving).",0.72,BORDERLINE,strict,False,Lesson-02,ur
1,D,D2,Cognitive Engagement Level (Bloom's),0.0,NO,Students applying concepts to new problems (Bloom's Apply/Analyze).,0.9,CLEAR,strict,False,Lesson-02,ur
1,D,D3,Student-to-Student Interaction,1.0,YES,Students discuss content in pairs/groups; academic language used.,0.58,BORDERLINE,strict,False,Lesson-02,ur
1,D,D7,Inclusivity of Engagement,1.0,YES,Students across ability levels and genders are participating.,0.62,BORDERLINE,strict,False,Lesson-02,ur
1,F,F1,Content Accuracy,0.0,NO,Content is accurate; no errors observed.,0.58,BORDERLINE,strict,False,Lesson-02,ur
1,F,F2,Use of Academic Language,1.0,YES,Key terms used accurately and explained to students.,0.58,BORDERLINE,strict,False,Lesson-02,ur
1,F,F3,Anticipation of Student Misconceptions,0.0,NO,Anticipates and addresses at least 1-2 common misconceptions.,0.57,BORDERLINE,strict,False,Lesson-02,ur
1,F,F4,Depth of Explanation,0.0,NO,Explains the 'why' behind procedures; uses multiple representations.,0.6,BORDERLINE,strict,False,Lesson-02,ur
1,F,F5,Subject-Specific Pedagogy: MATH,,,Uses concrete -> pictorial -> abstract (CPA) progression; manipulatives present.,0.96,CLEAR,strict,True,Lesson-02,ur
1,F,F6,Subject-Specific Pedagogy: SCIENCE,,,Hands-on activities present; students make predictions and observations.,0.96,CLEAR,strict,True,Lesson-02,ur
1,F,F7,Subject-Specific Pedagogy: LITERACY / LANGUAGE,1.0,YES,"Teacher models reading strategies (prediction, summarizing, questioning). Balanced approach.",0.57,BORDERLINE,strict,False,Lesson-02,ur
1,F,F8,Cross-Curricular Connections,0.0,NO,Meaningful connections made to at least one other subject area.,0.76,BORDERLINE,strict,False,Lesson-02,ur
2,B,B1,Instructional Clarity & Learning Objectives,0.0,NO,"Clear objective stated, referred to during lesson, linked to classroom activities.",0.87,CLEAR,strict,False,Lesson-02,ur
2,B,B3,Activities & Tasks Alignment,1.0,YES,Most activities directly support the learning objective.,0.7,BORDERLINE,strict,False,Lesson-02,ur
2,B,B4,Activation of Prior Knowledge,1.0,YES,Teacher connects new content to previously taught material.,0.83,BORDERLINE,strict,False,Lesson-02,ur
2,B,B5,Meaningful & Real-World Connections,1.0,YES,Content connected to students' lives or local context.,0.72,BORDERLINE,strict,False,Lesson-02,ur
2,B,B6,Differentiation / Catering to Learning Levels,0.0,NO,Tasks differentiated for at least 2 ability groups.,0.62,BORDERLINE,strict,False,Lesson-02,ur
2,B,B7,Use of Taleemabad Lesson Plan,0.0,NO,Plan followed with minor contextual adaptations.,0.6,BORDERLINE,strict,False,Lesson-02,ur
2,B,B8,Use of Prescribed Resources,0.0,NO,Key resources used as prescribed in lesson plan.,0.66,BORDERLINE,strict,False,Lesson-02,ur
2,B,B10,Lesson Closure & Consolidation,1.0,YES,"Structured closure: recap key points, check understanding.",0.55,BORDERLINE,strict,False,Lesson-02,ur
2,C,C1,Quality Questioning (Bloom's Aligned),0.0,NO,Purposeful mix including application & analysis questions. Open-ended questions dominate. Wait time given.,0.95,CLEAR,strict,False,Lesson-02,ur
2,C,C2,Responsive Re-explanation & Adaptive Teaching,0.0,NO,"Uses alternative representations (visual, concrete, analogy). Adjusts teaching to student level.",0.72,BORDERLINE,strict,False,Lesson-02,ur
2,C,C3,Effective Feedback,0.0,NO,Specific feedback on what was done well and what to improve. Actionable.,0.9,CLEAR,strict,False,Lesson-02,ur
2,C,C5,Student Agency & Voice,0.0,NO,Students make choices about how to demonstrate learning. Explore multiple perspectives.,0.82,BORDERLINE,strict,False,Lesson-02,ur
2,C,C7,Positive & Supportive Learning Environment,1.0,YES,"Warm, encouraging tone; mistakes treated as learning opportunities.",0.76,BORDERLINE,strict,False,Lesson-02,ur
2,C,C8,"Modeling, Scaffolding & Problem-Solving",0.0,NO,I Do -> We Do -> You Do scaffolding visible. Problem-solving and creativity modeled with clear strategies.,0.62,BORDERLINE,strict,False,Lesson-02,ur
2,C,C9,Collaborative Learning,0.0,NO,Purposeful pair/group tasks with clear roles. Students work towards synthesized solutions.,0.7,BORDERLINE,strict,False,Lesson-02,ur
2,C,C10,Integration of Taleemabad Technology,0.0,NO,Taleemabad videos/apps used to support learning objectives.,0.9,CLEAR,strict,False,Lesson-02,ur
2,C,C11,Self & Peer Assessment Facilitation,0.0,NO,Self- and peer-assessment structured and purposeful. Students use rubrics to assess work.,0.68,BORDERLINE,strict,False,Lesson-02,ur
2,C,C12,Classroom Resources & Space for Collaboration,0.0,NO,Resources and space well-organized for collaborative tasks. Materials accessible.,0.66,BORDERLINE,strict,False,Lesson-02,ur
2,D,D1,Active Participation Rate,1.0,YES,"50-75% actively participating (writing, discussing, solving).",0.73,BORDERLINE,strict,False,Lesson-02,ur
2,D,D2,Cognitive Engagement Level (Bloom's),0.0,NO,Students applying concepts to new problems (Bloom's Apply/Analyze).,0.93,CLEAR,strict,False,Lesson-02,ur
2,D,D3,Student-to-Student Interaction,1.0,YES,Students discuss content in pairs/groups; academic language used.,0.55,BORDERLINE,strict,False,Lesson-02,ur
2,D,D7,Inclusivity of Engagement,1.0,YES,Students across ability levels and genders are participating.,0.74,BORDERLINE,strict,False,Lesson-02,ur
2,F,F1,Content Accuracy,0.0,NO,Content is accurate; no errors observed.,0.6,BORDERLINE,strict,False,Lesson-02,ur
2,F,F2,Use of Academic Language,1.0,YES,Key terms used accurately and explained to students.,0.56,BORDERLINE,strict,False,Lesson-02,ur
2,F,F3,Anticipation of Student Misconceptions,0.0,NO,Anticipates and addresses at least 1-2 common misconceptions.,0.6,BORDERLINE,strict,False,Lesson-02,ur
2,F,F4,Depth of Explanation,0.0,NO,Explains the 'why' behind procedures; uses multiple representations.,0.58,BORDERLINE,strict,False,Lesson-02,ur
2,F,F5,Subject-Specific Pedagogy: MATH,,,Uses concrete -> pictorial -> abstract (CPA) progression; manipulatives present.,0.97,CLEAR,strict,True,Lesson-02,ur
2,F,F6,Subject-Specific Pedagogy: SCIENCE,,,Hands-on activities present; students make predictions and observations.,0.97,CLEAR,strict,True,Lesson-02,ur
2,F,F7,Subject-Specific Pedagogy: LITERACY / LANGUAGE,1.0,YES,"Teacher models reading strategies (prediction, summarizing, questioning). Balanced approach.",0.6,BORDERLINE,strict,False,Lesson-02,ur
2,F,F8,Cross-Curricular Connections,0.0,NO,Meaningful connections made to at least one other subject area.,0.87,CLEAR,strict,False,Lesson-02,ur
3,C,C1,Quality Questioning (Bloom's Aligned),0.0,NO,Purposeful mix including application & analysis questions. Open-ended questions dominate. Wait time given.,0.95,CLEAR,strict,False,Lesson-02,ur
3,C,C2,Responsive Re-explanation & Adaptive Teaching,0.0,NO,"Uses alternative representations (visual, concrete, analogy). Adjusts teaching to student level.",0.7,BORDERLINE,strict,False,Lesson-02,ur
3,C,C3,Effective Feedback,0.0,NO,Specific feedback on what was done well and what to improve. Actionable.,0.92,CLEAR,strict,False,Lesson-02,ur
3,C,C5,Student Agency & Voice,0.0,NO,Students make choices about how to demonstrate learning. Explore multiple perspectives.,0.85,CLEAR,strict,False,Lesson-02,ur
3,C,C7,Positive & Supportive Learning Environment,1.0,YES,"Warm, encouraging tone; mistakes treated as learning opportunities.",0.72,BORDERLINE,strict,False,Lesson-02,ur
3,C,C8,"Modeling, Scaffolding & Problem-Solving",0.0,NO,I Do -> We Do -> You Do scaffolding visible. Problem-solving and creativity modeled with clear strategies.,0.6,BORDERLINE,strict,False,Lesson-02,ur
3,C,C9,Collaborative Learning,0.0,NO,Purposeful pair/group tasks with clear roles. Students work towards synthesized solutions.,0.62,BORDERLINE,strict,False,Lesson-02,ur
3,C,C10,Integration of Taleemabad Technology,0.0,NO,Taleemabad videos/apps used to support learning objectives.,0.9,CLEAR,strict,False,Lesson-02,ur
3,C,C11,Self & Peer Assessment Facilitation,0.0,NO,Self- and peer-assessment structured and purposeful. Students use rubrics to assess work.,0.6,BORDERLINE,strict,False,Lesson-02,ur
3,C,C12,Classroom Resources & Space for Collaboration,0.0,NO,Resources and space well-organized for collaborative tasks. Materials accessible.,0.68,BORDERLINE,strict,False,Lesson-02,ur
3,D,D1,Active Participation Rate,1.0,YES,"50-75% actively participating (writing, discussing, solving).",0.72,BORDERLINE,strict,False,Lesson-02,ur
3,D,D2,Cognitive Engagement Level (Bloom's),0.0,NO,Students applying concepts to new problems (Bloom's Apply/Analyze).,0.94,CLEAR,strict,False,Lesson-02,ur
3,D,D3,Student-to-Student Interaction,1.0,YES,Students discuss content in pairs/groups; academic language used.,0.55,BORDERLINE,strict,False,Lesson-02,ur
3,D,D7,Inclusivity of Engagement,1.0,YES,Students across ability levels and genders are participating.,0.76,BORDERLINE,strict,False,Lesson-02,ur
3,B,B1,Instructional Clarity & Learning Objectives,0.0,NO,"Clear objective stated, referred to during lesson, linked to classroom activities.",0.83,BORDERLINE,strict,False,Lesson-02,ur
3,B,B3,Activities & Tasks Alignment,1.0,YES,Most activities directly support the learning objective.,0.6,BORDERLINE,strict,False,Lesson-02,ur
3,B,B4,Activation of Prior Knowledge,1.0,YES,Teacher connects new content to previously taught material.,0.93,CLEAR,strict,False,Lesson-02,ur
3,B,B5,Meaningful & Real-World Connections,1.0,YES,Content connected to students' lives or local context.,0.9,CLEAR,strict,False,Lesson-02,ur
3,B,B6,Differentiation / Catering to Learning Levels,0.0,NO,Tasks differentiated for at least 2 ability groups.,0.57,BORDERLINE,strict,False,Lesson-02,ur
3,B,B7,Use of Taleemabad Lesson Plan,0.0,NO,Plan followed with minor contextual adaptations.,0.62,BORDERLINE,strict,False,Lesson-02,ur
3,B,B8,Use of Prescribed Resources,0.0,NO,Key resources used as prescribed in lesson plan.,0.7,BORDERLINE,strict,False,Lesson-02,ur
3,B,B10,Lesson Closure & Consolidation,1.0,YES,"Structured closure: recap key points, check understanding.",0.61,BORDERLINE,strict,False,Lesson-02,ur
3,F,F1,Content Accuracy,0.0,NO,Content is accurate; no errors observed.,0.66,BORDERLINE,strict,False,Lesson-02,ur
3,F,F2,Use of Academic Language,1.0,YES,Key terms used accurately and explained to students.,0.6,BORDERLINE,strict,False,Lesson-02,ur
3,F,F3,Anticipation of Student Misconceptions,0.0,NO,Anticipates and addresses at least 1-2 common misconceptions.,0.56,BORDERLINE,strict,False,Lesson-02,ur
3,F,F4,Depth of Explanation,0.0,NO,Explains the 'why' behind procedures; uses multiple representations.,0.62,BORDERLINE,strict,False,Lesson-02,ur
3,F,F5,Subject-Specific Pedagogy: MATH,,,Uses concrete -> pictorial -> abstract (CPA) progression; manipulatives present.,0.95,CLEAR,strict,True,Lesson-02,ur
3,F,F6,Subject-Specific Pedagogy: SCIENCE,,,Hands-on activities present; students make predictions and observations.,0.95,CLEAR,strict,True,Lesson-02,ur
3,F,F7,Subject-Specific Pedagogy: LITERACY / LANGUAGE,1.0,YES,"Teacher models reading strategies (prediction, summarizing, questioning). Balanced approach.",0.55,BORDERLINE,strict,False,Lesson-02,ur
3,F,F8,Cross-Curricular Connections,0.0,NO,Meaningful connections made to at least one other subject area.,0.83,BORDERLINE,strict,False,Lesson-02,ur
4,B,B1,Instructional Clarity & Learning Objectives,0.0,NO,"Clear objective stated, referred to during lesson, linked to classroom activities.",0.86,CLEAR,strict,False,Lesson-02,ur
4,B,B3,Activities & Tasks Alignment,1.0,YES,Most activities directly support the learning objective.,0.7,BORDERLINE,strict,False,Lesson-02,ur
4,B,B4,Activation of Prior Knowledge,1.0,YES,Teacher connects new content to previously taught material.,0.87,CLEAR,strict,False,Lesson-02,ur
4,B,B5,Meaningful & Real-World Connections,1.0,YES,Content connected to students' lives or local context.,0.72,BORDERLINE,strict,False,Lesson-02,ur
4,B,B6,Differentiation / Catering to Learning Levels,0.0,NO,Tasks differentiated for at least 2 ability groups.,0.62,BORDERLINE,strict,False,Lesson-02,ur
4,B,B7,Use of Taleemabad Lesson Plan,0.0,NO,Plan followed with minor contextual adaptations.,0.62,BORDERLINE,strict,False,Lesson-02,ur
4,B,B8,Use of Prescribed Resources,0.0,NO,Key resources used as prescribed in lesson plan.,0.65,BORDERLINE,strict,False,Lesson-02,ur
4,B,B10,Lesson Closure & Consolidation,1.0,YES,"Structured closure: recap key points, check understanding.",0.58,BORDERLINE,strict,False,Lesson-02,ur
4,C,C1,Quality Questioning (Bloom's Aligned),0.0,NO,Purposeful mix including application & analysis questions. Open-ended questions dominate. Wait time given.,0.95,CLEAR,strict,False,Lesson-02,ur
4,C,C2,Responsive Re-explanation & Adaptive Teaching,0.0,NO,"Uses alternative representations (visual, concrete, analogy). Adjusts teaching to student level.",0.72,BORDERLINE,strict,False,Lesson-02,ur
4,C,C3,Effective Feedback,0.0,NO,Specific feedback on what was done well and what to improve. Actionable.,0.93,CLEAR,strict,False,Lesson-02,ur
4,C,C5,Student Agency & Voice,0.0,NO,Students make choices about how to demonstrate learning. Explore multiple perspectives.,0.83,BORDERLINE,strict,False,Lesson-02,ur
4,C,C7,Positive & Supportive Learning Environment,1.0,YES,"Warm, encouraging tone; mistakes treated as learning opportunities.",0.7,BORDERLINE,strict,False,Lesson-02,ur
4,C,C8,"Modeling, Scaffolding & Problem-Solving",0.0,NO,I Do -> We Do -> You Do scaffolding visible. Problem-solving and creativity modeled with clear strategies.,0.62,BORDERLINE,strict,False,Lesson-02,ur
4,C,C9,Collaborative Learning,0.0,NO,Purposeful pair/group tasks with clear roles. Students work towards synthesized solutions.,0.66,BORDERLINE,strict,False,Lesson-02,ur
4,C,C10,Integration of Taleemabad Technology,0.0,NO,Taleemabad videos/apps used to support learning objectives.,0.83,BORDERLINE,strict,False,Lesson-02,ur
4,C,C11,Self & Peer Assessment Facilitation,0.0,NO,Self- and peer-assessment structured and purposeful. Students use rubrics to assess work.,0.6,BORDERLINE,strict,False,Lesson-02,ur
4,C,C12,Classroom Resources & Space for Collaboration,0.0,NO,Resources and space well-organized for collaborative tasks. Materials accessible.,0.71,BORDERLINE,strict,False,Lesson-02,ur
4,D,D1,Active Participation Rate,1.0,YES,"50-75% actively participating (writing, discussing, solving).",0.62,BORDERLINE,strict,False,Lesson-02,ur
4,D,D2,Cognitive Engagement Level (Bloom's),0.0,NO,Students applying concepts to new problems (Bloom's Apply/Analyze).,0.93,CLEAR,strict,False,Lesson-02,ur
4,D,D3,Student-to-Student Interaction,1.0,YES,Students discuss content in pairs/groups; academic language used.,0.54,BORDERLINE,strict,False,Lesson-02,ur
4,D,D7,Inclusivity of Engagement,1.0,YES,Students across ability levels and genders are participating.,0.63,BORDERLINE,strict,False,Lesson-02,ur
4,F,F1,Content Accuracy,0.0,NO,Content is accurate; no errors observed.,0.62,BORDERLINE,strict,False,Lesson-02,ur
4,F,F2,Use of Academic Language,1.0,YES,Key terms used accurately and explained to students.,0.66,BORDERLINE,strict,False,Lesson-02,ur
4,F,F3,Anticipation of Student Misconceptions,1.0,YES,Anticipates and addresses at least 1-2 common misconceptions.,0.55,BORDERLINE,strict,False,Lesson-02,ur
4,F,F4,Depth of Explanation,0.0,NO,Explains the 'why' behind procedures; uses multiple representations.,0.63,BORDERLINE,strict,False,Lesson-02,ur
4,F,F5,Subject-Specific Pedagogy: MATH,,,Uses concrete -> pictorial -> abstract (CPA) progression; manipulatives present.,0.95,CLEAR,strict,True,Lesson-02,ur
4,F,F6,Subject-Specific Pedagogy: SCIENCE,,,Hands-on activities present; students make predictions and observations.,0.95,CLEAR,strict,True,Lesson-02,ur
4,F,F7,Subject-Specific Pedagogy: LITERACY / LANGUAGE,1.0,YES,"Teacher models reading strategies (prediction, summarizing, questioning). Balanced approach.",0.54,BORDERLINE,strict,False,Lesson-02,ur
4,F,F8,Cross-Curricular Connections,0.0,NO,Meaningful connections made to at least one other subject area.,0.79,BORDERLINE,strict,False,Lesson-02,ur
5,D,D1,Active Participation Rate,1.0,YES,"50-75% actively participating (writing, discussing, solving).",0.72,BORDERLINE,strict,False,Lesson-02,ur
5,D,D2,Cognitive Engagement Level (Bloom's),0.0,NO,Students applying concepts to new problems (Bloom's Apply/Analyze).,0.93,CLEAR,strict,False,Lesson-02,ur
5,D,D3,Student-to-Student Interaction,1.0,YES,Students discuss content in pairs/groups; academic language used.,0.58,BORDERLINE,strict,False,Lesson-02,ur
5,D,D7,Inclusivity of Engagement,0.0,NO,Students across ability levels and genders are participating.,0.62,BORDERLINE,strict,False,Lesson-02,ur
5,B,B1,Instructional Clarity & Learning Objectives,0.0,NO,"Clear objective stated, referred to during lesson, linked to classroom activities.",0.88,CLEAR,strict,False,Lesson-02,ur
5,B,B3,Activities & Tasks Alignment,1.0,YES,Most activities directly support the learning objective.,0.7,BORDERLINE,strict,False,Lesson-02,ur
5,B,B4,Activation of Prior Knowledge,1.0,YES,Teacher connects new content to previously taught material.,0.87,CLEAR,strict,False,Lesson-02,ur
5,B,B5,Meaningful & Real-World Connections,1.0,YES,Content connected to students' lives or local context.,0.72,BORDERLINE,strict,False,Lesson-02,ur
5,B,B6,Differentiation / Catering to Learning Levels,0.0,NO,Tasks differentiated for at least 2 ability groups.,0.68,BORDERLINE,strict,False,Lesson-02,ur
5,B,B7,Use of Taleemabad Lesson Plan,0.0,NO,Plan followed with minor contextual adaptations.,0.6,BORDERLINE,strict,False,Lesson-02,ur
5,B,B8,Use of Prescribed Resources,0.0,NO,Key resources used as prescribed in lesson plan.,0.65,BORDERLINE,strict,False,Lesson-02,ur
5,B,B10,Lesson Closure & Consolidation,1.0,YES,"Structured closure: recap key points, check understanding.",0.62,BORDERLINE,strict,False,Lesson-02,ur
5,C,C1,Quality Questioning (Bloom's Aligned),0.0,NO,Purposeful mix including application & analysis questions. Open-ended questions dominate. Wait time given.,0.95,CLEAR,strict,False,Lesson-02,ur
5,C,C2,Responsive Re-explanation & Adaptive Teaching,0.0,NO,"Uses alternative representations (visual, concrete, analogy). Adjusts teaching to student level.",0.72,BORDERLINE,strict,False,Lesson-02,ur
5,C,C3,Effective Feedback,0.0,NO,Specific feedback on what was done well and what to improve. Actionable.,0.93,CLEAR,strict,False,Lesson-02,ur
5,C,C5,Student Agency & Voice,0.0,NO,Students make choices about how to demonstrate learning. Explore multiple perspectives.,0.85,CLEAR,strict,False,Lesson-02,ur
5,C,C7,Positive & Supportive Learning Environment,1.0,YES,"Warm, encouraging tone; mistakes treated as learning opportunities.",0.72,BORDERLINE,strict,False,Lesson-02,ur
5,C,C8,"Modeling, Scaffolding & Problem-Solving",0.0,NO,I Do -> We Do -> You Do scaffolding visible. Problem-solving and creativity modeled with clear strategies.,0.66,BORDERLINE,strict,False,Lesson-02,ur
5,C,C9,Collaborative Learning,0.0,NO,Purposeful pair/group tasks with clear roles. Students work towards synthesized solutions.,0.74,BORDERLINE,strict,False,Lesson-02,ur
5,C,C10,Integration of Taleemabad Technology,0.0,NO,Taleemabad videos/apps used to support learning objectives.,0.9,CLEAR,strict,False,Lesson-02,ur
5,C,C11,Self & Peer Assessment Facilitation,0.0,NO,Self- and peer-assessment structured and purposeful. Students use rubrics to assess work.,0.63,BORDERLINE,strict,False,Lesson-02,ur
5,C,C12,Classroom Resources & Space for Collaboration,0.0,NO,Resources and space well-organized for collaborative tasks. Materials accessible.,0.68,BORDERLINE,strict,False,Lesson-02,ur
5,F,F1,Content Accuracy,1.0,YES,Content is accurate; no errors observed.,0.6,BORDERLINE,strict,False,Lesson-02,ur
5,F,F2,Use of Academic Language,1.0,YES,Key terms used accurately and explained to students.,0.63,BORDERLINE,strict,False,Lesson-02,ur
5,F,F3,Anticipation of Student Misconceptions,0.0,NO,Anticipates and addresses at least 1-2 common misconceptions.,0.56,BORDERLINE,strict,False,Lesson-02,ur
5,F,F4,Depth of Explanation,0.0,NO,Explains the 'why' behind procedures; uses multiple representations.,0.57,BORDERLINE,strict,False,Lesson-02,ur
5,F,F5,Subject-Specific Pedagogy: MATH,,,Uses concrete -> pictorial -> abstract (CPA) progression; manipulatives present.,0.95,CLEAR,strict,True,Lesson-02,ur
5,F,F6,Subject-Specific Pedagogy: SCIENCE,,,Hands-on activities present; students make predictions and observations.,0.95,CLEAR,strict,True,Lesson-02,ur
5,F,F7,Subject-Specific Pedagogy: LITERACY / LANGUAGE,1.0,YES,"Teacher models reading strategies (prediction, summarizing, questioning). Balanced approach.",0.63,BORDERLINE,strict,False,Lesson-02,ur
5,F,F8,Cross-Curricular Connections,0.0,NO,Meaningful connections made to at least one other subject area.,0.8,BORDERLINE,strict,False,Lesson-02,ur
6,B,B1,Instructional Clarity & Learning Objectives,0.0,NO,"Clear objective stated, referred to during lesson, linked to classroom activities.",0.83,BORDERLINE,strict,False,Lesson-02,ur
6,B,B3,Activities & Tasks Alignment,1.0,YES,Most activities directly support the learning objective.,0.7,BORDERLINE,strict,False,Lesson-02,ur
6,B,B4,Activation of Prior Knowledge,1.0,YES,Teacher connects new content to previously taught material.,0.86,CLEAR,strict,False,Lesson-02,ur
6,B,B5,Meaningful & Real-World Connections,1.0,YES,Content connected to students' lives or local context.,0.78,BORDERLINE,strict,False,Lesson-02,ur
6,B,B6,Differentiation / Catering to Learning Levels,0.0,NO,Tasks differentiated for at least 2 ability groups.,0.62,BORDERLINE,strict,False,Lesson-02,ur
6,B,B7,Use of Taleemabad Lesson Plan,0.0,NO,Plan followed with minor contextual adaptations.,0.6,BORDERLINE,strict,False,Lesson-02,ur
6,B,B8,Use of Prescribed Resources,0.0,NO,Key resources used as prescribed in lesson plan.,0.68,BORDERLINE,strict,False,Lesson-02,ur
6,B,B10,Lesson Closure & Consolidation,1.0,YES,"Structured closure: recap key points, check understanding.",0.61,BORDERLINE,strict,False,Lesson-02,ur
6,C,C1,Quality Questioning (Bloom's Aligned),0.0,NO,Purposeful mix including application & analysis questions. Open-ended questions dominate. Wait time given.,0.95,CLEAR,strict,False,Lesson-02,ur
6,C,C2,Responsive Re-explanation & Adaptive Teaching,0.0,NO,"Uses alternative representations (visual, concrete, analogy). Adjusts teaching to student level.",0.72,BORDERLINE,strict,False,Lesson-02,ur
6,C,C3,Effective Feedback,0.0,NO,Specific feedback on what was done well and what to improve. Actionable.,0.93,CLEAR,strict,False,Lesson-02,ur
6,C,C5,Student Agency & Voice,0.0,NO,Students make choices about how to demonstrate learning. Explore multiple perspectives.,0.85,CLEAR,strict,False,Lesson-02,ur
6,C,C7,Positive & Supportive Learning Environment,1.0,YES,"Warm, encouraging tone; mistakes treated as learning opportunities.",0.78,BORDERLINE,strict,False,Lesson-02,ur
6,C,C8,"Modeling, Scaffolding & Problem-Solving",0.0,NO,I Do -> We Do -> You Do scaffolding visible. Problem-solving and creativity modeled with clear strategies.,0.66,BORDERLINE,strict,False,Lesson-02,ur
6,C,C9,Collaborative Learning,0.0,NO,Purposeful pair/group tasks with clear roles. Students work towards synthesized solutions.,0.7,BORDERLINE,strict,False,Lesson-02,ur
6,C,C10,Integration of Taleemabad Technology,0.0,NO,Taleemabad videos/apps used to support learning objectives.,0.87,CLEAR,strict,False,Lesson-02,ur
6,C,C11,Self & Peer Assessment Facilitation,0.0,NO,Self- and peer-assessment structured and purposeful. Students use rubrics to assess work.,0.68,BORDERLINE,strict,False,Lesson-02,ur
6,C,C12,Classroom Resources & Space for Collaboration,0.0,NO,Resources and space well-organized for collaborative tasks. Materials accessible.,0.72,BORDERLINE,strict,False,Lesson-02,ur
6,D,D1,Active Participation Rate,1.0,YES,"50-75% actively participating (writing, discussing, solving).",0.83,BORDERLINE,strict,False,Lesson-02,ur
6,D,D2,Cognitive Engagement Level (Bloom's),0.0,NO,Students applying concepts to new problems (Bloom's Apply/Analyze).,0.88,CLEAR,strict,False,Lesson-02,ur
6,D,D3,Student-to-Student Interaction,1.0,YES,Students discuss content in pairs/groups; academic language used.,0.61,BORDERLINE,strict,False,Lesson-02,ur
6,D,D7,Inclusivity of Engagement,1.0,YES,Students across ability levels and genders are participating.,0.74,BORDERLINE,strict,False,Lesson-02,ur
6,F,F1,Content Accuracy,0.0,NO,Content is accurate; no errors observed.,0.56,BORDERLINE,strict,False,Lesson-02,ur
6,F,F2,Use of Academic Language,1.0,YES,Key terms used accurately and explained to students.,0.66,BORDERLINE,strict,False,Lesson-02,ur
6,F,F3,Anticipation of Student Misconceptions,0.0,NO,Anticipates and addresses at least 1-2 common misconceptions.,0.57,BORDERLINE,strict,False,Lesson-02,ur
6,F,F4,Depth of Explanation,0.0,NO,Explains the 'why' behind procedures; uses multiple representations.,0.66,BORDERLINE,strict,False,Lesson-02,ur
6,F,F5,Subject-Specific Pedagogy: MATH,,,Uses concrete -> pictorial -> abstract (CPA) progression; manipulatives present.,0.95,CLEAR,strict,True,Lesson-02,ur
6,F,F6,Subject-Specific Pedagogy: SCIENCE,,,Hands-on activities present; students make predictions and observations.,0.95,CLEAR,strict,True,Lesson-02,ur
6,F,F7,Subject-Specific Pedagogy: LITERACY / LANGUAGE,1.0,YES,"Teacher models reading strategies (prediction, summarizing, questioning). Balanced approach.",0.55,BORDERLINE,strict,False,Lesson-02,ur
6,F,F8,Cross-Curricular Connections,0.0,NO,Meaningful connections made to at least one other subject area.,0.82,BORDERLINE,strict,False,Lesson-02,ur
7,C,C1,Quality Questioning (Bloom's Aligned),0.0,NO,Purposeful mix including application & analysis questions. Open-ended questions dominate. Wait time given.,0.95,CLEAR,strict,False,Lesson-02,ur
7,C,C2,Responsive Re-explanation & Adaptive Teaching,0.0,NO,"Uses alternative representations (visual, concrete, analogy). Adjusts teaching to student level.",0.72,BORDERLINE,strict,False,Lesson-02,ur
7,C,C3,Effective Feedback,0.0,NO,Specific feedback on what was done well and what to improve. Actionable.,0.94,CLEAR,strict,False,Lesson-02,ur
7,C,C5,Student Agency & Voice,0.0,NO,Students make choices about how to demonstrate learning. Explore multiple perspectives.,0.85,CLEAR,strict,False,Lesson-02,ur
7,C,C7,Positive & Supportive Learning Environment,1.0,YES,"Warm, encouraging tone; mistakes treated as learning opportunities.",0.76,BORDERLINE,strict,False,Lesson-02,ur
7,C,C8,"Modeling, Scaffolding & Problem-Solving",0.0,NO,I Do -> We Do -> You Do scaffolding visible. Problem-solving and creativity modeled with clear strategies.,0.62,BORDERLINE,strict,False,Lesson-02,ur
7,C,C9,Collaborative Learning,0.0,NO,Purposeful pair/group tasks with clear roles. Students work towards synthesized solutions.,0.66,BORDERLINE,strict,False,Lesson-02,ur
7,C,C10,Integration of Taleemabad Technology,0.0,NO,Taleemabad videos/apps used to support learning objectives.,0.9,CLEAR,strict,False,Lesson-02,ur
7,C,C11,Self & Peer Assessment Facilitation,0.0,NO,Self- and peer-assessment structured and purposeful. Students use rubrics to assess work.,0.66,BORDERLINE,strict,False,Lesson-02,ur
7,C,C12,Classroom Resources & Space for Collaboration,0.0,NO,Resources and space well-organized for collaborative tasks. Materials accessible.,0.7,BORDERLINE,strict,False,Lesson-02,ur
7,D,D1,Active Participation Rate,1.0,YES,"50-75% actively participating (writing, discussing, solving).",0.76,BORDERLINE,strict,False,Lesson-02,ur
7,D,D2,Cognitive Engagement Level (Bloom's),0.0,NO,Students applying concepts to new problems (Bloom's Apply/Analyze).,0.93,CLEAR,strict,False,Lesson-02,ur
7,D,D3,Student-to-Student Interaction,1.0,YES,Students discuss content in pairs/groups; academic language used.,0.55,BORDERLINE,strict,False,Lesson-02,ur
7,D,D7,Inclusivity of Engagement,1.0,YES,Students across ability levels and genders are participating.,0.68,BORDERLINE,strict,False,Lesson-02,ur
7,B,B1,Instructional Clarity & Learning Objectives,0.0,NO,"Clear objective stated, referred to during lesson, linked to classroom activities.",0.85,CLEAR,strict,False,Lesson-02,ur
7,B,B3,Activities & Tasks Alignment,1.0,YES,Most activities directly support the learning objective.,0.62,BORDERLINE,strict,False,Lesson-02,ur
7,B,B4,Activation of Prior Knowledge,1.0,YES,Teacher connects new content to previously taught material.,0.88,CLEAR,strict,False,Lesson-02,ur
7,B,B5,Meaningful & Real-World Connections,1.0,YES,Content connected to students' lives or local context.,0.82,BORDERLINE,strict,False,Lesson-02,ur
7,B,B6,Differentiation / Catering to Learning Levels,0.0,NO,Tasks differentiated for at least 2 ability groups.,0.56,BORDERLINE,strict,False,Lesson-02,ur
7,B,B7,Use of Taleemabad Lesson Plan,0.0,NO,Plan followed with minor contextual adaptations.,0.58,BORDERLINE,strict,False,Lesson-02,ur
7,B,B8,Use of Prescribed Resources,0.0,NO,Key resources used as prescribed in lesson plan.,0.58,BORDERLINE,strict,False,Lesson-02,ur
7,B,B10,Lesson Closure & Consolidation,1.0,YES,"Structured closure: recap key points, check understanding.",0.6,BORDERLINE,strict,False,Lesson-02,ur
7,F,F1,Content Accuracy,0.0,NO,Content is accurate; no errors observed.,0.66,BORDERLINE,strict,False,Lesson-02,ur
7,F,F2,Use of Academic Language,1.0,YES,Key terms used accurately and explained to students.,0.58,BORDERLINE,strict,False,Lesson-02,ur
7,F,F3,Anticipation of Student Misconceptions,1.0,YES,Anticipates and addresses at least 1-2 common misconceptions.,0.54,BORDERLINE,strict,False,Lesson-02,ur
7,F,F4,Depth of Explanation,0.0,NO,Explains the 'why' behind procedures; uses multiple representations.,0.71,BORDERLINE,strict,False,Lesson-02,ur
7,F,F5,Subject-Specific Pedagogy: MATH,,,Uses concrete -> pictorial -> abstract (CPA) progression; manipulatives present.,0.96,CLEAR,strict,True,Lesson-02,ur
7,F,F6,Subject-Specific Pedagogy: SCIENCE,,,Hands-on activities present; students make predictions and observations.,0.96,CLEAR,strict,True,Lesson-02,ur
7,F,F7,Subject-Specific Pedagogy: LITERACY / LANGUAGE,0.0,NO,"Teacher models reading strategies (prediction, summarizing, questioning). Balanced approach.",0.58,BORDERLINE,strict,False,Lesson-02,ur
7,F,F8,Cross-Curricular Connections,0.0,NO,Meaningful connections made to at least one other subject area.,0.82,BORDERLINE,strict,False,Lesson-02,ur
8,D,D1,Active Participation Rate,1.0,YES,"50-75% actively participating (writing, discussing, solving).",0.76,BORDERLINE,strict,False,Lesson-02,ur
8,D,D2,Cognitive Engagement Level (Bloom's),0.0,NO,Students applying concepts to new problems (Bloom's Apply/Analyze).,0.9,CLEAR,strict,False,Lesson-02,ur
8,D,D3,Student-to-Student Interaction,1.0,YES,Students discuss content in pairs/groups; academic language used.,0.6,BORDERLINE,strict,False,Lesson-02,ur
8,D,D7,Inclusivity of Engagement,1.0,YES,Students across ability levels and genders are participating.,0.62,BORDERLINE,strict,False,Lesson-02,ur
8,B,B1,Instructional Clarity & Learning Objectives,0.0,NO,"Clear objective stated, referred to during lesson, linked to classroom activities.",0.85,CLEAR,strict,False,Lesson-02,ur
8,B,B3,Activities & Tasks Alignment,1.0,YES,Most activities directly support the learning objective.,0.68,BORDERLINE,strict,False,Lesson-02,ur
8,B,B4,Activation of Prior Knowledge,1.0,YES,Teacher connects new content to previously taught material.,0.86,CLEAR,strict,False,Lesson-02,ur
8,B,B5,Meaningful & Real-World Connections,1.0,YES,Content connected to students' lives or local context.,0.8,BORDERLINE,strict,False,Lesson-02,ur
8,B,B6,Differentiation / Catering to Learning Levels,0.0,NO,Tasks differentiated for at least 2 ability groups.,0.6,BORDERLINE,strict,False,Lesson-02,ur
8,B,B7,Use of Taleemabad Lesson Plan,0.0,NO,Plan followed with minor contextual adaptations.,0.62,BORDERLINE,strict,False,Lesson-02,ur
8,B,B8,Use of Prescribed Resources,0.0,NO,Key resources used as prescribed in lesson plan.,0.62,BORDERLINE,strict,False,Lesson-02,ur
8,B,B10,Lesson Closure & Consolidation,1.0,YES,"Structured closure: recap key points, check understanding.",0.57,BORDERLINE,strict,False,Lesson-02,ur
8,C,C1,Quality Questioning (Bloom's Aligned),0.0,NO,Purposeful mix including application & analysis questions. Open-ended questions dominate. Wait time given.,0.95,CLEAR,strict,False,Lesson-02,ur
8,C,C2,Responsive Re-explanation & Adaptive Teaching,0.0,NO,"Uses alternative representations (visual, concrete, analogy). Adjusts teaching to student level.",0.72,BORDERLINE,strict,False,Lesson-02,ur
8,C,C3,Effective Feedback,0.0,NO,Specific feedback on what was done well and what to improve. Actionable.,0.94,CLEAR,strict,False,Lesson-02,ur
8,C,C5,Student Agency & Voice,0.0,NO,Students make choices about how to demonstrate learning. Explore multiple perspectives.,0.93,CLEAR,strict,False,Lesson-02,ur
8,C,C7,Positive & Supportive Learning Environment,1.0,YES,"Warm, encouraging tone; mistakes treated as learning opportunities.",0.7,BORDERLINE,strict,False,Lesson-02,ur
8,C,C8,"Modeling, Scaffolding & Problem-Solving",0.0,NO,I Do -> We Do -> You Do scaffolding visible. Problem-solving and creativity modeled with clear strategies.,0.62,BORDERLINE,strict,False,Lesson-02,ur
8,C,C9,Collaborative Learning,0.0,NO,Purposeful pair/group tasks with clear roles. Students work towards synthesized solutions.,0.66,BORDERLINE,strict,False,Lesson-02,ur
8,C,C10,Integration of Taleemabad Technology,0.0,NO,Taleemabad videos/apps used to support learning objectives.,0.88,CLEAR,strict,False,Lesson-02,ur
8,C,C11,Self & Peer Assessment Facilitation,0.0,NO,Self- and peer-assessment structured and purposeful. Students use rubrics to assess work.,0.6,BORDERLINE,strict,False,Lesson-02,ur
8,C,C12,Classroom Resources & Space for Collaboration,0.0,NO,Resources and space well-organized for collaborative tasks. Materials accessible.,0.7,BORDERLINE,strict,False,Lesson-02,ur
8,F,F1,Content Accuracy,0.0,NO,Content is accurate; no errors observed.,0.62,BORDERLINE,strict,False,Lesson-02,ur
8,F,F2,Use of Academic Language,1.0,YES,Key terms used accurately and explained to students.,0.68,BORDERLINE,strict,False,Lesson-02,ur
8,F,F3,Anticipation of Student Misconceptions,1.0,YES,Anticipates and addresses at least 1-2 common misconceptions.,0.6,BORDERLINE,strict,False,Lesson-02,ur
8,F,F4,Depth of Explanation,0.0,NO,Explains the 'why' behind procedures; uses multiple representations.,0.63,BORDERLINE,strict,False,Lesson-02,ur
8,F,F5,Subject-Specific Pedagogy: MATH,,,Uses concrete -> pictorial -> abstract (CPA) progression; manipulatives present.,0.97,CLEAR,strict,True,Lesson-02,ur
8,F,F6,Subject-Specific Pedagogy: SCIENCE,,,Hands-on activities present; students make predictions and observations.,0.97,CLEAR,strict,True,Lesson-02,ur
8,F,F7,Subject-Specific Pedagogy: LITERACY / LANGUAGE,0.0,NO,"Teacher models reading strategies (prediction, summarizing, questioning). Balanced approach.",0.55,BORDERLINE,strict,False,Lesson-02,ur
8,F,F8,Cross-Curricular Connections,0.0,NO,Meaningful connections made to at least one other subject area.,0.82,BORDERLINE,strict,False,Lesson-02,ur
9,F,F1,Content Accuracy,0.0,NO,Content is accurate; no errors observed.,0.72,BORDERLINE,strict,False,Lesson-02,ur
9,F,F2,Use of Academic Language,0.0,NO,Key terms used accurately and explained to students.,0.6,BORDERLINE,strict,False,Lesson-02,ur
9,F,F3,Anticipation of Student Misconceptions,0.0,NO,Anticipates and addresses at least 1-2 common misconceptions.,0.68,BORDERLINE,strict,False,Lesson-02,ur
9,F,F4,Depth of Explanation,0.0,NO,Explains the 'why' behind procedures; uses multiple representations.,0.62,BORDERLINE,strict,False,Lesson-02,ur
9,F,F5,Subject-Specific Pedagogy: MATH,,,Uses concrete -> pictorial -> abstract (CPA) progression; manipulatives present.,0.96,CLEAR,strict,True,Lesson-02,ur
9,F,F6,Subject-Specific Pedagogy: SCIENCE,,,Hands-on activities present; students make predictions and observations.,0.96,CLEAR,strict,True,Lesson-02,ur
9,F,F7,Subject-Specific Pedagogy: LITERACY / LANGUAGE,0.0,NO,"Teacher models reading strategies (prediction, summarizing, questioning). Balanced approach.",0.6,BORDERLINE,strict,False,Lesson-02,ur
9,F,F8,Cross-Curricular Connections,0.0,NO,Meaningful connections made to at least one other subject area.,0.88,CLEAR,strict,False,Lesson-02,ur
9,B,B1,Instructional Clarity & Learning Objectives,0.0,NO,"Clear objective stated, referred to during lesson, linked to classroom activities.",0.87,CLEAR,strict,False,Lesson-02,ur
9,B,B3,Activities & Tasks Alignment,1.0,YES,Most activities directly support the learning objective.,0.7,BORDERLINE,strict,False,Lesson-02,ur
9,B,B4,Activation of Prior Knowledge,1.0,YES,Teacher connects new content to previously taught material.,0.85,CLEAR,strict,False,Lesson-02,ur
9,B,B5,Meaningful & Real-World Connections,1.0,YES,Content connected to students' lives or local context.,0.78,BORDERLINE,strict,False,Lesson-02,ur
9,B,B6,Differentiation / Catering to Learning Levels,0.0,NO,Tasks differentiated for at least 2 ability groups.,0.62,BORDERLINE,strict,False,Lesson-02,ur
9,B,B7,Use of Taleemabad Lesson Plan,0.0,NO,Plan followed with minor contextual adaptations.,0.63,BORDERLINE,strict,False,Lesson-02,ur
9,B,B8,Use of Prescribed Resources,0.0,NO,Key resources used as prescribed in lesson plan.,0.6,BORDERLINE,strict,False,Lesson-02,ur
9,B,B10,Lesson Closure & Consolidation,1.0,YES,"Structured closure: recap key points, check understanding.",0.58,BORDERLINE,strict,False,Lesson-02,ur
9,C,C1,Quality Questioning (Bloom's Aligned),0.0,NO,Purposeful mix including application & analysis questions. Open-ended questions dominate. Wait time given.,0.95,CLEAR,strict,False,Lesson-02,ur
9,C,C2,Responsive Re-explanation & Adaptive Teaching,0.0,NO,"Uses alternative representations (visual, concrete, analogy). Adjusts teaching to student level.",0.72,BORDERLINE,strict,False,Lesson-02,ur
9,C,C3,Effective Feedback,0.0,NO,Specific feedback on what was done well and what to improve. Actionable.,0.9,CLEAR,strict,False,Lesson-02,ur
9,C,C5,Student Agency & Voice,0.0,NO,Students make choices about how to demonstrate learning. Explore multiple perspectives.,0.92,CLEAR,strict,False,Lesson-02,ur
9,C,C7,Positive & Supportive Learning Environment,1.0,YES,"Warm, encouraging tone; mistakes treated as learning opportunities.",0.68,BORDERLINE,strict,False,Lesson-02,ur
9,C,C8,"Modeling, Scaffolding & Problem-Solving",0.0,NO,I Do -> We Do -> You Do scaffolding visible. Problem-solving and creativity modeled with clear strategies.,0.62,BORDERLINE,strict,False,Lesson-02,ur
9,C,C9,Collaborative Learning,0.0,NO,Purposeful pair/group tasks with clear roles. Students work towards synthesized solutions.,0.66,BORDERLINE,strict,False,Lesson-02,ur
9,C,C10,Integration of Taleemabad Technology,0.0,NO,Taleemabad videos/apps used to support learning objectives.,0.88,CLEAR,strict,False,Lesson-02,ur
9,C,C11,Self & Peer Assessment Facilitation,0.0,NO,Self- and peer-assessment structured and purposeful. Students use rubrics to assess work.,0.7,BORDERLINE,strict,False,Lesson-02,ur
9,C,C12,Classroom Resources & Space for Collaboration,0.0,NO,Resources and space well-organized for collaborative tasks. Materials accessible.,0.63,BORDERLINE,strict,False,Lesson-02,ur
9,D,D1,Active Participation Rate,1.0,YES,"50-75% actively participating (writing, discussing, solving).",0.69,BORDERLINE,strict,False,Lesson-02,ur
9,D,D2,Cognitive Engagement Level (Bloom's),0.0,NO,Students applying concepts to new problems (Bloom's Apply/Analyze).,0.94,CLEAR,strict,False,Lesson-02,ur
9,D,D3,Student-to-Student Interaction,1.0,YES,Students discuss content in pairs/groups; academic language used.,0.55,BORDERLINE,strict,False,Lesson-02,ur
9,D,D7,Inclusivity of Engagement,1.0,YES,Students across ability levels and genders are participating.,0.67,BORDERLINE,strict,False,Lesson-02,ur
0,D,D1,Active Participation Rate,1.0,YES,"50-75% actively participating (writing, discussing, solving).",0.66,BORDERLINE,strict,False,Lesson-03,ur
0,D,D2,Cognitive Engagement Level (Bloom's),0.0,NO,Students applying concepts to new problems (Bloom's Apply/Analyze).,0.88,CLEAR,strict,False,Lesson-03,ur
0,D,D3,Student-to-Student Interaction,0.0,NO,Students discuss content in pairs/groups; academic language used.,0.95,CLEAR,strict,False,Lesson-03,ur
0,D,D7,Inclusivity of Engagement,0.0,NO,Students across ability levels and genders are participating.,0.6,BORDERLINE,strict,False,Lesson-03,ur
0,C,C1,Quality Questioning (Bloom's Aligned),0.0,NO,Purposeful mix including application & analysis questions. Open-ended questions dominate. Wait time given.,0.94,CLEAR,strict,False,Lesson-03,ur
0,C,C2,Responsive Re-explanation & Adaptive Teaching,0.0,NO,"Uses alternative representations (visual, concrete, analogy). Adjusts teaching to student level.",0.8,BORDERLINE,strict,False,Lesson-03,ur
0,C,C3,Effective Feedback,0.0,NO,Specific feedback on what was done well and what to improve. Actionable.,0.95,CLEAR,strict,False,Lesson-03,ur
0,C,C5,Student Agency & Voice,0.0,NO,Students make choices about how to demonstrate learning. Explore multiple perspectives.,0.9,CLEAR,strict,False,Lesson-03,ur
0,C,C7,Positive & Supportive Learning Environment,1.0,YES,"Warm, encouraging tone; mistakes treated as learning opportunities.",0.76,BORDERLINE,strict,False,Lesson-03,ur
0,C,C8,"Modeling, Scaffolding & Problem-Solving",0.0,NO,I Do -> We Do -> You Do scaffolding visible. Problem-solving and creativity modeled with clear strategies.,0.85,CLEAR,strict,False,Lesson-03,ur
0,C,C9,Collaborative Learning,0.0,NO,Purposeful pair/group tasks with clear roles. Students work towards synthesized solutions.,0.97,CLEAR,strict,False,Lesson-03,ur
0,C,C10,Integration of Taleemabad Technology,0.0,NO,Taleemabad videos/apps used to support learning objectives.,0.93,CLEAR,strict,False,Lesson-03,ur
0,C,C11,Self & Peer Assessment Facilitation,0.0,NO,Self- and peer-assessment structured and purposeful. Students use rubrics to assess work.,0.96,CLEAR,strict,False,Lesson-03,ur
0,C,C12,Classroom Resources & Space for Collaboration,0.0,NO,Resources and space well-organized for collaborative tasks. Materials accessible.,0.8,BORDERLINE,strict,False,Lesson-03,ur
0,B,B1,Instructional Clarity & Learning Objectives,0.0,NO,"Clear objective stated, referred to during lesson, linked to classroom activities.",0.68,BORDERLINE,strict,False,Lesson-03,ur
0,B,B3,Activities & Tasks Alignment,1.0,YES,Most activities directly support the learning objective.,0.72,BORDERLINE,strict,False,Lesson-03,ur
0,B,B4,Activation of Prior Knowledge,0.0,NO,Teacher connects new content to previously taught material.,0.6,BORDERLINE,strict,False,Lesson-03,ur
0,B,B5,Meaningful & Real-World Connections,1.0,YES,Content connected to students' lives or local context.,0.71,BORDERLINE,strict,False,Lesson-03,ur
0,B,B6,Differentiation / Catering to Learning Levels,0.0,NO,Tasks differentiated for at least 2 ability groups.,0.93,CLEAR,strict,False,Lesson-03,ur
0,B,B7,Use of Taleemabad Lesson Plan,0.0,NO,Plan followed with minor contextual adaptations.,0.66,BORDERLINE,strict,False,Lesson-03,ur
0,B,B8,Use of Prescribed Resources,0.0,NO,Key resources used as prescribed in lesson plan.,0.83,BORDERLINE,strict,False,Lesson-03,ur
0,B,B10,Lesson Closure & Consolidation,0.0,NO,"Structured closure: recap key points, check understanding.",0.9,CLEAR,strict,False,Lesson-03,ur
0,F,F1,Content Accuracy,0.0,NO,Content is accurate; no errors observed.,0.72,BORDERLINE,strict,False,Lesson-03,ur
0,F,F2,Use of Academic Language,1.0,YES,Key terms used accurately and explained to students.,0.55,BORDERLINE,strict,False,Lesson-03,ur
0,F,F3,Anticipation of Student Misconceptions,0.0,NO,Anticipates and addresses at least 1-2 common misconceptions.,0.82,BORDERLINE,strict,False,Lesson-03,ur
0,F,F4,Depth of Explanation,0.0,NO,Explains the 'why' behind procedures; uses multiple representations.,0.71,BORDERLINE,strict,False,Lesson-03,ur
0,F,F5,Subject-Specific Pedagogy: MATH,,,Uses concrete -> pictorial -> abstract (CPA) progression; manipulatives present.,0.93,CLEAR,strict,True,Lesson-03,ur
0,F,F6,Subject-Specific Pedagogy: SCIENCE,,,Hands-on activities present; students make predictions and observations.,0.93,CLEAR,strict,True,Lesson-03,ur
0,F,F7,Subject-Specific Pedagogy: LITERACY / LANGUAGE,0.0,NO,"Teacher models reading strategies (prediction, summarizing, questioning). Balanced approach.",0.79,BORDERLINE,strict,False,Lesson-03,ur
0,F,F8,Cross-Curricular Connections,0.0,NO,Meaningful connections made to at least one other subject area.,0.58,BORDERLINE,strict,False,Lesson-03,ur
1,B,B1,Instructional Clarity & Learning Objectives,1.0,YES,"Clear objective stated, referred to during lesson, linked to classroom activities.",0.62,BORDERLINE,strict,False,Lesson-03,ur
1,B,B3,Activities & Tasks Alignment,1.0,YES,Most activities directly support the learning objective.,0.78,BORDERLINE,strict,False,Lesson-03,ur
1,B,B4,Activation of Prior Knowledge,1.0,YES,Teacher connects new content to previously taught material.,0.55,BORDERLINE,strict,False,Lesson-03,ur
1,B,B5,Meaningful & Real-World Connections,1.0,YES,Content connected to students' lives or local context.,0.74,BORDERLINE,strict,False,Lesson-03,ur
1,B,B6,Differentiation / Catering to Learning Levels,0.0,NO,Tasks differentiated for at least 2 ability groups.,0.9,CLEAR,strict,False,Lesson-03,ur
1,B,B7,Use of Taleemabad Lesson Plan,0.0,NO,Plan followed with minor contextual adaptations.,0.65,BORDERLINE,strict,False,Lesson-03,ur
1,B,B8,Use of Prescribed Resources,0.0,NO,Key resources used as prescribed in lesson plan.,0.82,BORDERLINE,strict,False,Lesson-03,ur
1,B,B10,Lesson Closure & Consolidation,0.0,NO,"Structured closure: recap key points, check understanding.",0.8,BORDERLINE,strict,False,Lesson-03,ur
1,C,C1,Quality Questioning (Bloom's Aligned),0.0,NO,Purposeful mix including application & analysis questions. Open-ended questions dominate. Wait time given.,0.94,CLEAR,strict,False,Lesson-03,ur
1,C,C2,Responsive Re-explanation & Adaptive Teaching,0.0,NO,"Uses alternative representations (visual, concrete, analogy). Adjusts teaching to student level.",0.76,BORDERLINE,strict,False,Lesson-03,ur
1,C,C3,Effective Feedback,0.0,NO,Specific feedback on what was done well and what to improve. Actionable.,0.95,CLEAR,strict,False,Lesson-03,ur
1,C,C5,Student Agency & Voice,0.0,NO,Students make choices about how to demonstrate learning. Explore multiple perspectives.,0.9,CLEAR,strict,False,Lesson-03,ur
1,C,C7,Positive & Supportive Learning Environment,1.0,YES,"Warm, encouraging tone; mistakes treated as learning opportunities.",0.8,BORDERLINE,strict,False,Lesson-03,ur
1,C,C8,"Modeling, Scaffolding & Problem-Solving",0.0,NO,I Do -> We Do -> You Do scaffolding visible. Problem-solving and creativity modeled with clear strategies.,0.82,BORDERLINE,strict,False,Lesson-03,ur
1,C,C9,Collaborative Learning,0.0,NO,Purposeful pair/group tasks with clear roles. Students work towards synthesized solutions.,0.97,CLEAR,strict,False,Lesson-03,ur
1,C,C10,Integration of Taleemabad Technology,0.0,NO,Taleemabad videos/apps used to support learning objectives.,0.95,CLEAR,strict,False,Lesson-03,ur
1,C,C11,Self & Peer Assessment Facilitation,0.0,NO,Self- and peer-assessment structured and purposeful. Students use rubrics to assess work.,0.96,CLEAR,strict,False,Lesson-03,ur
1,C,C12,Classroom Resources & Space for Collaboration,0.0,NO,Resources and space well-organized for collaborative tasks. Materials accessible.,0.83,BORDERLINE,strict,False,Lesson-03,ur
1,D,D1,Active Participation Rate,1.0,YES,"50-75% actively participating (writing, discussing, solving).",0.57,BORDERLINE,strict,False,Lesson-03,ur
1,D,D2,Cognitive Engagement Level (Bloom's),0.0,NO,Students applying concepts to new problems (Bloom's Apply/Analyze).,0.94,CLEAR,strict,False,Lesson-03,ur
1,D,D3,Student-to-Student Interaction,0.0,NO,Students discuss content in pairs/groups; academic language used.,0.95,CLEAR,strict,False,Lesson-03,ur
1,D,D7,Inclusivity of Engagement,1.0,YES,Students across ability levels and genders are participating.,0.62,BORDERLINE,strict,False,Lesson-03,ur
1,F,F1,Content Accuracy,0.0,NO,Content is accurate; no errors observed.,0.74,BORDERLINE,strict,False,Lesson-03,ur
1,F,F2,Use of Academic Language,1.0,YES,Key terms used accurately and explained to students.,0.58,BORDERLINE,strict,False,Lesson-03,ur
1,F,F3,Anticipation of Student Misconceptions,0.0,NO,Anticipates and addresses at least 1-2 common misconceptions.,0.79,BORDERLINE,strict,False,Lesson-03,ur
1,F,F4,Depth of Explanation,0.0,NO,Explains the 'why' behind procedures; uses multiple representations.,0.72,BORDERLINE,strict,False,Lesson-03,ur
1,F,F5,Subject-Specific Pedagogy: MATH,,,Uses concrete -> pictorial -> abstract (CPA) progression; manipulatives present.,0.93,CLEAR,strict,True,Lesson-03,ur
1,F,F6,Subject-Specific Pedagogy: SCIENCE,,,Hands-on activities present; students make predictions and observations.,0.93,CLEAR,strict,True,Lesson-03,ur
1,F,F7,Subject-Specific Pedagogy: LITERACY / LANGUAGE,0.0,NO,"Teacher models reading strategies (prediction, summarizing, questioning). Balanced approach.",0.66,BORDERLINE,strict,False,Lesson-03,ur
1,F,F8,Cross-Curricular Connections,0.0,NO,Meaningful connections made to at least one other subject area.,0.56,BORDERLINE,strict,False,Lesson-03,ur
2,D,D1,Active Participation Rate,1.0,YES,"50-75% actively participating (writing, discussing, solving).",0.63,BORDERLINE,strict,False,Lesson-03,ur
2,D,D2,Cognitive Engagement Level (Bloom's),0.0,NO,Students applying concepts to new problems (Bloom's Apply/Analyze).,0.88,CLEAR,strict,False,Lesson-03,ur
2,D,D3,Student-to-Student Interaction,0.0,NO,Students discuss content in pairs/groups; academic language used.,0.93,CLEAR,strict,False,Lesson-03,ur
2,D,D7,Inclusivity of Engagement,1.0,YES,Students across ability levels and genders are participating.,0.58,BORDERLINE,strict,False,Lesson-03,ur
2,B,B1,Instructional Clarity & Learning Objectives,0.0,NO,"Clear objective stated, referred to during lesson, linked to classroom activities.",0.7,BORDERLINE,strict,False,Lesson-03,ur
2,B,B3,Activities & Tasks Alignment,1.0,YES,Most activities directly support the learning objective.,0.72,BORDERLINE,strict,False,Lesson-03,ur
2,B,B4,Activation of Prior Knowledge,1.0,YES,Teacher connects new content to previously taught material.,0.61,BORDERLINE,strict,False,Lesson-03,ur
2,B,B5,Meaningful & Real-World Connections,1.0,YES,Content connected to students' lives or local context.,0.83,BORDERLINE,strict,False,Lesson-03,ur
2,B,B6,Differentiation / Catering to Learning Levels,0.0,NO,Tasks differentiated for at least 2 ability groups.,0.88,CLEAR,strict,False,Lesson-03,ur
2,B,B7,Use of Taleemabad Lesson Plan,0.0,NO,Plan followed with minor contextual adaptations.,0.6,BORDERLINE,strict,False,Lesson-03,ur
2,B,B8,Use of Prescribed Resources,0.0,NO,Key resources used as prescribed in lesson plan.,0.79,BORDERLINE,strict,False,Lesson-03,ur
2,B,B10,Lesson Closure & Consolidation,0.0,NO,"Structured closure: recap key points, check understanding.",0.86,CLEAR,strict,False,Lesson-03,ur
2,C,C1,Quality Questioning (Bloom's Aligned),0.0,NO,Purposeful mix including application & analysis questions. Open-ended questions dominate. Wait time given.,0.94,CLEAR,strict,False,Lesson-03,ur
2,C,C2,Responsive Re-explanation & Adaptive Teaching,0.0,NO,"Uses alternative representations (visual, concrete, analogy). Adjusts teaching to student level.",0.76,BORDERLINE,strict,False,Lesson-03,ur
2,C,C3,Effective Feedback,0.0,NO,Specific feedback on what was done well and what to improve. Actionable.,0.95,CLEAR,strict,False,Lesson-03,ur
2,C,C5,Student Agency & Voice,0.0,NO,Students make choices about how to demonstrate learning. Explore multiple perspectives.,0.9,CLEAR,strict,False,Lesson-03,ur
2,C,C7,Positive & Supportive Learning Environment,1.0,YES,"Warm, encouraging tone; mistakes treated as learning opportunities.",0.82,BORDERLINE,strict,False,Lesson-03,ur
2,C,C8,"Modeling, Scaffolding & Problem-Solving",0.0,NO,I Do -> We Do -> You Do scaffolding visible. Problem-solving and creativity modeled with clear strategies.,0.85,CLEAR,strict,False,Lesson-03,ur
2,C,C9,Collaborative Learning,0.0,NO,Purposeful pair/group tasks with clear roles. Students work towards synthesized solutions.,0.97,CLEAR,strict,False,Lesson-03,ur
2,C,C10,Integration of Taleemabad Technology,0.0,NO,Taleemabad videos/apps used to support learning objectives.,0.95,CLEAR,strict,False,Lesson-03,ur
2,C,C11,Self & Peer Assessment Facilitation,0.0,NO,Self- and peer-assessment structured and purposeful. Students use rubrics to assess work.,0.96,CLEAR,strict,False,Lesson-03,ur
2,C,C12,Classroom Resources & Space for Collaboration,0.0,NO,Resources and space well-organized for collaborative tasks. Materials accessible.,0.8,BORDERLINE,strict,False,Lesson-03,ur
2,F,F1,Content Accuracy,0.0,NO,Content is accurate; no errors observed.,0.83,BORDERLINE,strict,False,Lesson-03,ur
2,F,F2,Use of Academic Language,1.0,YES,Key terms used accurately and explained to students.,0.54,BORDERLINE,strict,False,Lesson-03,ur
2,F,F3,Anticipation of Student Misconceptions,0.0,NO,Anticipates and addresses at least 1-2 common misconceptions.,0.85,CLEAR,strict,False,Lesson-03,ur
2,F,F4,Depth of Explanation,0.0,NO,Explains the 'why' behind procedures; uses multiple representations.,0.86,CLEAR,strict,False,Lesson-03,ur
2,F,F5,Subject-Specific Pedagogy: MATH,,,Uses concrete -> pictorial -> abstract (CPA) progression; manipulatives present.,0.95,CLEAR,strict,True,Lesson-03,ur
2,F,F6,Subject-Specific Pedagogy: SCIENCE,,,Hands-on activities present; students make predictions and observations.,0.93,CLEAR,strict,True,Lesson-03,ur
2,F,F7,Subject-Specific Pedagogy: LITERACY / LANGUAGE,0.0,NO,"Teacher models reading strategies (prediction, summarizing, questioning). Balanced approach.",0.72,BORDERLINE,strict,False,Lesson-03,ur
2,F,F8,Cross-Curricular Connections,0.0,NO,Meaningful connections made to at least one other subject area.,0.57,BORDERLINE,strict,False,Lesson-03,ur
3,D,D1,Active Participation Rate,1.0,YES,"50-75% actively participating (writing, discussing, solving).",0.66,BORDERLINE,strict,False,Lesson-03,ur
3,D,D2,Cognitive Engagement Level (Bloom's),0.0,NO,Students applying concepts to new problems (Bloom's Apply/Analyze).,0.9,CLEAR,strict,False,Lesson-03,ur
3,D,D3,Student-to-Student Interaction,0.0,NO,Students discuss content in pairs/groups; academic language used.,0.95,CLEAR,strict,False,Lesson-03,ur
3,D,D7,Inclusivity of Engagement,1.0,YES,Students across ability levels and genders are participating.,0.55,BORDERLINE,strict,False,Lesson-03,ur
3,C,C1,Quality Questioning (Bloom's Aligned),0.0,NO,Purposeful mix including application & analysis questions. Open-ended questions dominate. Wait time given.,0.93,CLEAR,strict,False,Lesson-03,ur
3,C,C2,Responsive Re-explanation & Adaptive Teaching,0.0,NO,"Uses alternative representations (visual, concrete, analogy). Adjusts teaching to student level.",0.78,BORDERLINE,strict,False,Lesson-03,ur
3,C,C3,Effective Feedback,0.0,NO,Specific feedback on what was done well and what to improve. Actionable.,0.95,CLEAR,strict,False,Lesson-03,ur
3,C,C5,Student Agency & Voice,0.0,NO,Students make choices about how to demonstrate learning. Explore multiple perspectives.,0.9,CLEAR,strict,False,Lesson-03,ur
3,C,C7,Positive & Supportive Learning Environment,1.0,YES,"Warm, encouraging tone; mistakes treated as learning opportunities.",0.79,BORDERLINE,strict,False,Lesson-03,ur
3,C,C8,"Modeling, Scaffolding & Problem-Solving",0.0,NO,I Do -> We Do -> You Do scaffolding visible. Problem-solving and creativity modeled with clear strategies.,0.83,BORDERLINE,strict,False,Lesson-03,ur
3,C,C9,Collaborative Learning,0.0,NO,Purposeful pair/group tasks with clear roles. Students work towards synthesized solutions.,0.96,CLEAR,strict,False,Lesson-03,ur
3,C,C10,Integration of Taleemabad Technology,0.0,NO,Taleemabad videos/apps used to support learning objectives.,0.94,CLEAR,strict,False,Lesson-03,ur
3,C,C11,Self & Peer Assessment Facilitation,0.0,NO,Self- and peer-assessment structured and purposeful. Students use rubrics to assess work.,0.96,CLEAR,strict,False,Lesson-03,ur
3,C,C12,Classroom Resources & Space for Collaboration,0.0,NO,Resources and space well-organized for collaborative tasks. Materials accessible.,0.8,BORDERLINE,strict,False,Lesson-03,ur
3,F,F1,Content Accuracy,0.0,NO,Content is accurate; no errors observed.,0.78,BORDERLINE,strict,False,Lesson-03,ur
3,F,F2,Use of Academic Language,1.0,YES,Key terms used accurately and explained to students.,0.6,BORDERLINE,strict,False,Lesson-03,ur
3,F,F3,Anticipation of Student Misconceptions,0.0,NO,Anticipates and addresses at least 1-2 common misconceptions.,0.87,CLEAR,strict,False,Lesson-03,ur
3,F,F4,Depth of Explanation,0.0,NO,Explains the 'why' behind procedures; uses multiple representations.,0.85,CLEAR,strict,False,Lesson-03,ur
3,F,F5,Subject-Specific Pedagogy: MATH,,,Uses concrete -> pictorial -> abstract (CPA) progression; manipulatives present.,0.95,CLEAR,strict,True,Lesson-03,ur
3,F,F6,Subject-Specific Pedagogy: SCIENCE,,,Hands-on activities present; students make predictions and observations.,0.94,CLEAR,strict,True,Lesson-03,ur
3,F,F7,Subject-Specific Pedagogy: LITERACY / LANGUAGE,0.0,NO,"Teacher models reading strategies (prediction, summarizing, questioning). Balanced approach.",0.76,BORDERLINE,strict,False,Lesson-03,ur
3,F,F8,Cross-Curricular Connections,0.0,NO,Meaningful connections made to at least one other subject area.,0.58,BORDERLINE,strict,False,Lesson-03,ur
3,B,B1,Instructional Clarity & Learning Objectives,0.0,NO,"Clear objective stated, referred to during lesson, linked to classroom activities.",0.57,BORDERLINE,strict,False,Lesson-03,ur
3,B,B3,Activities & Tasks Alignment,1.0,YES,Most activities directly support the learning objective.,0.88,CLEAR,strict,False,Lesson-03,ur
3,B,B4,Activation of Prior Knowledge,1.0,YES,Teacher connects new content to previously taught material.,0.6,BORDERLINE,strict,False,Lesson-03,ur
3,B,B5,Meaningful & Real-World Connections,1.0,YES,Content connected to students' lives or local context.,0.9,CLEAR,strict,False,Lesson-03,ur
3,B,B6,Differentiation / Catering to Learning Levels,0.0,NO,Tasks differentiated for at least 2 ability groups.,0.91,CLEAR,strict,False,Lesson-03,ur
3,B,B7,Use of Taleemabad Lesson Plan,0.0,NO,Plan followed with minor contextual adaptations.,0.75,BORDERLINE,strict,False,Lesson-03,ur
3,B,B8,Use of Prescribed Resources,0.0,NO,Key resources used as prescribed in lesson plan.,0.84,BORDERLINE,strict,False,Lesson-03,ur
3,B,B10,Lesson Closure & Consolidation,0.0,NO,"Structured closure: recap key points, check understanding.",0.86,CLEAR,strict,False,Lesson-03,ur
4,B,B1,Instructional Clarity & Learning Objectives,1.0,YES,"Clear objective stated, referred to during lesson, linked to classroom activities.",0.62,BORDERLINE,strict,False,Lesson-03,ur
4,B,B3,Activities & Tasks Alignment,1.0,YES,Most activities directly support the learning objective.,0.82,BORDERLINE,strict,False,Lesson-03,ur
4,B,B4,Activation of Prior Knowledge,1.0,YES,Teacher connects new content to previously taught material.,0.58,BORDERLINE,strict,False,Lesson-03,ur
4,B,B5,Meaningful & Real-World Connections,1.0,YES,Content connected to students' lives or local context.,0.74,BORDERLINE,strict,False,Lesson-03,ur
4,B,B6,Differentiation / Catering to Learning Levels,0.0,NO,Tasks differentiated for at least 2 ability groups.,0.9,CLEAR,strict,False,Lesson-03,ur
4,B,B7,Use of Taleemabad Lesson Plan,0.0,NO,Plan followed with minor contextual adaptations.,0.68,BORDERLINE,strict,False,Lesson-03,ur
4,B,B8,Use of Prescribed Resources,0.0,NO,Key resources used as prescribed in lesson plan.,0.86,CLEAR,strict,False,Lesson-03,ur
4,B,B10,Lesson Closure & Consolidation,0.0,NO,"Structured closure: recap key points, check understanding.",0.83,BORDERLINE,strict,False,Lesson-03,ur
4,C,C1,Quality Questioning (Bloom's Aligned),0.0,NO,Purposeful mix including application & analysis questions. Open-ended questions dominate. Wait time given.,0.94,CLEAR,strict,False,Lesson-03,ur
4,C,C2,Responsive Re-explanation & Adaptive Teaching,0.0,NO,"Uses alternative representations (visual, concrete, analogy). Adjusts teaching to student level.",0.78,BORDERLINE,strict,False,Lesson-03,ur
4,C,C3,Effective Feedback,0.0,NO,Specific feedback on what was done well and what to improve. Actionable.,0.95,CLEAR,strict,False,Lesson-03,ur
4,C,C5,Student Agency & Voice,0.0,NO,Students make choices about how to demonstrate learning. Explore multiple perspectives.,0.9,CLEAR,strict,False,Lesson-03,ur
4,C,C7,Positive & Supportive Learning Environment,1.0,YES,"Warm, encouraging tone; mistakes treated as learning opportunities.",0.72,BORDERLINE,strict,False,Lesson-03,ur
4,C,C8,"Modeling, Scaffolding & Problem-Solving",0.0,NO,I Do -> We Do -> You Do scaffolding visible. Problem-solving and creativity modeled with clear strategies.,0.82,BORDERLINE,strict,False,Lesson-03,ur
4,C,C9,Collaborative Learning,0.0,NO,Purposeful pair/group tasks with clear roles. Students work towards synthesized solutions.,0.97,CLEAR,strict,False,Lesson-03,ur
4,C,C10,Integration of Taleemabad Technology,0.0,NO,Taleemabad videos/apps used to support learning objectives.,0.95,CLEAR,strict,False,Lesson-03,ur
4,C,C11,Self & Peer Assessment Facilitation,0.0,NO,Self- and peer-assessment structured and purposeful. Students use rubrics to assess work.,0.96,CLEAR,strict,False,Lesson-03,ur
4,C,C12,Classroom Resources & Space for Collaboration,0.0,NO,Resources and space well-organized for collaborative tasks. Materials accessible.,0.8,BORDERLINE,strict,False,Lesson-03,ur
4,D,D1,Active Participation Rate,1.0,YES,"50-75% actively participating (writing, discussing, solving).",0.62,BORDERLINE,strict,False,Lesson-03,ur
4,D,D2,Cognitive Engagement Level (Bloom's),0.0,NO,Students applying concepts to new problems (Bloom's Apply/Analyze).,0.9,CLEAR,strict,False,Lesson-03,ur
4,D,D3,Student-to-Student Interaction,0.0,NO,Students discuss content in pairs/groups; academic language used.,0.95,CLEAR,strict,False,Lesson-03,ur
4,D,D7,Inclusivity of Engagement,1.0,YES,Students across ability levels and genders are participating.,0.63,BORDERLINE,strict,False,Lesson-03,ur
4,F,F1,Content Accuracy,0.0,NO,Content is accurate; no errors observed.,0.85,CLEAR,strict,False,Lesson-03,ur
4,F,F2,Use of Academic Language,1.0,YES,Key terms used accurately and explained to students.,0.56,BORDERLINE,strict,False,Lesson-03,ur
4,F,F3,Anticipation of Student Misconceptions,0.0,NO,Anticipates and addresses at least 1-2 common misconceptions.,0.88,CLEAR,strict,False,Lesson-03,ur
4,F,F4,Depth of Explanation,0.0,NO,Explains the 'why' behind procedures; uses multiple representations.,0.84,BORDERLINE,strict,False,Lesson-03,ur
4,F,F5,Subject-Specific Pedagogy: MATH,,,Uses concrete -> pictorial -> abstract (CPA) progression; manipulatives present.,0.95,CLEAR,strict,True,Lesson-03,ur
4,F,F6,Subject-Specific Pedagogy: SCIENCE,,,Hands-on activities present; students make predictions and observations.,0.94,CLEAR,strict,True,Lesson-03,ur
4,F,F7,Subject-Specific Pedagogy: LITERACY / LANGUAGE,0.0,NO,"Teacher models reading strategies (prediction, summarizing, questioning). Balanced approach.",0.8,BORDERLINE,strict,False,Lesson-03,ur
4,F,F8,Cross-Curricular Connections,0.0,NO,Meaningful connections made to at least one other subject area.,0.55,BORDERLINE,strict,False,Lesson-03,ur
5,D,D1,Active Participation Rate,1.0,YES,"50-75% actively participating (writing, discussing, solving).",0.62,BORDERLINE,strict,False,Lesson-03,ur
5,D,D2,Cognitive Engagement Level (Bloom's),0.0,NO,Students applying concepts to new problems (Bloom's Apply/Analyze).,0.93,CLEAR,strict,False,Lesson-03,ur
5,D,D3,Student-to-Student Interaction,0.0,NO,Students discuss content in pairs/groups; academic language used.,0.95,CLEAR,strict,False,Lesson-03,ur
5,D,D7,Inclusivity of Engagement,1.0,YES,Students across ability levels and genders are participating.,0.61,BORDERLINE,strict,False,Lesson-03,ur
5,B,B1,Instructional Clarity & Learning Objectives,0.0,NO,"Clear objective stated, referred to during lesson, linked to classroom activities.",0.68,BORDERLINE,strict,False,Lesson-03,ur
5,B,B3,Activities & Tasks Alignment,1.0,YES,Most activities directly support the learning objective.,0.72,BORDERLINE,strict,False,Lesson-03,ur
5,B,B4,Activation of Prior Knowledge,1.0,YES,Teacher connects new content to previously taught material.,0.6,BORDERLINE,strict,False,Lesson-03,ur
5,B,B5,Meaningful & Real-World Connections,1.0,YES,Content connected to students' lives or local context.,0.78,BORDERLINE,strict,False,Lesson-03,ur
5,B,B6,Differentiation / Catering to Learning Levels,0.0,NO,Tasks differentiated for at least 2 ability groups.,0.89,CLEAR,strict,False,Lesson-03,ur
5,B,B7,Use of Taleemabad Lesson Plan,0.0,NO,Plan followed with minor contextual adaptations.,0.72,BORDERLINE,strict,False,Lesson-03,ur
5,B,B8,Use of Prescribed Resources,0.0,NO,Key resources used as prescribed in lesson plan.,0.83,BORDERLINE,strict,False,Lesson-03,ur
5,B,B10,Lesson Closure & Consolidation,0.0,NO,"Structured closure: recap key points, check understanding.",0.86,CLEAR,strict,False,Lesson-03,ur
5,C,C1,Quality Questioning (Bloom's Aligned),0.0,NO,Purposeful mix including application & analysis questions. Open-ended questions dominate. Wait time given.,0.93,CLEAR,strict,False,Lesson-03,ur
5,C,C2,Responsive Re-explanation & Adaptive Teaching,0.0,NO,"Uses alternative representations (visual, concrete, analogy). Adjusts teaching to student level.",0.76,BORDERLINE,strict,False,Lesson-03,ur
5,C,C3,Effective Feedback,0.0,NO,Specific feedback on what was done well and what to improve. Actionable.,0.95,CLEAR,strict,False,Lesson-03,ur
5,C,C5,Student Agency & Voice,0.0,NO,Students make choices about how to demonstrate learning. Explore multiple perspectives.,0.88,CLEAR,strict,False,Lesson-03,ur
5,C,C7,Positive & Supportive Learning Environment,1.0,YES,"Warm, encouraging tone; mistakes treated as learning opportunities.",0.79,BORDERLINE,strict,False,Lesson-03,ur
5,C,C8,"Modeling, Scaffolding & Problem-Solving",0.0,NO,I Do -> We Do -> You Do scaffolding visible. Problem-solving and creativity modeled with clear strategies.,0.83,BORDERLINE,strict,False,Lesson-03,ur
5,C,C9,Collaborative Learning,0.0,NO,Purposeful pair/group tasks with clear roles. Students work towards synthesized solutions.,0.97,CLEAR,strict,False,Lesson-03,ur
5,C,C10,Integration of Taleemabad Technology,0.0,NO,Taleemabad videos/apps used to support learning objectives.,0.94,CLEAR,strict,False,Lesson-03,ur
5,C,C11,Self & Peer Assessment Facilitation,0.0,NO,Self- and peer-assessment structured and purposeful. Students use rubrics to assess work.,0.96,CLEAR,strict,False,Lesson-03,ur
5,C,C12,Classroom Resources & Space for Collaboration,0.0,NO,Resources and space well-organized for collaborative tasks. Materials accessible.,0.8,BORDERLINE,strict,False,Lesson-03,ur
5,F,F1,Content Accuracy,0.0,NO,Content is accurate; no errors observed.,0.73,BORDERLINE,strict,False,Lesson-03,ur
5,F,F2,Use of Academic Language,1.0,YES,Key terms used accurately and explained to students.,0.55,BORDERLINE,strict,False,Lesson-03,ur
5,F,F3,Anticipation of Student Misconceptions,0.0,NO,Anticipates and addresses at least 1-2 common misconceptions.,0.82,BORDERLINE,strict,False,Lesson-03,ur
5,F,F4,Depth of Explanation,0.0,NO,Explains the 'why' behind procedures; uses multiple representations.,0.8,BORDERLINE,strict,False,Lesson-03,ur
5,F,F5,Subject-Specific Pedagogy: MATH,,,Uses concrete -> pictorial -> abstract (CPA) progression; manipulatives present.,0.95,CLEAR,strict,True,Lesson-03,ur
5,F,F6,Subject-Specific Pedagogy: SCIENCE,,,Hands-on activities present; students make predictions and observations.,0.94,CLEAR,strict,True,Lesson-03,ur
5,F,F7,Subject-Specific Pedagogy: LITERACY / LANGUAGE,0.0,NO,"Teacher models reading strategies (prediction, summarizing, questioning). Balanced approach.",0.7,BORDERLINE,strict,False,Lesson-03,ur
5,F,F8,Cross-Curricular Connections,0.0,NO,Meaningful connections made to at least one other subject area.,0.58,BORDERLINE,strict,False,Lesson-03,ur
6,B,B1,Instructional Clarity & Learning Objectives,1.0,YES,"Clear objective stated, referred to during lesson, linked to classroom activities.",0.63,BORDERLINE,strict,False,Lesson-03,ur
6,B,B3,Activities & Tasks Alignment,1.0,YES,Most activities directly support the learning objective.,0.78,BORDERLINE,strict,False,Lesson-03,ur
6,B,B4,Activation of Prior Knowledge,1.0,YES,Teacher connects new content to previously taught material.,0.57,BORDERLINE,strict,False,Lesson-03,ur
6,B,B5,Meaningful & Real-World Connections,1.0,YES,Content connected to students' lives or local context.,0.8,BORDERLINE,strict,False,Lesson-03,ur
6,B,B6,Differentiation / Catering to Learning Levels,0.0,NO,Tasks differentiated for at least 2 ability groups.,0.87,CLEAR,strict,False,Lesson-03,ur
6,B,B7,Use of Taleemabad Lesson Plan,0.0,NO,Plan followed with minor contextual adaptations.,0.65,BORDERLINE,strict,False,Lesson-03,ur
6,B,B8,Use of Prescribed Resources,0.0,NO,Key resources used as prescribed in lesson plan.,0.83,BORDERLINE,strict,False,Lesson-03,ur
6,B,B10,Lesson Closure & Consolidation,0.0,NO,"Structured closure: recap key points, check understanding.",0.85,CLEAR,strict,False,Lesson-03,ur
6,C,C1,Quality Questioning (Bloom's Aligned),0.0,NO,Purposeful mix including application & analysis questions. Open-ended questions dominate. Wait time given.,0.94,CLEAR,strict,False,Lesson-03,ur
6,C,C2,Responsive Re-explanation & Adaptive Teaching,0.0,NO,"Uses alternative representations (visual, concrete, analogy). Adjusts teaching to student level.",0.79,BORDERLINE,strict,False,Lesson-03,ur
6,C,C3,Effective Feedback,0.0,NO,Specific feedback on what was done well and what to improve. Actionable.,0.95,CLEAR,strict,False,Lesson-03,ur
6,C,C5,Student Agency & Voice,0.0,NO,Students make choices about how to demonstrate learning. Explore multiple perspectives.,0.92,CLEAR,strict,False,Lesson-03,ur
6,C,C7,Positive & Supportive Learning Environment,1.0,YES,"Warm, encouraging tone; mistakes treated as learning opportunities.",0.76,BORDERLINE,strict,False,Lesson-03,ur
6,C,C8,"Modeling, Scaffolding & Problem-Solving",0.0,NO,I Do -> We Do -> You Do scaffolding visible. Problem-solving and creativity modeled with clear strategies.,0.83,BORDERLINE,strict,False,Lesson-03,ur
6,C,C9,Collaborative Learning,0.0,NO,Purposeful pair/group tasks with clear roles. Students work towards synthesized solutions.,0.97,CLEAR,strict,False,Lesson-03,ur
6,C,C10,Integration of Taleemabad Technology,0.0,NO,Taleemabad videos/apps used to support learning objectives.,0.95,CLEAR,strict,False,Lesson-03,ur
6,C,C11,Self & Peer Assessment Facilitation,0.0,NO,Self- and peer-assessment structured and purposeful. Students use rubrics to assess work.,0.96,CLEAR,strict,False,Lesson-03,ur
6,C,C12,Classroom Resources & Space for Collaboration,0.0,NO,Resources and space well-organized for collaborative tasks. Materials accessible.,0.85,CLEAR,strict,False,Lesson-03,ur
6,D,D1,Active Participation Rate,1.0,YES,"50-75% actively participating (writing, discussing, solving).",0.57,BORDERLINE,strict,False,Lesson-03,ur
6,D,D2,Cognitive Engagement Level (Bloom's),0.0,NO,Students applying concepts to new problems (Bloom's Apply/Analyze).,0.87,CLEAR,strict,False,Lesson-03,ur
6,D,D3,Student-to-Student Interaction,0.0,NO,Students discuss content in pairs/groups; academic language used.,0.95,CLEAR,strict,False,Lesson-03,ur
6,D,D7,Inclusivity of Engagement,1.0,YES,Students across ability levels and genders are participating.,0.63,BORDERLINE,strict,False,Lesson-03,ur
6,F,F1,Content Accuracy,0.0,NO,Content is accurate; no errors observed.,0.76,BORDERLINE,strict,False,Lesson-03,ur
6,F,F2,Use of Academic Language,1.0,YES,Key terms used accurately and explained to students.,0.56,BORDERLINE,strict,False,Lesson-03,ur
6,F,F3,Anticipation of Student Misconceptions,0.0,NO,Anticipates and addresses at least 1-2 common misconceptions.,0.9,CLEAR,strict,False,Lesson-03,ur
6,F,F4,Depth of Explanation,0.0,NO,Explains the 'why' behind procedures; uses multiple representations.,0.88,CLEAR,strict,False,Lesson-03,ur
6,F,F5,Subject-Specific Pedagogy: MATH,,,Uses concrete -> pictorial -> abstract (CPA) progression; manipulatives present.,0.95,CLEAR,strict,True,Lesson-03,ur
6,F,F6,Subject-Specific Pedagogy: SCIENCE,,,Hands-on activities present; students make predictions and observations.,0.94,CLEAR,strict,True,Lesson-03,ur
6,F,F7,Subject-Specific Pedagogy: LITERACY / LANGUAGE,0.0,NO,"Teacher models reading strategies (prediction, summarizing, questioning). Balanced approach.",0.82,BORDERLINE,strict,False,Lesson-03,ur
6,F,F8,Cross-Curricular Connections,0.0,NO,Meaningful connections made to at least one other subject area.,0.55,BORDERLINE,strict,False,Lesson-03,ur
7,B,B1,Instructional Clarity & Learning Objectives,0.0,NO,"Clear objective stated, referred to during lesson, linked to classroom activities.",0.7,BORDERLINE,strict,False,Lesson-03,ur
7,B,B3,Activities & Tasks Alignment,1.0,YES,Most activities directly support the learning objective.,0.72,BORDERLINE,strict,False,Lesson-03,ur
7,B,B4,Activation of Prior Knowledge,0.0,NO,Teacher connects new content to previously taught material.,0.62,BORDERLINE,strict,False,Lesson-03,ur
7,B,B5,Meaningful & Real-World Connections,1.0,YES,Content connected to students' lives or local context.,0.78,BORDERLINE,strict,False,Lesson-03,ur
7,B,B6,Differentiation / Catering to Learning Levels,0.0,NO,Tasks differentiated for at least 2 ability groups.,0.9,CLEAR,strict,False,Lesson-03,ur
7,B,B7,Use of Taleemabad Lesson Plan,0.0,NO,Plan followed with minor contextual adaptations.,0.6,BORDERLINE,strict,False,Lesson-03,ur
7,B,B8,Use of Prescribed Resources,0.0,NO,Key resources used as prescribed in lesson plan.,0.75,BORDERLINE,strict,False,Lesson-03,ur
7,B,B10,Lesson Closure & Consolidation,0.0,NO,"Structured closure: recap key points, check understanding.",0.82,BORDERLINE,strict,False,Lesson-03,ur
7,C,C1,Quality Questioning (Bloom's Aligned),0.0,NO,Purposeful mix including application & analysis questions. Open-ended questions dominate. Wait time given.,0.93,CLEAR,strict,False,Lesson-03,ur
7,C,C2,Responsive Re-explanation & Adaptive Teaching,0.0,NO,"Uses alternative representations (visual, concrete, analogy). Adjusts teaching to student level.",0.78,BORDERLINE,strict,False,Lesson-03,ur
7,C,C3,Effective Feedback,0.0,NO,Specific feedback on what was done well and what to improve. Actionable.,0.94,CLEAR,strict,False,Lesson-03,ur
7,C,C5,Student Agency & Voice,0.0,NO,Students make choices about how to demonstrate learning. Explore multiple perspectives.,0.9,CLEAR,strict,False,Lesson-03,ur
7,C,C7,Positive & Supportive Learning Environment,1.0,YES,"Warm, encouraging tone; mistakes treated as learning opportunities.",0.76,BORDERLINE,strict,False,Lesson-03,ur
7,C,C8,"Modeling, Scaffolding & Problem-Solving",0.0,NO,I Do -> We Do -> You Do scaffolding visible. Problem-solving and creativity modeled with clear strategies.,0.85,CLEAR,strict,False,Lesson-03,ur
7,C,C9,Collaborative Learning,0.0,NO,Purposeful pair/group tasks with clear roles. Students work towards synthesized solutions.,0.97,CLEAR,strict,False,Lesson-03,ur
7,C,C10,Integration of Taleemabad Technology,0.0,NO,Taleemabad videos/apps used to support learning objectives.,0.95,CLEAR,strict,False,Lesson-03,ur
7,C,C11,Self & Peer Assessment Facilitation,0.0,NO,Self- and peer-assessment structured and purposeful. Students use rubrics to assess work.,0.96,CLEAR,strict,False,Lesson-03,ur
7,C,C12,Classroom Resources & Space for Collaboration,0.0,NO,Resources and space well-organized for collaborative tasks. Materials accessible.,0.83,BORDERLINE,strict,False,Lesson-03,ur
7,D,D1,Active Participation Rate,1.0,YES,"50-75% actively participating (writing, discussing, solving).",0.62,BORDERLINE,strict,False,Lesson-03,ur
7,D,D2,Cognitive Engagement Level (Bloom's),0.0,NO,Students applying concepts to new problems (Bloom's Apply/Analyze).,0.94,CLEAR,strict,False,Lesson-03,ur
7,D,D3,Student-to-Student Interaction,0.0,NO,Students discuss content in pairs/groups; academic language used.,0.96,CLEAR,strict,False,Lesson-03,ur
7,D,D7,Inclusivity of Engagement,1.0,YES,Students across ability levels and genders are participating.,0.6,BORDERLINE,strict,False,Lesson-03,ur
7,F,F1,Content Accuracy,0.0,NO,Content is accurate; no errors observed.,0.78,BORDERLINE,strict,False,Lesson-03,ur
7,F,F2,Use of Academic Language,1.0,YES,Key terms used accurately and explained to students.,0.54,BORDERLINE,strict,False,Lesson-03,ur
7,F,F3,Anticipation of Student Misconceptions,0.0,NO,Anticipates and addresses at least 1-2 common misconceptions.,0.85,CLEAR,strict,False,Lesson-03,ur
7,F,F4,Depth of Explanation,0.0,NO,Explains the 'why' behind procedures; uses multiple representations.,0.88,CLEAR,strict,False,Lesson-03,ur
7,F,F5,Subject-Specific Pedagogy: MATH,,,Uses concrete -> pictorial -> abstract (CPA) progression; manipulatives present.,0.95,CLEAR,strict,True,Lesson-03,ur
7,F,F6,Subject-Specific Pedagogy: SCIENCE,,,Hands-on activities present; students make predictions and observations.,0.93,CLEAR,strict,True,Lesson-03,ur
7,F,F7,Subject-Specific Pedagogy: LITERACY / LANGUAGE,0.0,NO,"Teacher models reading strategies (prediction, summarizing, questioning). Balanced approach.",0.8,BORDERLINE,strict,False,Lesson-03,ur
7,F,F8,Cross-Curricular Connections,0.0,NO,Meaningful connections made to at least one other subject area.,0.66,BORDERLINE,strict,False,Lesson-03,ur
8,B,B1,Instructional Clarity & Learning Objectives,1.0,YES,"Clear objective stated, referred to during lesson, linked to classroom activities.",0.61,BORDERLINE,strict,False,Lesson-03,ur
8,B,B3,Activities & Tasks Alignment,1.0,YES,Most activities directly support the learning objective.,0.82,BORDERLINE,strict,False,Lesson-03,ur
8,B,B4,Activation of Prior Knowledge,1.0,YES,Teacher connects new content to previously taught material.,0.56,BORDERLINE,strict,False,Lesson-03,ur
8,B,B5,Meaningful & Real-World Connections,1.0,YES,Content connected to students' lives or local context.,0.83,BORDERLINE,strict,False,Lesson-03,ur
8,B,B6,Differentiation / Catering to Learning Levels,0.0,NO,Tasks differentiated for at least 2 ability groups.,0.9,CLEAR,strict,False,Lesson-03,ur
8,B,B7,Use of Taleemabad Lesson Plan,0.0,NO,Plan followed with minor contextual adaptations.,0.66,BORDERLINE,strict,False,Lesson-03,ur
8,B,B8,Use of Prescribed Resources,0.0,NO,Key resources used as prescribed in lesson plan.,0.79,BORDERLINE,strict,False,Lesson-03,ur
8,B,B10,Lesson Closure & Consolidation,0.0,NO,"Structured closure: recap key points, check understanding.",0.85,CLEAR,strict,False,Lesson-03,ur
8,D,D1,Active Participation Rate,1.0,YES,"50-75% actively participating (writing, discussing, solving).",0.63,BORDERLINE,strict,False,Lesson-03,ur
8,D,D2,Cognitive Engagement Level (Bloom's),0.0,NO,Students applying concepts to new problems (Bloom's Apply/Analyze).,0.94,CLEAR,strict,False,Lesson-03,ur
8,D,D3,Student-to-Student Interaction,0.0,NO,Students discuss content in pairs/groups; academic language used.,0.96,CLEAR,strict,False,Lesson-03,ur
8,D,D7,Inclusivity of Engagement,1.0,YES,Students across ability levels and genders are participating.,0.7,BORDERLINE,strict,False,Lesson-03,ur
8,C,C1,Quality Questioning (Bloom's Aligned),0.0,NO,Purposeful mix including application & analysis questions. Open-ended questions dominate. Wait time given.,0.94,CLEAR,strict,False,Lesson-03,ur
8,C,C2,Responsive Re-explanation & Adaptive Teaching,0.0,NO,"Uses alternative representations (visual, concrete, analogy). Adjusts teaching to student level.",0.78,BORDERLINE,strict,False,Lesson-03,ur
8,C,C3,Effective Feedback,0.0,NO,Specific feedback on what was done well and what to improve. Actionable.,0.95,CLEAR,strict,False,Lesson-03,ur
8,C,C5,Student Agency & Voice,0.0,NO,Students make choices about how to demonstrate learning. Explore multiple perspectives.,0.9,CLEAR,strict,False,Lesson-03,ur
8,C,C7,Positive & Supportive Learning Environment,1.0,YES,"Warm, encouraging tone; mistakes treated as learning opportunities.",0.72,BORDERLINE,strict,False,Lesson-03,ur
8,C,C8,"Modeling, Scaffolding & Problem-Solving",0.0,NO,I Do -> We Do -> You Do scaffolding visible. Problem-solving and creativity modeled with clear strategies.,0.85,CLEAR,strict,False,Lesson-03,ur
8,C,C9,Collaborative Learning,0.0,NO,Purposeful pair/group tasks with clear roles. Students work towards synthesized solutions.,0.96,CLEAR,strict,False,Lesson-03,ur
8,C,C10,Integration of Taleemabad Technology,0.0,NO,Taleemabad videos/apps used to support learning objectives.,0.95,CLEAR,strict,False,Lesson-03,ur
8,C,C11,Self & Peer Assessment Facilitation,0.0,NO,Self- and peer-assessment structured and purposeful. Students use rubrics to assess work.,0.96,CLEAR,strict,False,Lesson-03,ur
8,C,C12,Classroom Resources & Space for Collaboration,0.0,NO,Resources and space well-organized for collaborative tasks. Materials accessible.,0.8,BORDERLINE,strict,False,Lesson-03,ur
8,F,F1,Content Accuracy,0.0,NO,Content is accurate; no errors observed.,0.71,BORDERLINE,strict,False,Lesson-03,ur
8,F,F2,Use of Academic Language,1.0,YES,Key terms used accurately and explained to students.,0.55,BORDERLINE,strict,False,Lesson-03,ur
8,F,F3,Anticipation of Student Misconceptions,0.0,NO,Anticipates and addresses at least 1-2 common misconceptions.,0.86,CLEAR,strict,False,Lesson-03,ur
8,F,F4,Depth of Explanation,0.0,NO,Explains the 'why' behind procedures; uses multiple representations.,0.83,BORDERLINE,strict,False,Lesson-03,ur
8,F,F5,Subject-Specific Pedagogy: MATH,,,Uses concrete -> pictorial -> abstract (CPA) progression; manipulatives present.,0.95,CLEAR,strict,True,Lesson-03,ur
8,F,F6,Subject-Specific Pedagogy: SCIENCE,,,Hands-on activities present; students make predictions and observations.,0.93,CLEAR,strict,True,Lesson-03,ur
8,F,F7,Subject-Specific Pedagogy: LITERACY / LANGUAGE,0.0,NO,"Teacher models reading strategies (prediction, summarizing, questioning). Balanced approach.",0.82,BORDERLINE,strict,False,Lesson-03,ur
8,F,F8,Cross-Curricular Connections,0.0,NO,Meaningful connections made to at least one other subject area.,0.54,BORDERLINE,strict,False,Lesson-03,ur
9,D,D1,Active Participation Rate,1.0,YES,"50-75% actively participating (writing, discussing, solving).",0.66,BORDERLINE,strict,False,Lesson-03,ur
9,D,D2,Cognitive Engagement Level (Bloom's),0.0,NO,Students applying concepts to new problems (Bloom's Apply/Analyze).,0.88,CLEAR,strict,False,Lesson-03,ur
9,D,D3,Student-to-Student Interaction,0.0,NO,Students discuss content in pairs/groups; academic language used.,0.94,CLEAR,strict,False,Lesson-03,ur
9,D,D7,Inclusivity of Engagement,0.0,NO,Students across ability levels and genders are participating.,0.6,BORDERLINE,strict,False,Lesson-03,ur
9,C,C1,Quality Questioning (Bloom's Aligned),0.0,NO,Purposeful mix including application & analysis questions. Open-ended questions dominate. Wait time given.,0.93,CLEAR,strict,False,Lesson-03,ur
9,C,C2,Responsive Re-explanation & Adaptive Teaching,0.0,NO,"Uses alternative representations (visual, concrete, analogy). Adjusts teaching to student level.",0.75,BORDERLINE,strict,False,Lesson-03,ur
9,C,C3,Effective Feedback,0.0,NO,Specific feedback on what was done well and what to improve. Actionable.,0.94,CLEAR,strict,False,Lesson-03,ur
9,C,C5,Student Agency & Voice,0.0,NO,Students make choices about how to demonstrate learning. Explore multiple perspectives.,0.88,CLEAR,strict,False,Lesson-03,ur
9,C,C7,Positive & Supportive Learning Environment,1.0,YES,"Warm, encouraging tone; mistakes treated as learning opportunities.",0.79,BORDERLINE,strict,False,Lesson-03,ur
9,C,C8,"Modeling, Scaffolding & Problem-Solving",0.0,NO,I Do -> We Do -> You Do scaffolding visible. Problem-solving and creativity modeled with clear strategies.,0.82,BORDERLINE,strict,False,Lesson-03,ur
9,C,C9,Collaborative Learning,0.0,NO,Purposeful pair/group tasks with clear roles. Students work towards synthesized solutions.,0.96,CLEAR,strict,False,Lesson-03,ur
9,C,C10,Integration of Taleemabad Technology,0.0,NO,Taleemabad videos/apps used to support learning objectives.,0.93,CLEAR,strict,False,Lesson-03,ur
9,C,C11,Self & Peer Assessment Facilitation,0.0,NO,Self- and peer-assessment structured and purposeful. Students use rubrics to assess work.,0.95,CLEAR,strict,False,Lesson-03,ur
9,C,C12,Classroom Resources & Space for Collaboration,0.0,NO,Resources and space well-organized for collaborative tasks. Materials accessible.,0.74,BORDERLINE,strict,False,Lesson-03,ur
9,B,B1,Instructional Clarity & Learning Objectives,0.0,NO,"Clear objective stated, referred to during lesson, linked to classroom activities.",0.57,BORDERLINE,strict,False,Lesson-03,ur
9,B,B3,Activities & Tasks Alignment,1.0,YES,Most activities directly support the learning objective.,0.85,CLEAR,strict,False,Lesson-03,ur
9,B,B4,Activation of Prior Knowledge,1.0,YES,Teacher connects new content to previously taught material.,0.62,BORDERLINE,strict,False,Lesson-03,ur
9,B,B5,Meaningful & Real-World Connections,1.0,YES,Content connected to students' lives or local context.,0.89,CLEAR,strict,False,Lesson-03,ur
9,B,B6,Differentiation / Catering to Learning Levels,0.0,NO,Tasks differentiated for at least 2 ability groups.,0.91,CLEAR,strict,False,Lesson-03,ur
9,B,B7,Use of Taleemabad Lesson Plan,0.0,NO,Plan followed with minor contextual adaptations.,0.82,BORDERLINE,strict,False,Lesson-03,ur
9,B,B8,Use of Prescribed Resources,0.0,NO,Key resources used as prescribed in lesson plan.,0.86,CLEAR,strict,False,Lesson-03,ur
9,B,B10,Lesson Closure & Consolidation,0.0,NO,"Structured closure: recap key points, check understanding.",0.9,CLEAR,strict,False,Lesson-03,ur
9,F,F1,Content Accuracy,0.0,NO,Content is accurate; no errors observed.,0.79,BORDERLINE,strict,False,Lesson-03,ur
9,F,F2,Use of Academic Language,1.0,YES,Key terms used accurately and explained to students.,0.56,BORDERLINE,strict,False,Lesson-03,ur
9,F,F3,Anticipation of Student Misconceptions,0.0,NO,Anticipates and addresses at least 1-2 common misconceptions.,0.75,BORDERLINE,strict,False,Lesson-03,ur
9,F,F4,Depth of Explanation,0.0,NO,Explains the 'why' behind procedures; uses multiple representations.,0.85,CLEAR,strict,False,Lesson-03,ur
9,F,F5,Subject-Specific Pedagogy: MATH,,,Uses concrete -> pictorial -> abstract (CPA) progression; manipulatives present.,0.95,CLEAR,strict,True,Lesson-03,ur
9,F,F6,Subject-Specific Pedagogy: SCIENCE,,,Hands-on activities present; students make predictions and observations.,0.9,CLEAR,strict,True,Lesson-03,ur
9,F,F7,Subject-Specific Pedagogy: LITERACY / LANGUAGE,0.0,NO,"Teacher models reading strategies (prediction, summarizing, questioning). Balanced approach.",0.86,CLEAR,strict,False,Lesson-03,ur
9,F,F8,Cross-Curricular Connections,1.0,YES,Meaningful connections made to at least one other subject area.,0.55,BORDERLINE,strict,False,Lesson-03,ur
0,B,B1,Instructional Clarity & Learning Objectives,0.0,NO,"Clear objective stated, referred to during lesson, linked to classroom activities.",0.93,CLEAR,strict,False,Lesson-04,en
0,B,B3,Activities & Tasks Alignment,1.0,YES,Most activities directly support the learning objective.,0.6,BORDERLINE,strict,False,Lesson-04,en
0,B,B4,Activation of Prior Knowledge,0.0,NO,Teacher connects new content to previously taught material.,0.66,BORDERLINE,strict,False,Lesson-04,en
0,B,B5,Meaningful & Real-World Connections,0.0,NO,Content connected to students' lives or local context.,0.8,BORDERLINE,strict,False,Lesson-04,en
0,B,B6,Differentiation / Catering to Learning Levels,0.0,NO,Tasks differentiated for at least 2 ability groups.,0.92,CLEAR,strict,False,Lesson-04,en
0,B,B7,Use of Taleemabad Lesson Plan,0.0,NO,Plan followed with minor contextual adaptations.,0.74,BORDERLINE,strict,False,Lesson-04,en
0,B,B8,Use of Prescribed Resources,0.0,NO,Key resources used as prescribed in lesson plan.,0.7,BORDERLINE,strict,False,Lesson-04,en
0,B,B10,Lesson Closure & Consolidation,0.0,NO,"Structured closure: recap key points, check understanding.",0.91,CLEAR,strict,False,Lesson-04,en
0,D,D1,Active Participation Rate,0.0,NO,"50-75% actively participating (writing, discussing, solving).",0.63,BORDERLINE,strict,False,Lesson-04,en
0,D,D2,Cognitive Engagement Level (Bloom's),0.0,NO,Students applying concepts to new problems (Bloom's Apply/Analyze).,0.85,CLEAR,strict,False,Lesson-04,en
0,D,D3,Student-to-Student Interaction,0.0,NO,Students discuss content in pairs/groups; academic language used.,0.86,CLEAR,strict,False,Lesson-04,en
0,D,D7,Inclusivity of Engagement,0.0,NO,Students across ability levels and genders are participating.,0.68,BORDERLINE,strict,False,Lesson-04,en
0,C,C1,Quality Questioning (Bloom's Aligned),0.0,NO,Purposeful mix including application & analysis questions. Open-ended questions dominate. Wait time given.,0.95,CLEAR,strict,False,Lesson-04,en
0,C,C2,Responsive Re-explanation & Adaptive Teaching,0.0,NO,"Uses alternative representations (visual, concrete, analogy). Adjusts teaching to student level.",0.83,BORDERLINE,strict,False,Lesson-04,en
0,C,C3,Effective Feedback,0.0,NO,Specific feedback on what was done well and what to improve. Actionable.,0.92,CLEAR,strict,False,Lesson-04,en
0,C,C5,Student Agency & Voice,0.0,NO,Students make choices about how to demonstrate learning. Explore multiple perspectives.,0.88,CLEAR,strict,False,Lesson-04,en
0,C,C7,Positive & Supportive Learning Environment,1.0,YES,"Warm, encouraging tone; mistakes treated as learning opportunities.",0.62,BORDERLINE,strict,False,Lesson-04,en
0,C,C8,"Modeling, Scaffolding & Problem-Solving",0.0,NO,I Do -> We Do -> You Do scaffolding visible. Problem-solving and creativity modeled with clear strategies.,0.78,BORDERLINE,strict,False,Lesson-04,en
0,C,C9,Collaborative Learning,0.0,NO,Purposeful pair/group tasks with clear roles. Students work towards synthesized solutions.,0.7,BORDERLINE,strict,False,Lesson-04,en
0,C,C10,Integration of Taleemabad Technology,0.0,NO,Taleemabad videos/apps used to support learning objectives.,0.88,CLEAR,strict,False,Lesson-04,en
0,C,C11,Self & Peer Assessment Facilitation,0.0,NO,Self- and peer-assessment structured and purposeful. Students use rubrics to assess work.,0.95,CLEAR,strict,False,Lesson-04,en
0,C,C12,Classroom Resources & Space for Collaboration,0.0,NO,Resources and space well-organized for collaborative tasks. Materials accessible.,0.68,BORDERLINE,strict,False,Lesson-04,en
0,F,F1,Content Accuracy,1.0,YES,Content is accurate; no errors observed.,0.57,BORDERLINE,strict,False,Lesson-04,en
0,F,F2,Use of Academic Language,1.0,YES,Key terms used accurately and explained to students.,0.58,BORDERLINE,strict,False,Lesson-04,en
0,F,F3,Anticipation of Student Misconceptions,0.0,NO,Anticipates and addresses at least 1-2 common misconceptions.,0.7,BORDERLINE,strict,False,Lesson-04,en
0,F,F4,Depth of Explanation,0.0,NO,Explains the 'why' behind procedures; uses multiple representations.,0.76,BORDERLINE,strict,False,Lesson-04,en
0,F,F5,Subject-Specific Pedagogy: MATH,,,Uses concrete -> pictorial -> abstract (CPA) progression; manipulatives present.,0.93,CLEAR,strict,True,Lesson-04,en
0,F,F6,Subject-Specific Pedagogy: SCIENCE,,,Hands-on activities present; students make predictions and observations.,0.93,CLEAR,strict,True,Lesson-04,en
0,F,F7,Subject-Specific Pedagogy: LITERACY / LANGUAGE,0.0,NO,"Teacher models reading strategies (prediction, summarizing, questioning). Balanced approach.",0.82,BORDERLINE,strict,False,Lesson-04,en
0,F,F8,Cross-Curricular Connections,0.0,NO,Meaningful connections made to at least one other subject area.,0.86,CLEAR,strict,False,Lesson-04,en
1,B,B1,Instructional Clarity & Learning Objectives,0.0,NO,"Clear objective stated, referred to during lesson, linked to classroom activities.",0.9,CLEAR,strict,False,Lesson-04,en
1,B,B3,Activities & Tasks Alignment,1.0,YES,Most activities directly support the learning objective.,0.56,BORDERLINE,strict,False,Lesson-04,en
1,B,B4,Activation of Prior Knowledge,0.0,NO,Teacher connects new content to previously taught material.,0.72,BORDERLINE,strict,False,Lesson-04,en
1,B,B5,Meaningful & Real-World Connections,0.0,NO,Content connected to students' lives or local context.,0.71,BORDERLINE,strict,False,Lesson-04,en
1,B,B6,Differentiation / Catering to Learning Levels,0.0,NO,Tasks differentiated for at least 2 ability groups.,0.92,CLEAR,strict,False,Lesson-04,en
1,B,B7,Use of Taleemabad Lesson Plan,0.0,NO,Plan followed with minor contextual adaptations.,0.68,BORDERLINE,strict,False,Lesson-04,en
1,B,B8,Use of Prescribed Resources,0.0,NO,Key resources used as prescribed in lesson plan.,0.65,BORDERLINE,strict,False,Lesson-04,en
1,B,B10,Lesson Closure & Consolidation,0.0,NO,"Structured closure: recap key points, check understanding.",0.88,CLEAR,strict,False,Lesson-04,en
1,C,C1,Quality Questioning (Bloom's Aligned),0.0,NO,Purposeful mix including application & analysis questions. Open-ended questions dominate. Wait time given.,0.95,CLEAR,strict,False,Lesson-04,en
1,C,C2,Responsive Re-explanation & Adaptive Teaching,0.0,NO,"Uses alternative representations (visual, concrete, analogy). Adjusts teaching to student level.",0.78,BORDERLINE,strict,False,Lesson-04,en
1,C,C3,Effective Feedback,0.0,NO,Specific feedback on what was done well and what to improve. Actionable.,0.93,CLEAR,strict,False,Lesson-04,en
1,C,C5,Student Agency & Voice,0.0,NO,Students make choices about how to demonstrate learning. Explore multiple perspectives.,0.92,CLEAR,strict,False,Lesson-04,en
1,C,C7,Positive & Supportive Learning Environment,1.0,YES,"Warm, encouraging tone; mistakes treated as learning opportunities.",0.58,BORDERLINE,strict,False,Lesson-04,en
1,C,C8,"Modeling, Scaffolding & Problem-Solving",0.0,NO,I Do -> We Do -> You Do scaffolding visible. Problem-solving and creativity modeled with clear strategies.,0.68,BORDERLINE,strict,False,Lesson-04,en
1,C,C9,Collaborative Learning,0.0,NO,Purposeful pair/group tasks with clear roles. Students work towards synthesized solutions.,0.58,BORDERLINE,strict,False,Lesson-04,en
1,C,C10,Integration of Taleemabad Technology,0.0,NO,Taleemabad videos/apps used to support learning objectives.,0.85,CLEAR,strict,False,Lesson-04,en
1,C,C11,Self & Peer Assessment Facilitation,0.0,NO,Self- and peer-assessment structured and purposeful. Students use rubrics to assess work.,0.95,CLEAR,strict,False,Lesson-04,en
1,C,C12,Classroom Resources & Space for Collaboration,0.0,NO,Resources and space well-organized for collaborative tasks. Materials accessible.,0.6,BORDERLINE,strict,False,Lesson-04,en
1,D,D1,Active Participation Rate,0.0,NO,"50-75% actively participating (writing, discussing, solving).",0.57,BORDERLINE,strict,False,Lesson-04,en
1,D,D2,Cognitive Engagement Level (Bloom's),0.0,NO,Students applying concepts to new problems (Bloom's Apply/Analyze).,0.62,BORDERLINE,strict,False,Lesson-04,en
1,D,D3,Student-to-Student Interaction,0.0,NO,Students discuss content in pairs/groups; academic language used.,0.72,BORDERLINE,strict,False,Lesson-04,en
1,D,D7,Inclusivity of Engagement,0.0,NO,Students across ability levels and genders are participating.,0.63,BORDERLINE,strict,False,Lesson-04,en
1,F,F1,Content Accuracy,0.0,NO,Content is accurate; no errors observed.,0.56,BORDERLINE,strict,False,Lesson-04,en
1,F,F2,Use of Academic Language,1.0,YES,Key terms used accurately and explained to students.,0.54,BORDERLINE,strict,False,Lesson-04,en
1,F,F3,Anticipation of Student Misconceptions,0.0,NO,Anticipates and addresses at least 1-2 common misconceptions.,0.62,BORDERLINE,strict,False,Lesson-04,en
1,F,F4,Depth of Explanation,0.0,NO,Explains the 'why' behind procedures; uses multiple representations.,0.82,BORDERLINE,strict,False,Lesson-04,en
1,F,F5,Subject-Specific Pedagogy: MATH,,,Uses concrete -> pictorial -> abstract (CPA) progression; manipulatives present.,0.93,CLEAR,strict,True,Lesson-04,en
1,F,F6,Subject-Specific Pedagogy: SCIENCE,,,Hands-on activities present; students make predictions and observations.,0.93,CLEAR,strict,True,Lesson-04,en
1,F,F7,Subject-Specific Pedagogy: LITERACY / LANGUAGE,0.0,NO,"Teacher models reading strategies (prediction, summarizing, questioning). Balanced approach.",0.83,BORDERLINE,strict,False,Lesson-04,en
1,F,F8,Cross-Curricular Connections,0.0,NO,Meaningful connections made to at least one other subject area.,0.84,BORDERLINE,strict,False,Lesson-04,en
2,D,D1,Active Participation Rate,0.0,NO,"50-75% actively participating (writing, discussing, solving).",0.66,BORDERLINE,strict,False,Lesson-04,en
2,D,D2,Cognitive Engagement Level (Bloom's),0.0,NO,Students applying concepts to new problems (Bloom's Apply/Analyze).,0.83,BORDERLINE,strict,False,Lesson-04,en
2,D,D3,Student-to-Student Interaction,0.0,NO,Students discuss content in pairs/groups; academic language used.,0.72,BORDERLINE,strict,False,Lesson-04,en
2,D,D7,Inclusivity of Engagement,0.0,NO,Students across ability levels and genders are participating.,0.62,BORDERLINE,strict,False,Lesson-04,en
2,B,B1,Instructional Clarity & Learning Objectives,0.0,NO,"Clear objective stated, referred to during lesson, linked to classroom activities.",0.93,CLEAR,strict,False,Lesson-04,en
2,B,B3,Activities & Tasks Alignment,0.0,NO,Most activities directly support the learning objective.,0.68,BORDERLINE,strict,False,Lesson-04,en
2,B,B4,Activation of Prior Knowledge,0.0,NO,Teacher connects new content to previously taught material.,0.7,BORDERLINE,strict,False,Lesson-04,en
2,B,B5,Meaningful & Real-World Connections,0.0,NO,Content connected to students' lives or local context.,0.78,BORDERLINE,strict,False,Lesson-04,en
2,B,B6,Differentiation / Catering to Learning Levels,0.0,NO,Tasks differentiated for at least 2 ability groups.,0.92,CLEAR,strict,False,Lesson-04,en
2,B,B7,Use of Taleemabad Lesson Plan,0.0,NO,Plan followed with minor contextual adaptations.,0.72,BORDERLINE,strict,False,Lesson-04,en
2,B,B8,Use of Prescribed Resources,0.0,NO,Key resources used as prescribed in lesson plan.,0.75,BORDERLINE,strict,False,Lesson-04,en
2,B,B10,Lesson Closure & Consolidation,0.0,NO,"Structured closure: recap key points, check understanding.",0.94,CLEAR,strict,False,Lesson-04,en
2,C,C1,Quality Questioning (Bloom's Aligned),0.0,NO,Purposeful mix including application & analysis questions. Open-ended questions dominate. Wait time given.,0.95,CLEAR,strict,False,Lesson-04,en
2,C,C2,Responsive Re-explanation & Adaptive Teaching,0.0,NO,"Uses alternative representations (visual, concrete, analogy). Adjusts teaching to student level.",0.82,BORDERLINE,strict,False,Lesson-04,en
2,C,C3,Effective Feedback,0.0,NO,Specific feedback on what was done well and what to improve. Actionable.,0.92,CLEAR,strict,False,Lesson-04,en
2,C,C5,Student Agency & Voice,0.0,NO,Students make choices about how to demonstrate learning. Explore multiple perspectives.,0.9,CLEAR,strict,False,Lesson-04,en
2,C,C7,Positive & Supportive Learning Environment,0.0,NO,"Warm, encouraging tone; mistakes treated as learning opportunities.",0.6,BORDERLINE,strict,False,Lesson-04,en
2,C,C8,"Modeling, Scaffolding & Problem-Solving",0.0,NO,I Do -> We Do -> You Do scaffolding visible. Problem-solving and creativity modeled with clear strategies.,0.8,BORDERLINE,strict,False,Lesson-04,en
2,C,C9,Collaborative Learning,0.0,NO,Purposeful pair/group tasks with clear roles. Students work towards synthesized solutions.,0.72,BORDERLINE,strict,False,Lesson-04,en
2,C,C10,Integration of Taleemabad Technology,0.0,NO,Taleemabad videos/apps used to support learning objectives.,0.85,CLEAR,strict,False,Lesson-04,en
2,C,C11,Self & Peer Assessment Facilitation,0.0,NO,Self- and peer-assessment structured and purposeful. Students use rubrics to assess work.,0.96,CLEAR,strict,False,Lesson-04,en
2,C,C12,Classroom Resources & Space for Collaboration,0.0,NO,Resources and space well-organized for collaborative tasks. Materials accessible.,0.7,BORDERLINE,strict,False,Lesson-04,en
2,F,F1,Content Accuracy,0.0,NO,Content is accurate; no errors observed.,0.63,BORDERLINE,strict,False,Lesson-04,en
2,F,F2,Use of Academic Language,0.0,NO,Key terms used accurately and explained to students.,0.56,BORDERLINE,strict,False,Lesson-04,en
2,F,F3,Anticipation of Student Misconceptions,0.0,NO,Anticipates and addresses at least 1-2 common misconceptions.,0.62,BORDERLINE,strict,False,Lesson-04,en
2,F,F4,Depth of Explanation,0.0,NO,Explains the 'why' behind procedures; uses multiple representations.,0.85,CLEAR,strict,False,Lesson-04,en
2,F,F5,Subject-Specific Pedagogy: MATH,,,Uses concrete -> pictorial -> abstract (CPA) progression; manipulatives present.,0.95,CLEAR,strict,True,Lesson-04,en
2,F,F6,Subject-Specific Pedagogy: SCIENCE,,,Hands-on activities present; students make predictions and observations.,0.95,CLEAR,strict,True,Lesson-04,en
2,F,F7,Subject-Specific Pedagogy: LITERACY / LANGUAGE,0.0,NO,"Teacher models reading strategies (prediction, summarizing, questioning). Balanced approach.",0.88,CLEAR,strict,False,Lesson-04,en
2,F,F8,Cross-Curricular Connections,0.0,NO,Meaningful connections made to at least one other subject area.,0.86,CLEAR,strict,False,Lesson-04,en
3,B,B1,Instructional Clarity & Learning Objectives,0.0,NO,"Clear objective stated, referred to during lesson, linked to classroom activities.",0.89,CLEAR,strict,False,Lesson-04,en
3,B,B3,Activities & Tasks Alignment,1.0,YES,Most activities directly support the learning objective.,0.58,BORDERLINE,strict,False,Lesson-04,en
3,B,B4,Activation of Prior Knowledge,0.0,NO,Teacher connects new content to previously taught material.,0.66,BORDERLINE,strict,False,Lesson-04,en
3,B,B5,Meaningful & Real-World Connections,0.0,NO,Content connected to students' lives or local context.,0.78,BORDERLINE,strict,False,Lesson-04,en
3,B,B6,Differentiation / Catering to Learning Levels,0.0,NO,Tasks differentiated for at least 2 ability groups.,0.88,CLEAR,strict,False,Lesson-04,en
3,B,B7,Use of Taleemabad Lesson Plan,0.0,NO,Plan followed with minor contextual adaptations.,0.7,BORDERLINE,strict,False,Lesson-04,en
3,B,B8,Use of Prescribed Resources,0.0,NO,Key resources used as prescribed in lesson plan.,0.7,BORDERLINE,strict,False,Lesson-04,en
3,B,B10,Lesson Closure & Consolidation,0.0,NO,"Structured closure: recap key points, check understanding.",0.9,CLEAR,strict,False,Lesson-04,en
3,C,C1,Quality Questioning (Bloom's Aligned),0.0,NO,Purposeful mix including application & analysis questions. Open-ended questions dominate. Wait time given.,0.95,CLEAR,strict,False,Lesson-04,en
3,C,C2,Responsive Re-explanation & Adaptive Teaching,0.0,NO,"Uses alternative representations (visual, concrete, analogy). Adjusts teaching to student level.",0.83,BORDERLINE,strict,False,Lesson-04,en
3,C,C3,Effective Feedback,0.0,NO,Specific feedback on what was done well and what to improve. Actionable.,0.92,CLEAR,strict,False,Lesson-04,en
3,C,C5,Student Agency & Voice,0.0,NO,Students make choices about how to demonstrate learning. Explore multiple perspectives.,0.88,CLEAR,strict,False,Lesson-04,en
3,C,C7,Positive & Supportive Learning Environment,1.0,YES,"Warm, encouraging tone; mistakes treated as learning opportunities.",0.62,BORDERLINE,strict,False,Lesson-04,en
3,C,C8,"Modeling, Scaffolding & Problem-Solving",0.0,NO,I Do -> We Do -> You Do scaffolding visible. Problem-solving and creativity modeled with clear strategies.,0.78,BORDERLINE,strict,False,Lesson-04,en
3,C,C9,Collaborative Learning,0.0,NO,Purposeful pair/group tasks with clear roles. Students work towards synthesized solutions.,0.72,BORDERLINE,strict,False,Lesson-04,en
3,C,C10,Integration of Taleemabad Technology,0.0,NO,Taleemabad videos/apps used to support learning objectives.,0.85,CLEAR,strict,False,Lesson-04,en
3,C,C11,Self & Peer Assessment Facilitation,0.0,NO,Self- and peer-assessment structured and purposeful. Students use rubrics to assess work.,0.95,CLEAR,strict,False,Lesson-04,en
3,C,C12,Classroom Resources & Space for Collaboration,0.0,NO,Resources and space well-organized for collaborative tasks. Materials accessible.,0.66,BORDERLINE,strict,False,Lesson-04,en
3,D,D1,Active Participation Rate,0.0,NO,"50-75% actively participating (writing, discussing, solving).",0.62,BORDERLINE,strict,False,Lesson-04,en
3,D,D2,Cognitive Engagement Level (Bloom's),0.0,NO,Students applying concepts to new problems (Bloom's Apply/Analyze).,0.6,BORDERLINE,strict,False,Lesson-04,en
3,D,D3,Student-to-Student Interaction,0.0,NO,Students discuss content in pairs/groups; academic language used.,0.86,CLEAR,strict,False,Lesson-04,en
3,D,D7,Inclusivity of Engagement,0.0,NO,Students across ability levels and genders are participating.,0.63,BORDERLINE,strict,False,Lesson-04,en
3,F,F1,Content Accuracy,1.0,YES,Content is accurate; no errors observed.,0.6,BORDERLINE,strict,False,Lesson-04,en
3,F,F2,Use of Academic Language,1.0,YES,Key terms used accurately and explained to students.,0.55,BORDERLINE,strict,False,Lesson-04,en
3,F,F3,Anticipation of Student Misconceptions,0.0,NO,Anticipates and addresses at least 1-2 common misconceptions.,0.76,BORDERLINE,strict,False,Lesson-04,en
3,F,F4,Depth of Explanation,0.0,NO,Explains the 'why' behind procedures; uses multiple representations.,0.86,CLEAR,strict,False,Lesson-04,en
3,F,F5,Subject-Specific Pedagogy: MATH,,,Uses concrete -> pictorial -> abstract (CPA) progression; manipulatives present.,0.93,CLEAR,strict,True,Lesson-04,en
3,F,F6,Subject-Specific Pedagogy: SCIENCE,,,Hands-on activities present; students make predictions and observations.,0.93,CLEAR,strict,True,Lesson-04,en
3,F,F7,Subject-Specific Pedagogy: LITERACY / LANGUAGE,0.0,NO,"Teacher models reading strategies (prediction, summarizing, questioning). Balanced approach.",0.79,BORDERLINE,strict,False,Lesson-04,en
3,F,F8,Cross-Curricular Connections,0.0,NO,Meaningful connections made to at least one other subject area.,0.85,CLEAR,strict,False,Lesson-04,en
4,C,C1,Quality Questioning (Bloom's Aligned),0.0,NO,Purposeful mix including application & analysis questions. Open-ended questions dominate. Wait time given.,0.95,CLEAR,strict,False,Lesson-04,en
4,C,C2,Responsive Re-explanation & Adaptive Teaching,0.0,NO,"Uses alternative representations (visual, concrete, analogy). Adjusts teaching to student level.",0.78,BORDERLINE,strict,False,Lesson-04,en
4,C,C3,Effective Feedback,0.0,NO,Specific feedback on what was done well and what to improve. Actionable.,0.9,CLEAR,strict,False,Lesson-04,en
4,C,C5,Student Agency & Voice,0.0,NO,Students make choices about how to demonstrate learning. Explore multiple perspectives.,0.92,CLEAR,strict,False,Lesson-04,en
4,C,C7,Positive & Supportive Learning Environment,1.0,YES,"Warm, encouraging tone; mistakes treated as learning opportunities.",0.62,BORDERLINE,strict,False,Lesson-04,en
4,C,C8,"Modeling, Scaffolding & Problem-Solving",0.0,NO,I Do -> We Do -> You Do scaffolding visible. Problem-solving and creativity modeled with clear strategies.,0.83,BORDERLINE,strict,False,Lesson-04,en
4,C,C9,Collaborative Learning,0.0,NO,Purposeful pair/group tasks with clear roles. Students work towards synthesized solutions.,0.7,BORDERLINE,strict,False,Lesson-04,en
4,C,C10,Integration of Taleemabad Technology,0.0,NO,Taleemabad videos/apps used to support learning objectives.,0.88,CLEAR,strict,False,Lesson-04,en
4,C,C11,Self & Peer Assessment Facilitation,0.0,NO,Self- and peer-assessment structured and purposeful. Students use rubrics to assess work.,0.95,CLEAR,strict,False,Lesson-04,en
4,C,C12,Classroom Resources & Space for Collaboration,0.0,NO,Resources and space well-organized for collaborative tasks. Materials accessible.,0.65,BORDERLINE,strict,False,Lesson-04,en
4,B,B1,Instructional Clarity & Learning Objectives,0.0,NO,"Clear objective stated, referred to during lesson, linked to classroom activities.",0.93,CLEAR,strict,False,Lesson-04,en
4,B,B3,Activities & Tasks Alignment,0.0,NO,Most activities directly support the learning objective.,0.57,BORDERLINE,strict,False,Lesson-04,en
4,B,B4,Activation of Prior Knowledge,1.0,YES,Teacher connects new content to previously taught material.,0.57,BORDERLINE,strict,False,Lesson-04,en
4,B,B5,Meaningful & Real-World Connections,0.0,NO,Content connected to students' lives or local context.,0.75,BORDERLINE,strict,False,Lesson-04,en
4,B,B6,Differentiation / Catering to Learning Levels,0.0,NO,Tasks differentiated for at least 2 ability groups.,0.94,CLEAR,strict,False,Lesson-04,en
4,B,B7,Use of Taleemabad Lesson Plan,0.0,NO,Plan followed with minor contextual adaptations.,0.85,CLEAR,strict,False,Lesson-04,en
4,B,B8,Use of Prescribed Resources,0.0,NO,Key resources used as prescribed in lesson plan.,0.82,BORDERLINE,strict,False,Lesson-04,en
4,B,B10,Lesson Closure & Consolidation,0.0,NO,"Structured closure: recap key points, check understanding.",0.9,CLEAR,strict,False,Lesson-04,en
4,D,D1,Active Participation Rate,0.0,NO,"50-75% actively participating (writing, discussing, solving).",0.6,BORDERLINE,strict,False,Lesson-04,en
4,D,D2,Cognitive Engagement Level (Bloom's),0.0,NO,Students applying concepts to new problems (Bloom's Apply/Analyze).,0.57,BORDERLINE,strict,False,Lesson-04,en
4,D,D3,Student-to-Student Interaction,0.0,NO,Students discuss content in pairs/groups; academic language used.,0.75,BORDERLINE,strict,False,Lesson-04,en
4,D,D7,Inclusivity of Engagement,0.0,NO,Students across ability levels and genders are participating.,0.76,BORDERLINE,strict,False,Lesson-04,en
4,F,F1,Content Accuracy,0.0,NO,Content is accurate; no errors observed.,0.55,BORDERLINE,strict,False,Lesson-04,en
4,F,F2,Use of Academic Language,1.0,YES,Key terms used accurately and explained to students.,0.55,BORDERLINE,strict,False,Lesson-04,en
4,F,F3,Anticipation of Student Misconceptions,0.0,NO,Anticipates and addresses at least 1-2 common misconceptions.,0.83,BORDERLINE,strict,False,Lesson-04,en
4,F,F4,Depth of Explanation,0.0,NO,Explains the 'why' behind procedures; uses multiple representations.,0.88,CLEAR,strict,False,Lesson-04,en
4,F,F5,Subject-Specific Pedagogy: MATH,,,Uses concrete -> pictorial -> abstract (CPA) progression; manipulatives present.,0.95,CLEAR,strict,True,Lesson-04,en
4,F,F6,Subject-Specific Pedagogy: SCIENCE,,,Hands-on activities present; students make predictions and observations.,0.95,CLEAR,strict,True,Lesson-04,en
4,F,F7,Subject-Specific Pedagogy: LITERACY / LANGUAGE,0.0,NO,"Teacher models reading strategies (prediction, summarizing, questioning). Balanced approach.",0.85,CLEAR,strict,False,Lesson-04,en
4,F,F8,Cross-Curricular Connections,0.0,NO,Meaningful connections made to at least one other subject area.,0.86,CLEAR,strict,False,Lesson-04,en
5,D,D1,Active Participation Rate,0.0,NO,"50-75% actively participating (writing, discussing, solving).",0.66,BORDERLINE,strict,False,Lesson-04,en
5,D,D2,Cognitive Engagement Level (Bloom's),0.0,NO,Students applying concepts to new problems (Bloom's Apply/Analyze).,0.82,BORDERLINE,strict,False,Lesson-04,en
5,D,D3,Student-to-Student Interaction,0.0,NO,Students discuss content in pairs/groups; academic language used.,0.72,BORDERLINE,strict,False,Lesson-04,en
5,D,D7,Inclusivity of Engagement,0.0,NO,Students across ability levels and genders are participating.,0.62,BORDERLINE,strict,False,Lesson-04,en
5,B,B1,Instructional Clarity & Learning Objectives,0.0,NO,"Clear objective stated, referred to during lesson, linked to classroom activities.",0.92,CLEAR,strict,False,Lesson-04,en
5,B,B3,Activities & Tasks Alignment,1.0,YES,Most activities directly support the learning objective.,0.6,BORDERLINE,strict,False,Lesson-04,en
5,B,B4,Activation of Prior Knowledge,0.0,NO,Teacher connects new content to previously taught material.,0.68,BORDERLINE,strict,False,Lesson-04,en
5,B,B5,Meaningful & Real-World Connections,0.0,NO,Content connected to students' lives or local context.,0.72,BORDERLINE,strict,False,Lesson-04,en
5,B,B6,Differentiation / Catering to Learning Levels,0.0,NO,Tasks differentiated for at least 2 ability groups.,0.93,CLEAR,strict,False,Lesson-04,en
5,B,B7,Use of Taleemabad Lesson Plan,0.0,NO,Plan followed with minor contextual adaptations.,0.72,BORDERLINE,strict,False,Lesson-04,en
5,B,B8,Use of Prescribed Resources,0.0,NO,Key resources used as prescribed in lesson plan.,0.7,BORDERLINE,strict,False,Lesson-04,en
5,B,B10,Lesson Closure & Consolidation,0.0,NO,"Structured closure: recap key points, check understanding.",0.9,CLEAR,strict,False,Lesson-04,en
5,C,C1,Quality Questioning (Bloom's Aligned),0.0,NO,Purposeful mix including application & analysis questions. Open-ended questions dominate. Wait time given.,0.95,CLEAR,strict,False,Lesson-04,en
5,C,C2,Responsive Re-explanation & Adaptive Teaching,0.0,NO,"Uses alternative representations (visual, concrete, analogy). Adjusts teaching to student level.",0.82,BORDERLINE,strict,False,Lesson-04,en
5,C,C3,Effective Feedback,0.0,NO,Specific feedback on what was done well and what to improve. Actionable.,0.93,CLEAR,strict,False,Lesson-04,en
5,C,C5,Student Agency & Voice,0.0,NO,Students make choices about how to demonstrate learning. Explore multiple perspectives.,0.9,CLEAR,strict,False,Lesson-04,en
5,C,C7,Positive & Supportive Learning Environment,1.0,YES,"Warm, encouraging tone; mistakes treated as learning opportunities.",0.62,BORDERLINE,strict,False,Lesson-04,en
5,C,C8,"Modeling, Scaffolding & Problem-Solving",0.0,NO,I Do -> We Do -> You Do scaffolding visible. Problem-solving and creativity modeled with clear strategies.,0.72,BORDERLINE,strict,False,Lesson-04,en
5,C,C9,Collaborative Learning,0.0,NO,Purposeful pair/group tasks with clear roles. Students work towards synthesized solutions.,0.68,BORDERLINE,strict,False,Lesson-04,en
5,C,C10,Integration of Taleemabad Technology,0.0,NO,Taleemabad videos/apps used to support learning objectives.,0.72,BORDERLINE,strict,False,Lesson-04,en
5,C,C11,Self & Peer Assessment Facilitation,0.0,NO,Self- and peer-assessment structured and purposeful. Students use rubrics to assess work.,0.95,CLEAR,strict,False,Lesson-04,en
5,C,C12,Classroom Resources & Space for Collaboration,0.0,NO,Resources and space well-organized for collaborative tasks. Materials accessible.,0.7,BORDERLINE,strict,False,Lesson-04,en
5,F,F1,Content Accuracy,0.0,NO,Content is accurate; no errors observed.,0.57,BORDERLINE,strict,False,Lesson-04,en
5,F,F2,Use of Academic Language,0.0,NO,Key terms used accurately and explained to students.,0.55,BORDERLINE,strict,False,Lesson-04,en
5,F,F3,Anticipation of Student Misconceptions,0.0,NO,Anticipates and addresses at least 1-2 common misconceptions.,0.7,BORDERLINE,strict,False,Lesson-04,en
5,F,F4,Depth of Explanation,0.0,NO,Explains the 'why' behind procedures; uses multiple representations.,0.86,CLEAR,strict,False,Lesson-04,en
5,F,F5,Subject-Specific Pedagogy: MATH,,,Uses concrete -> pictorial -> abstract (CPA) progression; manipulatives present.,0.93,CLEAR,strict,True,Lesson-04,en
5,F,F6,Subject-Specific Pedagogy: SCIENCE,,,Hands-on activities present; students make predictions and observations.,0.94,CLEAR,strict,True,Lesson-04,en
5,F,F7,Subject-Specific Pedagogy: LITERACY / LANGUAGE,0.0,NO,"Teacher models reading strategies (prediction, summarizing, questioning). Balanced approach.",0.88,CLEAR,strict,False,Lesson-04,en
5,F,F8,Cross-Curricular Connections,0.0,NO,Meaningful connections made to at least one other subject area.,0.88,CLEAR,strict,False,Lesson-04,en
6,D,D1,Active Participation Rate,0.0,NO,"50-75% actively participating (writing, discussing, solving).",0.66,BORDERLINE,strict,False,Lesson-04,en
6,D,D2,Cognitive Engagement Level (Bloom's),0.0,NO,Students applying concepts to new problems (Bloom's Apply/Analyze).,0.86,CLEAR,strict,False,Lesson-04,en
6,D,D3,Student-to-Student Interaction,0.0,NO,Students discuss content in pairs/groups; academic language used.,0.72,BORDERLINE,strict,False,Lesson-04,en
6,D,D7,Inclusivity of Engagement,0.0,NO,Students across ability levels and genders are participating.,0.7,BORDERLINE,strict,False,Lesson-04,en
6,B,B1,Instructional Clarity & Learning Objectives,0.0,NO,"Clear objective stated, referred to during lesson, linked to classroom activities.",0.9,CLEAR,strict,False,Lesson-04,en
6,B,B3,Activities & Tasks Alignment,1.0,YES,Most activities directly support the learning objective.,0.6,BORDERLINE,strict,False,Lesson-04,en
6,B,B4,Activation of Prior Knowledge,0.0,NO,Teacher connects new content to previously taught material.,0.66,BORDERLINE,strict,False,Lesson-04,en
6,B,B5,Meaningful & Real-World Connections,0.0,NO,Content connected to students' lives or local context.,0.78,BORDERLINE,strict,False,Lesson-04,en
6,B,B6,Differentiation / Catering to Learning Levels,0.0,NO,Tasks differentiated for at least 2 ability groups.,0.92,CLEAR,strict,False,Lesson-04,en
6,B,B7,Use of Taleemabad Lesson Plan,0.0,NO,Plan followed with minor contextual adaptations.,0.62,BORDERLINE,strict,False,Lesson-04,en
6,B,B8,Use of Prescribed Resources,0.0,NO,Key resources used as prescribed in lesson plan.,0.6,BORDERLINE,strict,False,Lesson-04,en
6,B,B10,Lesson Closure & Consolidation,0.0,NO,"Structured closure: recap key points, check understanding.",0.88,CLEAR,strict,False,Lesson-04,en
6,C,C1,Quality Questioning (Bloom's Aligned),0.0,NO,Purposeful mix including application & analysis questions. Open-ended questions dominate. Wait time given.,0.95,CLEAR,strict,False,Lesson-04,en
6,C,C2,Responsive Re-explanation & Adaptive Teaching,0.0,NO,"Uses alternative representations (visual, concrete, analogy). Adjusts teaching to student level.",0.82,BORDERLINE,strict,False,Lesson-04,en
6,C,C3,Effective Feedback,0.0,NO,Specific feedback on what was done well and what to improve. Actionable.,0.93,CLEAR,strict,False,Lesson-04,en
6,C,C5,Student Agency & Voice,0.0,NO,Students make choices about how to demonstrate learning. Explore multiple perspectives.,0.9,CLEAR,strict,False,Lesson-04,en
6,C,C7,Positive & Supportive Learning Environment,1.0,YES,"Warm, encouraging tone; mistakes treated as learning opportunities.",0.62,BORDERLINE,strict,False,Lesson-04,en
6,C,C8,"Modeling, Scaffolding & Problem-Solving",0.0,NO,I Do -> We Do -> You Do scaffolding visible. Problem-solving and creativity modeled with clear strategies.,0.78,BORDERLINE,strict,False,Lesson-04,en
6,C,C9,Collaborative Learning,0.0,NO,Purposeful pair/group tasks with clear roles. Students work towards synthesized solutions.,0.68,BORDERLINE,strict,False,Lesson-04,en
6,C,C10,Integration of Taleemabad Technology,0.0,NO,Taleemabad videos/apps used to support learning objectives.,0.88,CLEAR,strict,False,Lesson-04,en
6,C,C11,Self & Peer Assessment Facilitation,0.0,NO,Self- and peer-assessment structured and purposeful. Students use rubrics to assess work.,0.95,CLEAR,strict,False,Lesson-04,en
6,C,C12,Classroom Resources & Space for Collaboration,0.0,NO,Resources and space well-organized for collaborative tasks. Materials accessible.,0.7,BORDERLINE,strict,False,Lesson-04,en
6,F,F1,Content Accuracy,1.0,YES,Content is accurate; no errors observed.,0.56,BORDERLINE,strict,False,Lesson-04,en
6,F,F2,Use of Academic Language,1.0,YES,Key terms used accurately and explained to students.,0.55,BORDERLINE,strict,False,Lesson-04,en
6,F,F3,Anticipation of Student Misconceptions,0.0,NO,Anticipates and addresses at least 1-2 common misconceptions.,0.7,BORDERLINE,strict,False,Lesson-04,en
6,F,F4,Depth of Explanation,0.0,NO,Explains the 'why' behind procedures; uses multiple representations.,0.72,BORDERLINE,strict,False,Lesson-04,en
6,F,F5,Subject-Specific Pedagogy: MATH,,,Uses concrete -> pictorial -> abstract (CPA) progression; manipulatives present.,0.93,CLEAR,strict,True,Lesson-04,en
6,F,F6,Subject-Specific Pedagogy: SCIENCE,,,Hands-on activities present; students make predictions and observations.,0.93,CLEAR,strict,True,Lesson-04,en
6,F,F7,Subject-Specific Pedagogy: LITERACY / LANGUAGE,0.0,NO,"Teacher models reading strategies (prediction, summarizing, questioning). Balanced approach.",0.78,BORDERLINE,strict,False,Lesson-04,en
6,F,F8,Cross-Curricular Connections,0.0,NO,Meaningful connections made to at least one other subject area.,0.85,CLEAR,strict,False,Lesson-04,en
7,B,B1,Instructional Clarity & Learning Objectives,0.0,NO,"Clear objective stated, referred to during lesson, linked to classroom activities.",0.93,CLEAR,strict,False,Lesson-04,en
7,B,B3,Activities & Tasks Alignment,1.0,YES,Most activities directly support the learning objective.,0.6,BORDERLINE,strict,False,Lesson-04,en
7,B,B4,Activation of Prior Knowledge,0.0,NO,Teacher connects new content to previously taught material.,0.66,BORDERLINE,strict,False,Lesson-04,en
7,B,B5,Meaningful & Real-World Connections,0.0,NO,Content connected to students' lives or local context.,0.83,BORDERLINE,strict,False,Lesson-04,en
7,B,B6,Differentiation / Catering to Learning Levels,0.0,NO,Tasks differentiated for at least 2 ability groups.,0.9,CLEAR,strict,False,Lesson-04,en
7,B,B7,Use of Taleemabad Lesson Plan,0.0,NO,Plan followed with minor contextual adaptations.,0.72,BORDERLINE,strict,False,Lesson-04,en
7,B,B8,Use of Prescribed Resources,0.0,NO,Key resources used as prescribed in lesson plan.,0.74,BORDERLINE,strict,False,Lesson-04,en
7,B,B10,Lesson Closure & Consolidation,0.0,NO,"Structured closure: recap key points, check understanding.",0.92,CLEAR,strict,False,Lesson-04,en
7,C,C1,Quality Questioning (Bloom's Aligned),0.0,NO,Purposeful mix including application & analysis questions. Open-ended questions dominate. Wait time given.,0.95,CLEAR,strict,False,Lesson-04,en
7,C,C2,Responsive Re-explanation & Adaptive Teaching,0.0,NO,"Uses alternative representations (visual, concrete, analogy). Adjusts teaching to student level.",0.82,BORDERLINE,strict,False,Lesson-04,en
7,C,C3,Effective Feedback,0.0,NO,Specific feedback on what was done well and what to improve. Actionable.,0.92,CLEAR,strict,False,Lesson-04,en
7,C,C5,Student Agency & Voice,0.0,NO,Students make choices about how to demonstrate learning. Explore multiple perspectives.,0.88,CLEAR,strict,False,Lesson-04,en
7,C,C7,Positive & Supportive Learning Environment,1.0,YES,"Warm, encouraging tone; mistakes treated as learning opportunities.",0.62,BORDERLINE,strict,False,Lesson-04,en
7,C,C8,"Modeling, Scaffolding & Problem-Solving",0.0,NO,I Do -> We Do -> You Do scaffolding visible. Problem-solving and creativity modeled with clear strategies.,0.75,BORDERLINE,strict,False,Lesson-04,en
7,C,C9,Collaborative Learning,0.0,NO,Purposeful pair/group tasks with clear roles. Students work towards synthesized solutions.,0.7,BORDERLINE,strict,False,Lesson-04,en
7,C,C10,Integration of Taleemabad Technology,0.0,NO,Taleemabad videos/apps used to support learning objectives.,0.88,CLEAR,strict,False,Lesson-04,en
7,C,C11,Self & Peer Assessment Facilitation,0.0,NO,Self- and peer-assessment structured and purposeful. Students use rubrics to assess work.,0.94,CLEAR,strict,False,Lesson-04,en
7,C,C12,Classroom Resources & Space for Collaboration,0.0,NO,Resources and space well-organized for collaborative tasks. Materials accessible.,0.6,BORDERLINE,strict,False,Lesson-04,en
7,D,D1,Active Participation Rate,0.0,NO,"50-75% actively participating (writing, discussing, solving).",0.59,BORDERLINE,strict,False,Lesson-04,en
7,D,D2,Cognitive Engagement Level (Bloom's),0.0,NO,Students applying concepts to new problems (Bloom's Apply/Analyze).,0.66,BORDERLINE,strict,False,Lesson-04,en
7,D,D3,Student-to-Student Interaction,0.0,NO,Students discuss content in pairs/groups; academic language used.,0.82,BORDERLINE,strict,False,Lesson-04,en
7,D,D7,Inclusivity of Engagement,0.0,NO,Students across ability levels and genders are participating.,0.61,BORDERLINE,strict,False,Lesson-04,en
7,F,F1,Content Accuracy,0.0,NO,Content is accurate; no errors observed.,0.56,BORDERLINE,strict,False,Lesson-04,en
7,F,F2,Use of Academic Language,0.0,NO,Key terms used accurately and explained to students.,0.55,BORDERLINE,strict,False,Lesson-04,en
7,F,F3,Anticipation of Student Misconceptions,0.0,NO,Anticipates and addresses at least 1-2 common misconceptions.,0.87,CLEAR,strict,False,Lesson-04,en
7,F,F4,Depth of Explanation,0.0,NO,Explains the 'why' behind procedures; uses multiple representations.,0.9,CLEAR,strict,False,Lesson-04,en
7,F,F5,Subject-Specific Pedagogy: MATH,,,Uses concrete -> pictorial -> abstract (CPA) progression; manipulatives present.,0.95,CLEAR,strict,True,Lesson-04,en
7,F,F6,Subject-Specific Pedagogy: SCIENCE,,,Hands-on activities present; students make predictions and observations.,0.95,CLEAR,strict,True,Lesson-04,en
7,F,F7,Subject-Specific Pedagogy: LITERACY / LANGUAGE,0.0,NO,"Teacher models reading strategies (prediction, summarizing, questioning). Balanced approach.",0.83,BORDERLINE,strict,False,Lesson-04,en
7,F,F8,Cross-Curricular Connections,0.0,NO,Meaningful connections made to at least one other subject area.,0.89,CLEAR,strict,False,Lesson-04,en
8,D,D1,Active Participation Rate,0.0,NO,"50-75% actively participating (writing, discussing, solving).",0.66,BORDERLINE,strict,False,Lesson-04,en
8,D,D2,Cognitive Engagement Level (Bloom's),0.0,NO,Students applying concepts to new problems (Bloom's Apply/Analyze).,0.88,CLEAR,strict,False,Lesson-04,en
8,D,D3,Student-to-Student Interaction,0.0,NO,Students discuss content in pairs/groups; academic language used.,0.72,BORDERLINE,strict,False,Lesson-04,en
8,D,D7,Inclusivity of Engagement,0.0,NO,Students across ability levels and genders are participating.,0.7,BORDERLINE,strict,False,Lesson-04,en
8,B,B1,Instructional Clarity & Learning Objectives,0.0,NO,"Clear objective stated, referred to during lesson, linked to classroom activities.",0.93,CLEAR,strict,False,Lesson-04,en
8,B,B3,Activities & Tasks Alignment,0.0,NO,Most activities directly support the learning objective.,0.62,BORDERLINE,strict,False,Lesson-04,en
8,B,B4,Activation of Prior Knowledge,0.0,NO,Teacher connects new content to previously taught material.,0.66,BORDERLINE,strict,False,Lesson-04,en
8,B,B5,Meaningful & Real-World Connections,0.0,NO,Content connected to students' lives or local context.,0.82,BORDERLINE,strict,False,Lesson-04,en
8,B,B6,Differentiation / Catering to Learning Levels,0.0,NO,Tasks differentiated for at least 2 ability groups.,0.9,CLEAR,strict,False,Lesson-04,en
8,B,B7,Use of Taleemabad Lesson Plan,0.0,NO,Plan followed with minor contextual adaptations.,0.72,BORDERLINE,strict,False,Lesson-04,en
8,B,B8,Use of Prescribed Resources,0.0,NO,Key resources used as prescribed in lesson plan.,0.71,BORDERLINE,strict,False,Lesson-04,en
8,B,B10,Lesson Closure & Consolidation,0.0,NO,"Structured closure: recap key points, check understanding.",0.92,CLEAR,strict,False,Lesson-04,en
8,C,C1,Quality Questioning (Bloom's Aligned),0.0,NO,Purposeful mix including application & analysis questions. Open-ended questions dominate. Wait time given.,0.95,CLEAR,strict,False,Lesson-04,en
8,C,C2,Responsive Re-explanation & Adaptive Teaching,0.0,NO,"Uses alternative representations (visual, concrete, analogy). Adjusts teaching to student level.",0.83,BORDERLINE,strict,False,Lesson-04,en
8,C,C3,Effective Feedback,0.0,NO,Specific feedback on what was done well and what to improve. Actionable.,0.92,CLEAR,strict,False,Lesson-04,en
8,C,C5,Student Agency & Voice,0.0,NO,Students make choices about how to demonstrate learning. Explore multiple perspectives.,0.93,CLEAR,strict,False,Lesson-04,en
8,C,C7,Positive & Supportive Learning Environment,1.0,YES,"Warm, encouraging tone; mistakes treated as learning opportunities.",0.62,BORDERLINE,strict,False,Lesson-04,en
8,C,C8,"Modeling, Scaffolding & Problem-Solving",0.0,NO,I Do -> We Do -> You Do scaffolding visible. Problem-solving and creativity modeled with clear strategies.,0.8,BORDERLINE,strict,False,Lesson-04,en
8,C,C9,Collaborative Learning,0.0,NO,Purposeful pair/group tasks with clear roles. Students work towards synthesized solutions.,0.74,BORDERLINE,strict,False,Lesson-04,en
8,C,C10,Integration of Taleemabad Technology,0.0,NO,Taleemabad videos/apps used to support learning objectives.,0.93,CLEAR,strict,False,Lesson-04,en
8,C,C11,Self & Peer Assessment Facilitation,0.0,NO,Self- and peer-assessment structured and purposeful. Students use rubrics to assess work.,0.95,CLEAR,strict,False,Lesson-04,en
8,C,C12,Classroom Resources & Space for Collaboration,0.0,NO,Resources and space well-organized for collaborative tasks. Materials accessible.,0.68,BORDERLINE,strict,False,Lesson-04,en
8,F,F1,Content Accuracy,0.0,NO,Content is accurate; no errors observed.,0.58,BORDERLINE,strict,False,Lesson-04,en
8,F,F2,Use of Academic Language,1.0,YES,Key terms used accurately and explained to students.,0.54,BORDERLINE,strict,False,Lesson-04,en
8,F,F3,Anticipation of Student Misconceptions,0.0,NO,Anticipates and addresses at least 1-2 common misconceptions.,0.68,BORDERLINE,strict,False,Lesson-04,en
8,F,F4,Depth of Explanation,0.0,NO,Explains the 'why' behind procedures; uses multiple representations.,0.86,CLEAR,strict,False,Lesson-04,en
8,F,F5,Subject-Specific Pedagogy: MATH,,,Uses concrete -> pictorial -> abstract (CPA) progression; manipulatives present.,0.93,CLEAR,strict,True,Lesson-04,en
8,F,F6,Subject-Specific Pedagogy: SCIENCE,,,Hands-on activities present; students make predictions and observations.,0.94,CLEAR,strict,True,Lesson-04,en
8,F,F7,Subject-Specific Pedagogy: LITERACY / LANGUAGE,0.0,NO,"Teacher models reading strategies (prediction, summarizing, questioning). Balanced approach.",0.83,BORDERLINE,strict,False,Lesson-04,en
8,F,F8,Cross-Curricular Connections,0.0,NO,Meaningful connections made to at least one other subject area.,0.9,CLEAR,strict,False,Lesson-04,en
9,B,B1,Instructional Clarity & Learning Objectives,0.0,NO,"Clear objective stated, referred to during lesson, linked to classroom activities.",0.92,CLEAR,strict,False,Lesson-04,en
9,B,B3,Activities & Tasks Alignment,1.0,YES,Most activities directly support the learning objective.,0.6,BORDERLINE,strict,False,Lesson-04,en
9,B,B4,Activation of Prior Knowledge,0.0,NO,Teacher connects new content to previously taught material.,0.72,BORDERLINE,strict,False,Lesson-04,en
9,B,B5,Meaningful & Real-World Connections,0.0,NO,Content connected to students' lives or local context.,0.86,CLEAR,strict,False,Lesson-04,en
9,B,B6,Differentiation / Catering to Learning Levels,0.0,NO,Tasks differentiated for at least 2 ability groups.,0.93,CLEAR,strict,False,Lesson-04,en
9,B,B7,Use of Taleemabad Lesson Plan,0.0,NO,Plan followed with minor contextual adaptations.,0.7,BORDERLINE,strict,False,Lesson-04,en
9,B,B8,Use of Prescribed Resources,0.0,NO,Key resources used as prescribed in lesson plan.,0.68,BORDERLINE,strict,False,Lesson-04,en
9,B,B10,Lesson Closure & Consolidation,0.0,NO,"Structured closure: recap key points, check understanding.",0.9,CLEAR,strict,False,Lesson-04,en
9,F,F1,Content Accuracy,0.0,NO,Content is accurate; no errors observed.,0.72,BORDERLINE,strict,False,Lesson-04,en
9,F,F2,Use of Academic Language,0.0,NO,Key terms used accurately and explained to students.,0.74,BORDERLINE,strict,False,Lesson-04,en
9,F,F3,Anticipation of Student Misconceptions,0.0,NO,Anticipates and addresses at least 1-2 common misconceptions.,0.8,BORDERLINE,strict,False,Lesson-04,en
9,F,F4,Depth of Explanation,0.0,NO,Explains the 'why' behind procedures; uses multiple representations.,0.85,CLEAR,strict,False,Lesson-04,en
9,F,F5,Subject-Specific Pedagogy: MATH,,,Uses concrete -> pictorial -> abstract (CPA) progression; manipulatives present.,0.9,CLEAR,strict,True,Lesson-04,en
9,F,F6,Subject-Specific Pedagogy: SCIENCE,,,Hands-on activities present; students make predictions and observations.,0.92,CLEAR,strict,True,Lesson-04,en
9,F,F7,Subject-Specific Pedagogy: LITERACY / LANGUAGE,0.0,NO,"Teacher models reading strategies (prediction, summarizing, questioning). Balanced approach.",0.82,BORDERLINE,strict,False,Lesson-04,en
9,F,F8,Cross-Curricular Connections,0.0,NO,Meaningful connections made to at least one other subject area.,0.88,CLEAR,strict,False,Lesson-04,en
9,D,D1,Active Participation Rate,0.0,NO,"50-75% actively participating (writing, discussing, solving).",0.63,BORDERLINE,strict,False,Lesson-04,en
9,D,D2,Cognitive Engagement Level (Bloom's),0.0,NO,Students applying concepts to new problems (Bloom's Apply/Analyze).,0.88,CLEAR,strict,False,Lesson-04,en
9,D,D3,Student-to-Student Interaction,0.0,NO,Students discuss content in pairs/groups; academic language used.,0.66,BORDERLINE,strict,False,Lesson-04,en
9,D,D7,Inclusivity of Engagement,0.0,NO,Students across ability levels and genders are participating.,0.66,BORDERLINE,strict,False,Lesson-04,en
9,C,C1,Quality Questioning (Bloom's Aligned),0.0,NO,Purposeful mix including application & analysis questions. Open-ended questions dominate. Wait time given.,0.95,CLEAR,strict,False,Lesson-04,en
9,C,C2,Responsive Re-explanation & Adaptive Teaching,0.0,NO,"Uses alternative representations (visual, concrete, analogy). Adjusts teaching to student level.",0.82,BORDERLINE,strict,False,Lesson-04,en
9,C,C3,Effective Feedback,0.0,NO,Specific feedback on what was done well and what to improve. Actionable.,0.92,CLEAR,strict,False,Lesson-04,en
9,C,C5,Student Agency & Voice,0.0,NO,Students make choices about how to demonstrate learning. Explore multiple perspectives.,0.88,CLEAR,strict,False,Lesson-04,en
9,C,C7,Positive & Supportive Learning Environment,0.0,NO,"Warm, encouraging tone; mistakes treated as learning opportunities.",0.6,BORDERLINE,strict,False,Lesson-04,en
9,C,C8,"Modeling, Scaffolding & Problem-Solving",0.0,NO,I Do -> We Do -> You Do scaffolding visible. Problem-solving and creativity modeled with clear strategies.,0.8,BORDERLINE,strict,False,Lesson-04,en
9,C,C9,Collaborative Learning,0.0,NO,Purposeful pair/group tasks with clear roles. Students work towards synthesized solutions.,0.7,BORDERLINE,strict,False,Lesson-04,en
9,C,C10,Integration of Taleemabad Technology,0.0,NO,Taleemabad videos/apps used to support learning objectives.,0.83,BORDERLINE,strict,False,Lesson-04,en
9,C,C11,Self & Peer Assessment Facilitation,0.0,NO,Self- and peer-assessment structured and purposeful. Students use rubrics to assess work.,0.93,CLEAR,strict,False,Lesson-04,en
9,C,C12,Classroom Resources & Space for Collaboration,0.0,NO,Resources and space well-organized for collaborative tasks. Materials accessible.,0.66,BORDERLINE,strict,False,Lesson-04,en
0,C,C1,Quality Questioning (Bloom's Aligned),0.0,NO,Purposeful mix including application & analysis questions. Open-ended questions dominate. Wait time given.,0.82,BORDERLINE,strict,False,Lesson-05,ur
0,C,C2,Responsive Re-explanation & Adaptive Teaching,1.0,YES,"Uses alternative representations (visual, concrete, analogy). Adjusts teaching to student level.",0.68,BORDERLINE,strict,False,Lesson-05,ur
0,C,C3,Effective Feedback,0.0,NO,Specific feedback on what was done well and what to improve. Actionable.,0.78,BORDERLINE,strict,False,Lesson-05,ur
0,C,C5,Student Agency & Voice,0.0,NO,Students make choices about how to demonstrate learning. Explore multiple perspectives.,0.72,BORDERLINE,strict,False,Lesson-05,ur
0,C,C7,Positive & Supportive Learning Environment,1.0,YES,"Warm, encouraging tone; mistakes treated as learning opportunities.",0.8,BORDERLINE,strict,False,Lesson-05,ur
0,C,C8,"Modeling, Scaffolding & Problem-Solving",1.0,YES,I Do -> We Do -> You Do scaffolding visible. Problem-solving and creativity modeled with clear strategies.,0.55,BORDERLINE,strict,False,Lesson-05,ur
0,C,C9,Collaborative Learning,0.0,NO,Purposeful pair/group tasks with clear roles. Students work towards synthesized solutions.,0.72,BORDERLINE,strict,False,Lesson-05,ur
0,C,C10,Integration of Taleemabad Technology,0.0,NO,Taleemabad videos/apps used to support learning objectives.,0.93,CLEAR,strict,False,Lesson-05,ur
0,C,C11,Self & Peer Assessment Facilitation,0.0,NO,Self- and peer-assessment structured and purposeful. Students use rubrics to assess work.,0.9,CLEAR,strict,False,Lesson-05,ur
0,C,C12,Classroom Resources & Space for Collaboration,0.0,NO,Resources and space well-organized for collaborative tasks. Materials accessible.,0.62,BORDERLINE,strict,False,Lesson-05,ur
0,B,B1,Instructional Clarity & Learning Objectives,1.0,YES,"Clear objective stated, referred to during lesson, linked to classroom activities.",0.72,BORDERLINE,strict,False,Lesson-05,ur
0,B,B3,Activities & Tasks Alignment,1.0,YES,Most activities directly support the learning objective.,0.8,BORDERLINE,strict,False,Lesson-05,ur
0,B,B4,Activation of Prior Knowledge,1.0,YES,Teacher connects new content to previously taught material.,0.87,CLEAR,strict,False,Lesson-05,ur
0,B,B5,Meaningful & Real-World Connections,1.0,YES,Content connected to students' lives or local context.,0.84,BORDERLINE,strict,False,Lesson-05,ur
0,B,B6,Differentiation / Catering to Learning Levels,0.0,NO,Tasks differentiated for at least 2 ability groups.,0.6,BORDERLINE,strict,False,Lesson-05,ur
0,B,B7,Use of Taleemabad Lesson Plan,0.0,NO,Plan followed with minor contextual adaptations.,0.55,BORDERLINE,strict,False,Lesson-05,ur
0,B,B8,Use of Prescribed Resources,0.0,NO,Key resources used as prescribed in lesson plan.,0.55,BORDERLINE,strict,False,Lesson-05,ur
0,B,B10,Lesson Closure & Consolidation,1.0,YES,"Structured closure: recap key points, check understanding.",0.76,BORDERLINE,strict,False,Lesson-05,ur
0,D,D1,Active Participation Rate,1.0,YES,"50-75% actively participating (writing, discussing, solving).",0.62,BORDERLINE,strict,False,Lesson-05,ur
0,D,D2,Cognitive Engagement Level (Bloom's),1.0,YES,Students applying concepts to new problems (Bloom's Apply/Analyze).,0.56,BORDERLINE,strict,False,Lesson-05,ur
0,D,D3,Student-to-Student Interaction,0.0,NO,Students discuss content in pairs/groups; academic language used.,0.93,CLEAR,strict,False,Lesson-05,ur
0,D,D7,Inclusivity of Engagement,1.0,YES,Students across ability levels and genders are participating.,0.63,BORDERLINE,strict,False,Lesson-05,ur
0,F,F1,Content Accuracy,0.0,NO,Content is accurate; no errors observed.,0.72,BORDERLINE,strict,False,Lesson-05,ur
0,F,F2,Use of Academic Language,1.0,YES,Key terms used accurately and explained to students.,0.55,BORDERLINE,strict,False,Lesson-05,ur
0,F,F3,Anticipation of Student Misconceptions,1.0,YES,Anticipates and addresses at least 1-2 common misconceptions.,0.79,BORDERLINE,strict,False,Lesson-05,ur
0,F,F4,Depth of Explanation,1.0,YES,Explains the 'why' behind procedures; uses multiple representations.,0.57,BORDERLINE,strict,False,Lesson-05,ur
0,F,F5,Subject-Specific Pedagogy: MATH,1.0,YES,Uses concrete -> pictorial -> abstract (CPA) progression; manipulatives present.,0.84,BORDERLINE,strict,False,Lesson-05,ur
0,F,F6,Subject-Specific Pedagogy: SCIENCE,,,Hands-on activities present; students make predictions and observations.,0.95,CLEAR,strict,True,Lesson-05,ur
0,F,F7,Subject-Specific Pedagogy: LITERACY / LANGUAGE,,,"Teacher models reading strategies (prediction, summarizing, questioning). Balanced approach.",0.95,CLEAR,strict,True,Lesson-05,ur
0,F,F8,Cross-Curricular Connections,0.0,NO,Meaningful connections made to at least one other subject area.,0.6,BORDERLINE,strict,False,Lesson-05,ur
1,B,B1,Instructional Clarity & Learning Objectives,1.0,YES,"Clear objective stated, referred to during lesson, linked to classroom activities.",0.72,BORDERLINE,strict,False,Lesson-05,ur
1,B,B3,Activities & Tasks Alignment,1.0,YES,Most activities directly support the learning objective.,0.78,BORDERLINE,strict,False,Lesson-05,ur
1,B,B4,Activation of Prior Knowledge,1.0,YES,Teacher connects new content to previously taught material.,0.88,CLEAR,strict,False,Lesson-05,ur
1,B,B5,Meaningful & Real-World Connections,1.0,YES,Content connected to students' lives or local context.,0.82,BORDERLINE,strict,False,Lesson-05,ur
1,B,B6,Differentiation / Catering to Learning Levels,0.0,NO,Tasks differentiated for at least 2 ability groups.,0.6,BORDERLINE,strict,False,Lesson-05,ur
1,B,B7,Use of Taleemabad Lesson Plan,0.0,NO,Plan followed with minor contextual adaptations.,0.62,BORDERLINE,strict,False,Lesson-05,ur
1,B,B8,Use of Prescribed Resources,0.0,NO,Key resources used as prescribed in lesson plan.,0.57,BORDERLINE,strict,False,Lesson-05,ur
1,B,B10,Lesson Closure & Consolidation,1.0,YES,"Structured closure: recap key points, check understanding.",0.71,BORDERLINE,strict,False,Lesson-05,ur
1,C,C1,Quality Questioning (Bloom's Aligned),0.0,NO,Purposeful mix including application & analysis questions. Open-ended questions dominate. Wait time given.,0.88,CLEAR,strict,False,Lesson-05,ur
1,C,C2,Responsive Re-explanation & Adaptive Teaching,1.0,YES,"Uses alternative representations (visual, concrete, analogy). Adjusts teaching to student level.",0.76,BORDERLINE,strict,False,Lesson-05,ur
1,C,C3,Effective Feedback,0.0,NO,Specific feedback on what was done well and what to improve. Actionable.,0.7,BORDERLINE,strict,False,Lesson-05,ur
1,C,C5,Student Agency & Voice,0.0,NO,Students make choices about how to demonstrate learning. Explore multiple perspectives.,0.79,BORDERLINE,strict,False,Lesson-05,ur
1,C,C7,Positive & Supportive Learning Environment,1.0,YES,"Warm, encouraging tone; mistakes treated as learning opportunities.",0.85,CLEAR,strict,False,Lesson-05,ur
1,C,C8,"Modeling, Scaffolding & Problem-Solving",1.0,YES,I Do -> We Do -> You Do scaffolding visible. Problem-solving and creativity modeled with clear strategies.,0.57,BORDERLINE,strict,False,Lesson-05,ur
1,C,C9,Collaborative Learning,0.0,NO,Purposeful pair/group tasks with clear roles. Students work towards synthesized solutions.,0.86,CLEAR,strict,False,Lesson-05,ur
1,C,C10,Integration of Taleemabad Technology,0.0,NO,Taleemabad videos/apps used to support learning objectives.,0.95,CLEAR,strict,False,Lesson-05,ur
1,C,C11,Self & Peer Assessment Facilitation,0.0,NO,Self- and peer-assessment structured and purposeful. Students use rubrics to assess work.,0.87,CLEAR,strict,False,Lesson-05,ur
1,C,C12,Classroom Resources & Space for Collaboration,0.0,NO,Resources and space well-organized for collaborative tasks. Materials accessible.,0.72,BORDERLINE,strict,False,Lesson-05,ur
1,D,D1,Active Participation Rate,1.0,YES,"50-75% actively participating (writing, discussing, solving).",0.6,BORDERLINE,strict,False,Lesson-05,ur
1,D,D2,Cognitive Engagement Level (Bloom's),1.0,YES,Students applying concepts to new problems (Bloom's Apply/Analyze).,0.63,BORDERLINE,strict,False,Lesson-05,ur
1,D,D3,Student-to-Student Interaction,0.0,NO,Students discuss content in pairs/groups; academic language used.,0.85,CLEAR,strict,False,Lesson-05,ur
1,D,D7,Inclusivity of Engagement,1.0,YES,Students across ability levels and genders are participating.,0.61,BORDERLINE,strict,False,Lesson-05,ur
1,F,F1,Content Accuracy,0.0,NO,Content is accurate; no errors observed.,0.7,BORDERLINE,strict,False,Lesson-05,ur
1,F,F2,Use of Academic Language,1.0,YES,Key terms used accurately and explained to students.,0.58,BORDERLINE,strict,False,Lesson-05,ur
1,F,F3,Anticipation of Student Misconceptions,1.0,YES,Anticipates and addresses at least 1-2 common misconceptions.,0.82,BORDERLINE,strict,False,Lesson-05,ur
1,F,F4,Depth of Explanation,1.0,YES,Explains the 'why' behind procedures; uses multiple representations.,0.68,BORDERLINE,strict,False,Lesson-05,ur
1,F,F5,Subject-Specific Pedagogy: MATH,1.0,YES,Uses concrete -> pictorial -> abstract (CPA) progression; manipulatives present.,0.85,CLEAR,strict,False,Lesson-05,ur
1,F,F6,Subject-Specific Pedagogy: SCIENCE,,,Hands-on activities present; students make predictions and observations.,0.93,CLEAR,strict,True,Lesson-05,ur
1,F,F7,Subject-Specific Pedagogy: LITERACY / LANGUAGE,,,"Teacher models reading strategies (prediction, summarizing, questioning). Balanced approach.",0.93,CLEAR,strict,True,Lesson-05,ur
1,F,F8,Cross-Curricular Connections,0.0,NO,Meaningful connections made to at least one other subject area.,0.58,BORDERLINE,strict,False,Lesson-05,ur
2,B,B1,Instructional Clarity & Learning Objectives,1.0,YES,"Clear objective stated, referred to during lesson, linked to classroom activities.",0.72,BORDERLINE,strict,False,Lesson-05,ur
2,B,B3,Activities & Tasks Alignment,1.0,YES,Most activities directly support the learning objective.,0.78,BORDERLINE,strict,False,Lesson-05,ur
2,B,B4,Activation of Prior Knowledge,1.0,YES,Teacher connects new content to previously taught material.,0.88,CLEAR,strict,False,Lesson-05,ur
2,B,B5,Meaningful & Real-World Connections,1.0,YES,Content connected to students' lives or local context.,0.83,BORDERLINE,strict,False,Lesson-05,ur
2,B,B6,Differentiation / Catering to Learning Levels,0.0,NO,Tasks differentiated for at least 2 ability groups.,0.6,BORDERLINE,strict,False,Lesson-05,ur
2,B,B7,Use of Taleemabad Lesson Plan,0.0,NO,Plan followed with minor contextual adaptations.,0.62,BORDERLINE,strict,False,Lesson-05,ur
2,B,B8,Use of Prescribed Resources,0.0,NO,Key resources used as prescribed in lesson plan.,0.58,BORDERLINE,strict,False,Lesson-05,ur
2,B,B10,Lesson Closure & Consolidation,1.0,YES,"Structured closure: recap key points, check understanding.",0.74,BORDERLINE,strict,False,Lesson-05,ur
2,D,D1,Active Participation Rate,1.0,YES,"50-75% actively participating (writing, discussing, solving).",0.56,BORDERLINE,strict,False,Lesson-05,ur
2,D,D2,Cognitive Engagement Level (Bloom's),1.0,YES,Students applying concepts to new problems (Bloom's Apply/Analyze).,0.68,BORDERLINE,strict,False,Lesson-05,ur
2,D,D3,Student-to-Student Interaction,0.0,NO,Students discuss content in pairs/groups; academic language used.,0.76,BORDERLINE,strict,False,Lesson-05,ur
2,D,D7,Inclusivity of Engagement,1.0,YES,Students across ability levels and genders are participating.,0.58,BORDERLINE,strict,False,Lesson-05,ur
2,C,C1,Quality Questioning (Bloom's Aligned),0.0,NO,Purposeful mix including application & analysis questions. Open-ended questions dominate. Wait time given.,0.83,BORDERLINE,strict,False,Lesson-05,ur
2,C,C2,Responsive Re-explanation & Adaptive Teaching,1.0,YES,"Uses alternative representations (visual, concrete, analogy). Adjusts teaching to student level.",0.72,BORDERLINE,strict,False,Lesson-05,ur
2,C,C3,Effective Feedback,0.0,NO,Specific feedback on what was done well and what to improve. Actionable.,0.7,BORDERLINE,strict,False,Lesson-05,ur
2,C,C5,Student Agency & Voice,0.0,NO,Students make choices about how to demonstrate learning. Explore multiple perspectives.,0.71,BORDERLINE,strict,False,Lesson-05,ur
2,C,C7,Positive & Supportive Learning Environment,1.0,YES,"Warm, encouraging tone; mistakes treated as learning opportunities.",0.92,CLEAR,strict,False,Lesson-05,ur
2,C,C8,"Modeling, Scaffolding & Problem-Solving",1.0,YES,I Do -> We Do -> You Do scaffolding visible. Problem-solving and creativity modeled with clear strategies.,0.57,BORDERLINE,strict,False,Lesson-05,ur
2,C,C9,Collaborative Learning,0.0,NO,Purposeful pair/group tasks with clear roles. Students work towards synthesized solutions.,0.84,BORDERLINE,strict,False,Lesson-05,ur
2,C,C10,Integration of Taleemabad Technology,0.0,NO,Taleemabad videos/apps used to support learning objectives.,0.93,CLEAR,strict,False,Lesson-05,ur
2,C,C11,Self & Peer Assessment Facilitation,0.0,NO,Self- and peer-assessment structured and purposeful. Students use rubrics to assess work.,0.9,CLEAR,strict,False,Lesson-05,ur
2,C,C12,Classroom Resources & Space for Collaboration,0.0,NO,Resources and space well-organized for collaborative tasks. Materials accessible.,0.68,BORDERLINE,strict,False,Lesson-05,ur
2,F,F1,Content Accuracy,0.0,NO,Content is accurate; no errors observed.,0.87,CLEAR,strict,False,Lesson-05,ur
2,F,F2,Use of Academic Language,0.0,NO,Key terms used accurately and explained to students.,0.58,BORDERLINE,strict,False,Lesson-05,ur
2,F,F3,Anticipation of Student Misconceptions,1.0,YES,Anticipates and addresses at least 1-2 common misconceptions.,0.74,BORDERLINE,strict,False,Lesson-05,ur
2,F,F4,Depth of Explanation,0.0,NO,Explains the 'why' behind procedures; uses multiple representations.,0.55,BORDERLINE,strict,False,Lesson-05,ur
2,F,F5,Subject-Specific Pedagogy: MATH,1.0,YES,Uses concrete -> pictorial -> abstract (CPA) progression; manipulatives present.,0.71,BORDERLINE,strict,False,Lesson-05,ur
2,F,F6,Subject-Specific Pedagogy: SCIENCE,,,Hands-on activities present; students make predictions and observations.,0.95,CLEAR,strict,True,Lesson-05,ur
2,F,F7,Subject-Specific Pedagogy: LITERACY / LANGUAGE,,,"Teacher models reading strategies (prediction, summarizing, questioning). Balanced approach.",0.95,CLEAR,strict,True,Lesson-05,ur
2,F,F8,Cross-Curricular Connections,0.0,NO,Meaningful connections made to at least one other subject area.,0.6,BORDERLINE,strict,False,Lesson-05,ur
3,C,C1,Quality Questioning (Bloom's Aligned),0.0,NO,Purposeful mix including application & analysis questions. Open-ended questions dominate. Wait time given.,0.82,BORDERLINE,strict,False,Lesson-05,ur
3,C,C2,Responsive Re-explanation & Adaptive Teaching,1.0,YES,"Uses alternative representations (visual, concrete, analogy). Adjusts teaching to student level.",0.7,BORDERLINE,strict,False,Lesson-05,ur
3,C,C3,Effective Feedback,0.0,NO,Specific feedback on what was done well and what to improve. Actionable.,0.79,BORDERLINE,strict,False,Lesson-05,ur
3,C,C5,Student Agency & Voice,0.0,NO,Students make choices about how to demonstrate learning. Explore multiple perspectives.,0.72,BORDERLINE,strict,False,Lesson-05,ur
3,C,C7,Positive & Supportive Learning Environment,1.0,YES,"Warm, encouraging tone; mistakes treated as learning opportunities.",0.76,BORDERLINE,strict,False,Lesson-05,ur
3,C,C8,"Modeling, Scaffolding & Problem-Solving",0.0,NO,I Do -> We Do -> You Do scaffolding visible. Problem-solving and creativity modeled with clear strategies.,0.6,BORDERLINE,strict,False,Lesson-05,ur
3,C,C9,Collaborative Learning,0.0,NO,Purposeful pair/group tasks with clear roles. Students work towards synthesized solutions.,0.74,BORDERLINE,strict,False,Lesson-05,ur
3,C,C10,Integration of Taleemabad Technology,0.0,NO,Taleemabad videos/apps used to support learning objectives.,0.93,CLEAR,strict,False,Lesson-05,ur
3,C,C11,Self & Peer Assessment Facilitation,0.0,NO,Self- and peer-assessment structured and purposeful. Students use rubrics to assess work.,0.85,CLEAR,strict,False,Lesson-05,ur
3,C,C12,Classroom Resources & Space for Collaboration,0.0,NO,Resources and space well-organized for collaborative tasks. Materials accessible.,0.63,BORDERLINE,strict,False,Lesson-05,ur
3,B,B1,Instructional Clarity & Learning Objectives,1.0,YES,"Clear objective stated, referred to during lesson, linked to classroom activities.",0.72,BORDERLINE,strict,False,Lesson-05,ur
3,B,B3,Activities & Tasks Alignment,1.0,YES,Most activities directly support the learning objective.,0.82,BORDERLINE,strict,False,Lesson-05,ur
3,B,B4,Activation of Prior Knowledge,1.0,YES,Teacher connects new content to previously taught material.,0.88,CLEAR,strict,False,Lesson-05,ur
3,B,B5,Meaningful & Real-World Connections,1.0,YES,Content connected to students' lives or local context.,0.8,BORDERLINE,strict,False,Lesson-05,ur
3,B,B6,Differentiation / Catering to Learning Levels,0.0,NO,Tasks differentiated for at least 2 ability groups.,0.6,BORDERLINE,strict,False,Lesson-05,ur
3,B,B7,Use of Taleemabad Lesson Plan,0.0,NO,Plan followed with minor contextual adaptations.,0.58,BORDERLINE,strict,False,Lesson-05,ur
3,B,B8,Use of Prescribed Resources,1.0,YES,Key resources used as prescribed in lesson plan.,0.55,BORDERLINE,strict,False,Lesson-05,ur
3,B,B10,Lesson Closure & Consolidation,1.0,YES,"Structured closure: recap key points, check understanding.",0.74,BORDERLINE,strict,False,Lesson-05,ur
3,D,D1,Active Participation Rate,1.0,YES,"50-75% actively participating (writing, discussing, solving).",0.59,BORDERLINE,strict,False,Lesson-05,ur
3,D,D2,Cognitive Engagement Level (Bloom's),1.0,YES,Students applying concepts to new problems (Bloom's Apply/Analyze).,0.68,BORDERLINE,strict,False,Lesson-05,ur
3,D,D3,Student-to-Student Interaction,0.0,NO,Students discuss content in pairs/groups; academic language used.,0.78,BORDERLINE,strict,False,Lesson-05,ur
3,D,D7,Inclusivity of Engagement,1.0,YES,Students across ability levels and genders are participating.,0.6,BORDERLINE,strict,False,Lesson-05,ur
3,F,F1,Content Accuracy,0.0,NO,Content is accurate; no errors observed.,0.74,BORDERLINE,strict,False,Lesson-05,ur
3,F,F2,Use of Academic Language,0.0,NO,Key terms used accurately and explained to students.,0.56,BORDERLINE,strict,False,Lesson-05,ur
3,F,F3,Anticipation of Student Misconceptions,1.0,YES,Anticipates and addresses at least 1-2 common misconceptions.,0.76,BORDERLINE,strict,False,Lesson-05,ur
3,F,F4,Depth of Explanation,1.0,YES,Explains the 'why' behind procedures; uses multiple representations.,0.53,BORDERLINE,strict,False,Lesson-05,ur
3,F,F5,Subject-Specific Pedagogy: MATH,1.0,YES,Uses concrete -> pictorial -> abstract (CPA) progression; manipulatives present.,0.79,BORDERLINE,strict,False,Lesson-05,ur
3,F,F6,Subject-Specific Pedagogy: SCIENCE,,,Hands-on activities present; students make predictions and observations.,0.94,CLEAR,strict,True,Lesson-05,ur
3,F,F7,Subject-Specific Pedagogy: LITERACY / LANGUAGE,,,"Teacher models reading strategies (prediction, summarizing, questioning). Balanced approach.",0.94,CLEAR,strict,True,Lesson-05,ur
3,F,F8,Cross-Curricular Connections,0.0,NO,Meaningful connections made to at least one other subject area.,0.59,BORDERLINE,strict,False,Lesson-05,ur
4,B,B1,Instructional Clarity & Learning Objectives,1.0,YES,"Clear objective stated, referred to during lesson, linked to classroom activities.",0.76,BORDERLINE,strict,False,Lesson-05,ur
4,B,B3,Activities & Tasks Alignment,1.0,YES,Most activities directly support the learning objective.,0.83,BORDERLINE,strict,False,Lesson-05,ur
4,B,B4,Activation of Prior Knowledge,1.0,YES,Teacher connects new content to previously taught material.,0.88,CLEAR,strict,False,Lesson-05,ur
4,B,B5,Meaningful & Real-World Connections,1.0,YES,Content connected to students' lives or local context.,0.85,CLEAR,strict,False,Lesson-05,ur
4,B,B6,Differentiation / Catering to Learning Levels,0.0,NO,Tasks differentiated for at least 2 ability groups.,0.66,BORDERLINE,strict,False,Lesson-05,ur
4,B,B7,Use of Taleemabad Lesson Plan,0.0,NO,Plan followed with minor contextual adaptations.,0.55,BORDERLINE,strict,False,Lesson-05,ur
4,B,B8,Use of Prescribed Resources,1.0,YES,Key resources used as prescribed in lesson plan.,0.58,BORDERLINE,strict,False,Lesson-05,ur
4,B,B10,Lesson Closure & Consolidation,1.0,YES,"Structured closure: recap key points, check understanding.",0.72,BORDERLINE,strict,False,Lesson-05,ur
4,D,D1,Active Participation Rate,1.0,YES,"50-75% actively participating (writing, discussing, solving).",0.6,BORDERLINE,strict,False,Lesson-05,ur
4,D,D2,Cognitive Engagement Level (Bloom's),1.0,YES,Students applying concepts to new problems (Bloom's Apply/Analyze).,0.62,BORDERLINE,strict,False,Lesson-05,ur
4,D,D3,Student-to-Student Interaction,0.0,NO,Students discuss content in pairs/groups; academic language used.,0.82,BORDERLINE,strict,False,Lesson-05,ur
4,D,D7,Inclusivity of Engagement,1.0,YES,Students across ability levels and genders are participating.,0.58,BORDERLINE,strict,False,Lesson-05,ur
4,C,C1,Quality Questioning (Bloom's Aligned),0.0,NO,Purposeful mix including application & analysis questions. Open-ended questions dominate. Wait time given.,0.83,BORDERLINE,strict,False,Lesson-05,ur
4,C,C2,Responsive Re-explanation & Adaptive Teaching,1.0,YES,"Uses alternative representations (visual, concrete, analogy). Adjusts teaching to student level.",0.72,BORDERLINE,strict,False,Lesson-05,ur
4,C,C3,Effective Feedback,0.0,NO,Specific feedback on what was done well and what to improve. Actionable.,0.65,BORDERLINE,strict,False,Lesson-05,ur
4,C,C5,Student Agency & Voice,0.0,NO,Students make choices about how to demonstrate learning. Explore multiple perspectives.,0.62,BORDERLINE,strict,False,Lesson-05,ur
4,C,C7,Positive & Supportive Learning Environment,1.0,YES,"Warm, encouraging tone; mistakes treated as learning opportunities.",0.78,BORDERLINE,strict,False,Lesson-05,ur
4,C,C8,"Modeling, Scaffolding & Problem-Solving",1.0,YES,I Do -> We Do -> You Do scaffolding visible. Problem-solving and creativity modeled with clear strategies.,0.58,BORDERLINE,strict,False,Lesson-05,ur
4,C,C9,Collaborative Learning,0.0,NO,Purposeful pair/group tasks with clear roles. Students work towards synthesized solutions.,0.85,CLEAR,strict,False,Lesson-05,ur
4,C,C10,Integration of Taleemabad Technology,0.0,NO,Taleemabad videos/apps used to support learning objectives.,0.93,CLEAR,strict,False,Lesson-05,ur
4,C,C11,Self & Peer Assessment Facilitation,0.0,NO,Self- and peer-assessment structured and purposeful. Students use rubrics to assess work.,0.86,CLEAR,strict,False,Lesson-05,ur
4,C,C12,Classroom Resources & Space for Collaboration,0.0,NO,Resources and space well-organized for collaborative tasks. Materials accessible.,0.7,BORDERLINE,strict,False,Lesson-05,ur
4,F,F1,Content Accuracy,0.0,NO,Content is accurate; no errors observed.,0.76,BORDERLINE,strict,False,Lesson-05,ur
4,F,F2,Use of Academic Language,0.0,NO,Key terms used accurately and explained to students.,0.57,BORDERLINE,strict,False,Lesson-05,ur
4,F,F3,Anticipation of Student Misconceptions,1.0,YES,Anticipates and addresses at least 1-2 common misconceptions.,0.81,BORDERLINE,strict,False,Lesson-05,ur
4,F,F4,Depth of Explanation,1.0,YES,Explains the 'why' behind procedures; uses multiple representations.,0.68,BORDERLINE,strict,False,Lesson-05,ur
4,F,F5,Subject-Specific Pedagogy: MATH,1.0,YES,Uses concrete -> pictorial -> abstract (CPA) progression; manipulatives present.,0.84,BORDERLINE,strict,False,Lesson-05,ur
4,F,F6,Subject-Specific Pedagogy: SCIENCE,,,Hands-on activities present; students make predictions and observations.,0.93,CLEAR,strict,True,Lesson-05,ur
4,F,F7,Subject-Specific Pedagogy: LITERACY / LANGUAGE,,,"Teacher models reading strategies (prediction, summarizing, questioning). Balanced approach.",0.93,CLEAR,strict,True,Lesson-05,ur
4,F,F8,Cross-Curricular Connections,0.0,NO,Meaningful connections made to at least one other subject area.,0.6,BORDERLINE,strict,False,Lesson-05,ur
5,C,C1,Quality Questioning (Bloom's Aligned),0.0,NO,Purposeful mix including application & analysis questions. Open-ended questions dominate. Wait time given.,0.82,BORDERLINE,strict,False,Lesson-05,ur
5,C,C2,Responsive Re-explanation & Adaptive Teaching,1.0,YES,"Uses alternative representations (visual, concrete, analogy). Adjusts teaching to student level.",0.68,BORDERLINE,strict,False,Lesson-05,ur
5,C,C3,Effective Feedback,0.0,NO,Specific feedback on what was done well and what to improve. Actionable.,0.71,BORDERLINE,strict,False,Lesson-05,ur
5,C,C5,Student Agency & Voice,0.0,NO,Students make choices about how to demonstrate learning. Explore multiple perspectives.,0.66,BORDERLINE,strict,False,Lesson-05,ur
5,C,C7,Positive & Supportive Learning Environment,1.0,YES,"Warm, encouraging tone; mistakes treated as learning opportunities.",0.83,BORDERLINE,strict,False,Lesson-05,ur
5,C,C8,"Modeling, Scaffolding & Problem-Solving",1.0,YES,I Do -> We Do -> You Do scaffolding visible. Problem-solving and creativity modeled with clear strategies.,0.56,BORDERLINE,strict,False,Lesson-05,ur
5,C,C9,Collaborative Learning,0.0,NO,Purposeful pair/group tasks with clear roles. Students work towards synthesized solutions.,0.72,BORDERLINE,strict,False,Lesson-05,ur
5,C,C10,Integration of Taleemabad Technology,0.0,NO,Taleemabad videos/apps used to support learning objectives.,0.92,CLEAR,strict,False,Lesson-05,ur
5,C,C11,Self & Peer Assessment Facilitation,0.0,NO,Self- and peer-assessment structured and purposeful. Students use rubrics to assess work.,0.85,CLEAR,strict,False,Lesson-05,ur
5,C,C12,Classroom Resources & Space for Collaboration,0.0,NO,Resources and space well-organized for collaborative tasks. Materials accessible.,0.63,BORDERLINE,strict,False,Lesson-05,ur
5,B,B1,Instructional Clarity & Learning Objectives,1.0,YES,"Clear objective stated, referred to during lesson, linked to classroom activities.",0.72,BORDERLINE,strict,False,Lesson-05,ur
5,B,B3,Activities & Tasks Alignment,1.0,YES,Most activities directly support the learning objective.,0.83,BORDERLINE,strict,False,Lesson-05,ur
5,B,B4,Activation of Prior Knowledge,1.0,YES,Teacher connects new content to previously taught material.,0.9,CLEAR,strict,False,Lesson-05,ur
5,B,B5,Meaningful & Real-World Connections,1.0,YES,Content connected to students' lives or local context.,0.8,BORDERLINE,strict,False,Lesson-05,ur
5,B,B6,Differentiation / Catering to Learning Levels,0.0,NO,Tasks differentiated for at least 2 ability groups.,0.62,BORDERLINE,strict,False,Lesson-05,ur
5,B,B7,Use of Taleemabad Lesson Plan,0.0,NO,Plan followed with minor contextual adaptations.,0.6,BORDERLINE,strict,False,Lesson-05,ur
5,B,B8,Use of Prescribed Resources,0.0,NO,Key resources used as prescribed in lesson plan.,0.58,BORDERLINE,strict,False,Lesson-05,ur
5,B,B10,Lesson Closure & Consolidation,1.0,YES,"Structured closure: recap key points, check understanding.",0.75,BORDERLINE,strict,False,Lesson-05,ur
5,D,D1,Active Participation Rate,1.0,YES,"50-75% actively participating (writing, discussing, solving).",0.6,BORDERLINE,strict,False,Lesson-05,ur
5,D,D2,Cognitive Engagement Level (Bloom's),1.0,YES,Students applying concepts to new problems (Bloom's Apply/Analyze).,0.57,BORDERLINE,strict,False,Lesson-05,ur
5,D,D3,Student-to-Student Interaction,0.0,NO,Students discuss content in pairs/groups; academic language used.,0.76,BORDERLINE,strict,False,Lesson-05,ur
5,D,D7,Inclusivity of Engagement,1.0,YES,Students across ability levels and genders are participating.,0.61,BORDERLINE,strict,False,Lesson-05,ur
5,F,F1,Content Accuracy,0.0,NO,Content is accurate; no errors observed.,0.88,CLEAR,strict,False,Lesson-05,ur
5,F,F2,Use of Academic Language,0.0,NO,Key terms used accurately and explained to students.,0.57,BORDERLINE,strict,False,Lesson-05,ur
5,F,F3,Anticipation of Student Misconceptions,1.0,YES,Anticipates and addresses at least 1-2 common misconceptions.,0.74,BORDERLINE,strict,False,Lesson-05,ur
5,F,F4,Depth of Explanation,1.0,YES,Explains the 'why' behind procedures; uses multiple representations.,0.58,BORDERLINE,strict,False,Lesson-05,ur
5,F,F5,Subject-Specific Pedagogy: MATH,1.0,YES,Uses concrete -> pictorial -> abstract (CPA) progression; manipulatives present.,0.76,BORDERLINE,strict,False,Lesson-05,ur
5,F,F6,Subject-Specific Pedagogy: SCIENCE,,,Hands-on activities present; students make predictions and observations.,0.95,CLEAR,strict,True,Lesson-05,ur
5,F,F7,Subject-Specific Pedagogy: LITERACY / LANGUAGE,,,"Teacher models reading strategies (prediction, summarizing, questioning). Balanced approach.",0.95,CLEAR,strict,True,Lesson-05,ur
5,F,F8,Cross-Curricular Connections,0.0,NO,Meaningful connections made to at least one other subject area.,0.6,BORDERLINE,strict,False,Lesson-05,ur
6,B,B1,Instructional Clarity & Learning Objectives,1.0,YES,"Clear objective stated, referred to during lesson, linked to classroom activities.",0.72,BORDERLINE,strict,False,Lesson-05,ur
6,B,B3,Activities & Tasks Alignment,1.0,YES,Most activities directly support the learning objective.,0.82,BORDERLINE,strict,False,Lesson-05,ur
6,B,B4,Activation of Prior Knowledge,1.0,YES,Teacher connects new content to previously taught material.,0.88,CLEAR,strict,False,Lesson-05,ur
6,B,B5,Meaningful & Real-World Connections,1.0,YES,Content connected to students' lives or local context.,0.79,BORDERLINE,strict,False,Lesson-05,ur
6,B,B6,Differentiation / Catering to Learning Levels,0.0,NO,Tasks differentiated for at least 2 ability groups.,0.6,BORDERLINE,strict,False,Lesson-05,ur
6,B,B7,Use of Taleemabad Lesson Plan,0.0,NO,Plan followed with minor contextual adaptations.,0.56,BORDERLINE,strict,False,Lesson-05,ur
6,B,B8,Use of Prescribed Resources,1.0,YES,Key resources used as prescribed in lesson plan.,0.55,BORDERLINE,strict,False,Lesson-05,ur
6,B,B10,Lesson Closure & Consolidation,1.0,YES,"Structured closure: recap key points, check understanding.",0.81,BORDERLINE,strict,False,Lesson-05,ur
6,C,C1,Quality Questioning (Bloom's Aligned),0.0,NO,Purposeful mix including application & analysis questions. Open-ended questions dominate. Wait time given.,0.83,BORDERLINE,strict,False,Lesson-05,ur
6,C,C2,Responsive Re-explanation & Adaptive Teaching,1.0,YES,"Uses alternative representations (visual, concrete, analogy). Adjusts teaching to student level.",0.7,BORDERLINE,strict,False,Lesson-05,ur
6,C,C3,Effective Feedback,0.0,NO,Specific feedback on what was done well and what to improve. Actionable.,0.72,BORDERLINE,strict,False,Lesson-05,ur
6,C,C5,Student Agency & Voice,0.0,NO,Students make choices about how to demonstrate learning. Explore multiple perspectives.,0.85,CLEAR,strict,False,Lesson-05,ur
6,C,C7,Positive & Supportive Learning Environment,1.0,YES,"Warm, encouraging tone; mistakes treated as learning opportunities.",0.72,BORDERLINE,strict,False,Lesson-05,ur
6,C,C8,"Modeling, Scaffolding & Problem-Solving",0.0,NO,I Do -> We Do -> You Do scaffolding visible. Problem-solving and creativity modeled with clear strategies.,0.63,BORDERLINE,strict,False,Lesson-05,ur
6,C,C9,Collaborative Learning,0.0,NO,Purposeful pair/group tasks with clear roles. Students work towards synthesized solutions.,0.76,BORDERLINE,strict,False,Lesson-05,ur
6,C,C10,Integration of Taleemabad Technology,0.0,NO,Taleemabad videos/apps used to support learning objectives.,0.94,CLEAR,strict,False,Lesson-05,ur
6,C,C11,Self & Peer Assessment Facilitation,0.0,NO,Self- and peer-assessment structured and purposeful. Students use rubrics to assess work.,0.88,CLEAR,strict,False,Lesson-05,ur
6,C,C12,Classroom Resources & Space for Collaboration,0.0,NO,Resources and space well-organized for collaborative tasks. Materials accessible.,0.68,BORDERLINE,strict,False,Lesson-05,ur
6,D,D1,Active Participation Rate,1.0,YES,"50-75% actively participating (writing, discussing, solving).",0.58,BORDERLINE,strict,False,Lesson-05,ur
6,D,D2,Cognitive Engagement Level (Bloom's),1.0,YES,Students applying concepts to new problems (Bloom's Apply/Analyze).,0.62,BORDERLINE,strict,False,Lesson-05,ur
6,D,D3,Student-to-Student Interaction,0.0,NO,Students discuss content in pairs/groups; academic language used.,0.82,BORDERLINE,strict,False,Lesson-05,ur
6,D,D7,Inclusivity of Engagement,1.0,YES,Students across ability levels and genders are participating.,0.57,BORDERLINE,strict,False,Lesson-05,ur
6,F,F1,Content Accuracy,0.0,NO,Content is accurate; no errors observed.,0.72,BORDERLINE,strict,False,Lesson-05,ur
6,F,F2,Use of Academic Language,1.0,YES,Key terms used accurately and explained to students.,0.55,BORDERLINE,strict,False,Lesson-05,ur
6,F,F3,Anticipation of Student Misconceptions,1.0,YES,Anticipates and addresses at least 1-2 common misconceptions.,0.74,BORDERLINE,strict,False,Lesson-05,ur
6,F,F4,Depth of Explanation,1.0,YES,Explains the 'why' behind procedures; uses multiple representations.,0.54,BORDERLINE,strict,False,Lesson-05,ur
6,F,F5,Subject-Specific Pedagogy: MATH,1.0,YES,Uses concrete -> pictorial -> abstract (CPA) progression; manipulatives present.,0.8,BORDERLINE,strict,False,Lesson-05,ur
6,F,F6,Subject-Specific Pedagogy: SCIENCE,,,Hands-on activities present; students make predictions and observations.,0.92,CLEAR,strict,True,Lesson-05,ur
6,F,F7,Subject-Specific Pedagogy: LITERACY / LANGUAGE,,,"Teacher models reading strategies (prediction, summarizing, questioning). Balanced approach.",0.92,CLEAR,strict,True,Lesson-05,ur
6,F,F8,Cross-Curricular Connections,0.0,NO,Meaningful connections made to at least one other subject area.,0.62,BORDERLINE,strict,False,Lesson-05,ur
7,B,B1,Instructional Clarity & Learning Objectives,1.0,YES,"Clear objective stated, referred to during lesson, linked to classroom activities.",0.72,BORDERLINE,strict,False,Lesson-05,ur
7,B,B3,Activities & Tasks Alignment,1.0,YES,Most activities directly support the learning objective.,0.8,BORDERLINE,strict,False,Lesson-05,ur
7,B,B4,Activation of Prior Knowledge,1.0,YES,Teacher connects new content to previously taught material.,0.89,CLEAR,strict,False,Lesson-05,ur
7,B,B5,Meaningful & Real-World Connections,1.0,YES,Content connected to students' lives or local context.,0.82,BORDERLINE,strict,False,Lesson-05,ur
7,B,B6,Differentiation / Catering to Learning Levels,0.0,NO,Tasks differentiated for at least 2 ability groups.,0.6,BORDERLINE,strict,False,Lesson-05,ur
7,B,B7,Use of Taleemabad Lesson Plan,0.0,NO,Plan followed with minor contextual adaptations.,0.62,BORDERLINE,strict,False,Lesson-05,ur
7,B,B8,Use of Prescribed Resources,0.0,NO,Key resources used as prescribed in lesson plan.,0.56,BORDERLINE,strict,False,Lesson-05,ur
7,B,B10,Lesson Closure & Consolidation,1.0,YES,"Structured closure: recap key points, check understanding.",0.71,BORDERLINE,strict,False,Lesson-05,ur
7,D,D1,Active Participation Rate,1.0,YES,"50-75% actively participating (writing, discussing, solving).",0.61,BORDERLINE,strict,False,Lesson-05,ur
7,D,D2,Cognitive Engagement Level (Bloom's),1.0,YES,Students applying concepts to new problems (Bloom's Apply/Analyze).,0.66,BORDERLINE,strict,False,Lesson-05,ur
7,D,D3,Student-to-Student Interaction,0.0,NO,Students discuss content in pairs/groups; academic language used.,0.82,BORDERLINE,strict,False,Lesson-05,ur
7,D,D7,Inclusivity of Engagement,1.0,YES,Students across ability levels and genders are participating.,0.6,BORDERLINE,strict,False,Lesson-05,ur
7,C,C1,Quality Questioning (Bloom's Aligned),0.0,NO,Purposeful mix including application & analysis questions. Open-ended questions dominate. Wait time given.,0.83,BORDERLINE,strict,False,Lesson-05,ur
7,C,C2,Responsive Re-explanation & Adaptive Teaching,1.0,YES,"Uses alternative representations (visual, concrete, analogy). Adjusts teaching to student level.",0.7,BORDERLINE,strict,False,Lesson-05,ur
7,C,C3,Effective Feedback,0.0,NO,Specific feedback on what was done well and what to improve. Actionable.,0.72,BORDERLINE,strict,False,Lesson-05,ur
7,C,C5,Student Agency & Voice,0.0,NO,Students make choices about how to demonstrate learning. Explore multiple perspectives.,0.79,BORDERLINE,strict,False,Lesson-05,ur
7,C,C7,Positive & Supportive Learning Environment,1.0,YES,"Warm, encouraging tone; mistakes treated as learning opportunities.",0.82,BORDERLINE,strict,False,Lesson-05,ur
7,C,C8,"Modeling, Scaffolding & Problem-Solving",1.0,YES,I Do -> We Do -> You Do scaffolding visible. Problem-solving and creativity modeled with clear strategies.,0.61,BORDERLINE,strict,False,Lesson-05,ur
7,C,C9,Collaborative Learning,0.0,NO,Purposeful pair/group tasks with clear roles. Students work towards synthesized solutions.,0.79,BORDERLINE,strict,False,Lesson-05,ur
7,C,C10,Integration of Taleemabad Technology,0.0,NO,Taleemabad videos/apps used to support learning objectives.,0.95,CLEAR,strict,False,Lesson-05,ur
7,C,C11,Self & Peer Assessment Facilitation,0.0,NO,Self- and peer-assessment structured and purposeful. Students use rubrics to assess work.,0.85,CLEAR,strict,False,Lesson-05,ur
7,C,C12,Classroom Resources & Space for Collaboration,0.0,NO,Resources and space well-organized for collaborative tasks. Materials accessible.,0.68,BORDERLINE,strict,False,Lesson-05,ur
7,F,F1,Content Accuracy,0.0,NO,Content is accurate; no errors observed.,0.84,BORDERLINE,strict,False,Lesson-05,ur
7,F,F2,Use of Academic Language,1.0,YES,Key terms used accurately and explained to students.,0.55,BORDERLINE,strict,False,Lesson-05,ur
7,F,F3,Anticipation of Student Misconceptions,1.0,YES,Anticipates and addresses at least 1-2 common misconceptions.,0.79,BORDERLINE,strict,False,Lesson-05,ur
7,F,F4,Depth of Explanation,1.0,YES,Explains the 'why' behind procedures; uses multiple representations.,0.62,BORDERLINE,strict,False,Lesson-05,ur
7,F,F5,Subject-Specific Pedagogy: MATH,1.0,YES,Uses concrete -> pictorial -> abstract (CPA) progression; manipulatives present.,0.83,BORDERLINE,strict,False,Lesson-05,ur
7,F,F6,Subject-Specific Pedagogy: SCIENCE,,,Hands-on activities present; students make predictions and observations.,0.95,CLEAR,strict,True,Lesson-05,ur
7,F,F7,Subject-Specific Pedagogy: LITERACY / LANGUAGE,,,"Teacher models reading strategies (prediction, summarizing, questioning). Balanced approach.",0.95,CLEAR,strict,True,Lesson-05,ur
7,F,F8,Cross-Curricular Connections,0.0,NO,Meaningful connections made to at least one other subject area.,0.54,BORDERLINE,strict,False,Lesson-05,ur
8,B,B1,Instructional Clarity & Learning Objectives,1.0,YES,"Clear objective stated, referred to during lesson, linked to classroom activities.",0.72,BORDERLINE,strict,False,Lesson-05,ur
8,B,B3,Activities & Tasks Alignment,1.0,YES,Most activities directly support the learning objective.,0.85,CLEAR,strict,False,Lesson-05,ur
8,B,B4,Activation of Prior Knowledge,1.0,YES,Teacher connects new content to previously taught material.,0.88,CLEAR,strict,False,Lesson-05,ur
8,B,B5,Meaningful & Real-World Connections,1.0,YES,Content connected to students' lives or local context.,0.82,BORDERLINE,strict,False,Lesson-05,ur
8,B,B6,Differentiation / Catering to Learning Levels,0.0,NO,Tasks differentiated for at least 2 ability groups.,0.66,BORDERLINE,strict,False,Lesson-05,ur
8,B,B7,Use of Taleemabad Lesson Plan,0.0,NO,Plan followed with minor contextual adaptations.,0.6,BORDERLINE,strict,False,Lesson-05,ur
8,B,B8,Use of Prescribed Resources,0.0,NO,Key resources used as prescribed in lesson plan.,0.58,BORDERLINE,strict,False,Lesson-05,ur
8,B,B10,Lesson Closure & Consolidation,1.0,YES,"Structured closure: recap key points, check understanding.",0.74,BORDERLINE,strict,False,Lesson-05,ur
8,C,C1,Quality Questioning (Bloom's Aligned),0.0,NO,Purposeful mix including application & analysis questions. Open-ended questions dominate. Wait time given.,0.85,CLEAR,strict,False,Lesson-05,ur
8,C,C2,Responsive Re-explanation & Adaptive Teaching,1.0,YES,"Uses alternative representations (visual, concrete, analogy). Adjusts teaching to student level.",0.7,BORDERLINE,strict,False,Lesson-05,ur
8,C,C3,Effective Feedback,0.0,NO,Specific feedback on what was done well and what to improve. Actionable.,0.82,BORDERLINE,strict,False,Lesson-05,ur
8,C,C5,Student Agency & Voice,0.0,NO,Students make choices about how to demonstrate learning. Explore multiple perspectives.,0.78,BORDERLINE,strict,False,Lesson-05,ur
8,C,C7,Positive & Supportive Learning Environment,1.0,YES,"Warm, encouraging tone; mistakes treated as learning opportunities.",0.72,BORDERLINE,strict,False,Lesson-05,ur
8,C,C8,"Modeling, Scaffolding & Problem-Solving",0.0,NO,I Do -> We Do -> You Do scaffolding visible. Problem-solving and creativity modeled with clear strategies.,0.6,BORDERLINE,strict,False,Lesson-05,ur
8,C,C9,Collaborative Learning,0.0,NO,Purposeful pair/group tasks with clear roles. Students work towards synthesized solutions.,0.72,BORDERLINE,strict,False,Lesson-05,ur
8,C,C10,Integration of Taleemabad Technology,0.0,NO,Taleemabad videos/apps used to support learning objectives.,0.93,CLEAR,strict,False,Lesson-05,ur
8,C,C11,Self & Peer Assessment Facilitation,0.0,NO,Self- and peer-assessment structured and purposeful. Students use rubrics to assess work.,0.88,CLEAR,strict,False,Lesson-05,ur
8,C,C12,Classroom Resources & Space for Collaboration,0.0,NO,Resources and space well-organized for collaborative tasks. Materials accessible.,0.62,BORDERLINE,strict,False,Lesson-05,ur
8,D,D1,Active Participation Rate,1.0,YES,"50-75% actively participating (writing, discussing, solving).",0.57,BORDERLINE,strict,False,Lesson-05,ur
8,D,D2,Cognitive Engagement Level (Bloom's),1.0,YES,Students applying concepts to new problems (Bloom's Apply/Analyze).,0.6,BORDERLINE,strict,False,Lesson-05,ur
8,D,D3,Student-to-Student Interaction,0.0,NO,Students discuss content in pairs/groups; academic language used.,0.83,BORDERLINE,strict,False,Lesson-05,ur
8,D,D7,Inclusivity of Engagement,1.0,YES,Students across ability levels and genders are participating.,0.59,BORDERLINE,strict,False,Lesson-05,ur
8,F,F1,Content Accuracy,0.0,NO,Content is accurate; no errors observed.,0.66,BORDERLINE,strict,False,Lesson-05,ur
8,F,F2,Use of Academic Language,1.0,YES,Key terms used accurately and explained to students.,0.55,BORDERLINE,strict,False,Lesson-05,ur
8,F,F3,Anticipation of Student Misconceptions,1.0,YES,Anticipates and addresses at least 1-2 common misconceptions.,0.76,BORDERLINE,strict,False,Lesson-05,ur
8,F,F4,Depth of Explanation,1.0,YES,Explains the 'why' behind procedures; uses multiple representations.,0.66,BORDERLINE,strict,False,Lesson-05,ur
8,F,F5,Subject-Specific Pedagogy: MATH,1.0,YES,Uses concrete -> pictorial -> abstract (CPA) progression; manipulatives present.,0.84,BORDERLINE,strict,False,Lesson-05,ur
8,F,F6,Subject-Specific Pedagogy: SCIENCE,,,Hands-on activities present; students make predictions and observations.,0.95,CLEAR,strict,True,Lesson-05,ur
8,F,F7,Subject-Specific Pedagogy: LITERACY / LANGUAGE,,,"Teacher models reading strategies (prediction, summarizing, questioning). Balanced approach.",0.95,CLEAR,strict,True,Lesson-05,ur
8,F,F8,Cross-Curricular Connections,0.0,NO,Meaningful connections made to at least one other subject area.,0.6,BORDERLINE,strict,False,Lesson-05,ur
9,B,B1,Instructional Clarity & Learning Objectives,1.0,YES,"Clear objective stated, referred to during lesson, linked to classroom activities.",0.72,BORDERLINE,strict,False,Lesson-05,ur
9,B,B3,Activities & Tasks Alignment,1.0,YES,Most activities directly support the learning objective.,0.83,BORDERLINE,strict,False,Lesson-05,ur
9,B,B4,Activation of Prior Knowledge,1.0,YES,Teacher connects new content to previously taught material.,0.9,CLEAR,strict,False,Lesson-05,ur
9,B,B5,Meaningful & Real-World Connections,1.0,YES,Content connected to students' lives or local context.,0.78,BORDERLINE,strict,False,Lesson-05,ur
9,B,B6,Differentiation / Catering to Learning Levels,0.0,NO,Tasks differentiated for at least 2 ability groups.,0.66,BORDERLINE,strict,False,Lesson-05,ur
9,B,B7,Use of Taleemabad Lesson Plan,0.0,NO,Plan followed with minor contextual adaptations.,0.6,BORDERLINE,strict,False,Lesson-05,ur
9,B,B8,Use of Prescribed Resources,0.0,NO,Key resources used as prescribed in lesson plan.,0.58,BORDERLINE,strict,False,Lesson-05,ur
9,B,B10,Lesson Closure & Consolidation,1.0,YES,"Structured closure: recap key points, check understanding.",0.71,BORDERLINE,strict,False,Lesson-05,ur
9,D,D1,Active Participation Rate,1.0,YES,"50-75% actively participating (writing, discussing, solving).",0.6,BORDERLINE,strict,False,Lesson-05,ur
9,D,D2,Cognitive Engagement Level (Bloom's),1.0,YES,Students applying concepts to new problems (Bloom's Apply/Analyze).,0.59,BORDERLINE,strict,False,Lesson-05,ur
9,D,D3,Student-to-Student Interaction,0.0,NO,Students discuss content in pairs/groups; academic language used.,0.82,BORDERLINE,strict,False,Lesson-05,ur
9,D,D7,Inclusivity of Engagement,1.0,YES,Students across ability levels and genders are participating.,0.61,BORDERLINE,strict,False,Lesson-05,ur
9,C,C1,Quality Questioning (Bloom's Aligned),0.0,NO,Purposeful mix including application & analysis questions. Open-ended questions dominate. Wait time given.,0.84,BORDERLINE,strict,False,Lesson-05,ur
9,C,C2,Responsive Re-explanation & Adaptive Teaching,1.0,YES,"Uses alternative representations (visual, concrete, analogy). Adjusts teaching to student level.",0.73,BORDERLINE,strict,False,Lesson-05,ur
9,C,C3,Effective Feedback,0.0,NO,Specific feedback on what was done well and what to improve. Actionable.,0.76,BORDERLINE,strict,False,Lesson-05,ur
9,C,C5,Student Agency & Voice,0.0,NO,Students make choices about how to demonstrate learning. Explore multiple perspectives.,0.68,BORDERLINE,strict,False,Lesson-05,ur
9,C,C7,Positive & Supportive Learning Environment,1.0,YES,"Warm, encouraging tone; mistakes treated as learning opportunities.",0.91,CLEAR,strict,False,Lesson-05,ur
9,C,C8,"Modeling, Scaffolding & Problem-Solving",0.0,NO,I Do -> We Do -> You Do scaffolding visible. Problem-solving and creativity modeled with clear strategies.,0.57,BORDERLINE,strict,False,Lesson-05,ur
9,C,C9,Collaborative Learning,0.0,NO,Purposeful pair/group tasks with clear roles. Students work towards synthesized solutions.,0.83,BORDERLINE,strict,False,Lesson-05,ur
9,C,C10,Integration of Taleemabad Technology,0.0,NO,Taleemabad videos/apps used to support learning objectives.,0.95,CLEAR,strict,False,Lesson-05,ur
9,C,C11,Self & Peer Assessment Facilitation,0.0,NO,Self- and peer-assessment structured and purposeful. Students use rubrics to assess work.,0.85,CLEAR,strict,False,Lesson-05,ur
9,C,C12,Classroom Resources & Space for Collaboration,0.0,NO,Resources and space well-organized for collaborative tasks. Materials accessible.,0.66,BORDERLINE,strict,False,Lesson-05,ur
9,F,F1,Content Accuracy,0.0,NO,Content is accurate; no errors observed.,0.84,BORDERLINE,strict,False,Lesson-05,ur
9,F,F2,Use of Academic Language,0.0,NO,Key terms used accurately and explained to students.,0.6,BORDERLINE,strict,False,Lesson-05,ur
9,F,F3,Anticipation of Student Misconceptions,1.0,YES,Anticipates and addresses at least 1-2 common misconceptions.,0.72,BORDERLINE,strict,False,Lesson-05,ur
9,F,F4,Depth of Explanation,1.0,YES,Explains the 'why' behind procedures; uses multiple representations.,0.62,BORDERLINE,strict,False,Lesson-05,ur
9,F,F5,Subject-Specific Pedagogy: MATH,1.0,YES,Uses concrete -> pictorial -> abstract (CPA) progression; manipulatives present.,0.76,BORDERLINE,strict,False,Lesson-05,ur
9,F,F6,Subject-Specific Pedagogy: SCIENCE,,,Hands-on activities present; students make predictions and observations.,0.95,CLEAR,strict,True,Lesson-05,ur
9,F,F7,Subject-Specific Pedagogy: LITERACY / LANGUAGE,,,"Teacher models reading strategies (prediction, summarizing, questioning). Balanced approach.",0.95,CLEAR,strict,True,Lesson-05,ur
9,F,F8,Cross-Curricular Connections,0.0,NO,Meaningful connections made to at least one other subject area.,0.58,BORDERLINE,strict,False,Lesson-05,ur
0,D,D1,Active Participation Rate,1.0,YES,"50-75% actively participating (writing, discussing, solving).",0.63,BORDERLINE,strict,False,Lesson-06,sw
0,D,D2,Cognitive Engagement Level (Bloom's),1.0,YES,Students applying concepts to new problems (Bloom's Apply/Analyze).,0.58,BORDERLINE,strict,False,Lesson-06,sw
0,D,D3,Student-to-Student Interaction,0.0,NO,Students discuss content in pairs/groups; academic language used.,0.72,BORDERLINE,strict,False,Lesson-06,sw
0,D,D7,Inclusivity of Engagement,1.0,YES,Students across ability levels and genders are participating.,0.64,BORDERLINE,strict,False,Lesson-06,sw
0,B,B1,Instructional Clarity & Learning Objectives,1.0,YES,"Clear objective stated, referred to during lesson, linked to classroom activities.",0.72,BORDERLINE,strict,False,Lesson-06,sw
0,B,B3,Activities & Tasks Alignment,1.0,YES,Most activities directly support the learning objective.,0.83,BORDERLINE,strict,False,Lesson-06,sw
0,B,B4,Activation of Prior Knowledge,1.0,YES,Teacher connects new content to previously taught material.,0.66,BORDERLINE,strict,False,Lesson-06,sw
0,B,B5,Meaningful & Real-World Connections,0.0,NO,Content connected to students' lives or local context.,0.62,BORDERLINE,strict,False,Lesson-06,sw
0,B,B6,Differentiation / Catering to Learning Levels,0.0,NO,Tasks differentiated for at least 2 ability groups.,0.93,CLEAR,strict,False,Lesson-06,sw
0,B,B7,Use of Taleemabad Lesson Plan,0.0,NO,Plan followed with minor contextual adaptations.,0.86,CLEAR,strict,False,Lesson-06,sw
0,B,B8,Use of Prescribed Resources,0.0,NO,Key resources used as prescribed in lesson plan.,0.9,CLEAR,strict,False,Lesson-06,sw
0,B,B10,Lesson Closure & Consolidation,0.0,NO,"Structured closure: recap key points, check understanding.",0.71,BORDERLINE,strict,False,Lesson-06,sw
0,C,C1,Quality Questioning (Bloom's Aligned),0.0,NO,Purposeful mix including application & analysis questions. Open-ended questions dominate. Wait time given.,0.74,BORDERLINE,strict,False,Lesson-06,sw
0,C,C2,Responsive Re-explanation & Adaptive Teaching,0.0,NO,"Uses alternative representations (visual, concrete, analogy). Adjusts teaching to student level.",0.79,BORDERLINE,strict,False,Lesson-06,sw
0,C,C3,Effective Feedback,0.0,NO,Specific feedback on what was done well and what to improve. Actionable.,0.91,CLEAR,strict,False,Lesson-06,sw
0,C,C5,Student Agency & Voice,0.0,NO,Students make choices about how to demonstrate learning. Explore multiple perspectives.,0.92,CLEAR,strict,False,Lesson-06,sw
0,C,C7,Positive & Supportive Learning Environment,1.0,YES,"Warm, encouraging tone; mistakes treated as learning opportunities.",0.53,BORDERLINE,strict,False,Lesson-06,sw
0,C,C8,"Modeling, Scaffolding & Problem-Solving",0.0,NO,I Do -> We Do -> You Do scaffolding visible. Problem-solving and creativity modeled with clear strategies.,0.66,BORDERLINE,strict,False,Lesson-06,sw
0,C,C9,Collaborative Learning,0.0,NO,Purposeful pair/group tasks with clear roles. Students work towards synthesized solutions.,0.88,CLEAR,strict,False,Lesson-06,sw
0,C,C10,Integration of Taleemabad Technology,0.0,NO,Taleemabad videos/apps used to support learning objectives.,0.95,CLEAR,strict,False,Lesson-06,sw
0,C,C11,Self & Peer Assessment Facilitation,0.0,NO,Self- and peer-assessment structured and purposeful. Students use rubrics to assess work.,0.79,BORDERLINE,strict,False,Lesson-06,sw
0,C,C12,Classroom Resources & Space for Collaboration,0.0,NO,Resources and space well-organized for collaborative tasks. Materials accessible.,0.85,CLEAR,strict,False,Lesson-06,sw
0,F,F1,Content Accuracy,0.0,NO,Content is accurate; no errors observed.,0.66,BORDERLINE,strict,False,Lesson-06,sw
0,F,F2,Use of Academic Language,1.0,YES,Key terms used accurately and explained to students.,0.58,BORDERLINE,strict,False,Lesson-06,sw
0,F,F3,Anticipation of Student Misconceptions,0.0,NO,Anticipates and addresses at least 1-2 common misconceptions.,0.55,BORDERLINE,strict,False,Lesson-06,sw
0,F,F4,Depth of Explanation,0.0,NO,Explains the 'why' behind procedures; uses multiple representations.,0.79,BORDERLINE,strict,False,Lesson-06,sw
0,F,F5,Subject-Specific Pedagogy: MATH,,,Uses concrete -> pictorial -> abstract (CPA) progression; manipulatives present.,0.96,CLEAR,strict,True,Lesson-06,sw
0,F,F6,Subject-Specific Pedagogy: SCIENCE,,,Hands-on activities present; students make predictions and observations.,0.96,CLEAR,strict,True,Lesson-06,sw
0,F,F7,Subject-Specific Pedagogy: LITERACY / LANGUAGE,0.0,NO,"Teacher models reading strategies (prediction, summarizing, questioning). Balanced approach.",0.7,BORDERLINE,strict,False,Lesson-06,sw
0,F,F8,Cross-Curricular Connections,0.0,NO,Meaningful connections made to at least one other subject area.,0.93,CLEAR,strict,False,Lesson-06,sw
1,C,C1,Quality Questioning (Bloom's Aligned),0.0,NO,Purposeful mix including application & analysis questions. Open-ended questions dominate. Wait time given.,0.79,BORDERLINE,strict,False,Lesson-06,sw
1,C,C2,Responsive Re-explanation & Adaptive Teaching,0.0,NO,"Uses alternative representations (visual, concrete, analogy). Adjusts teaching to student level.",0.82,BORDERLINE,strict,False,Lesson-06,sw
1,C,C3,Effective Feedback,0.0,NO,Specific feedback on what was done well and what to improve. Actionable.,0.88,CLEAR,strict,False,Lesson-06,sw
1,C,C5,Student Agency & Voice,0.0,NO,Students make choices about how to demonstrate learning. Explore multiple perspectives.,0.87,CLEAR,strict,False,Lesson-06,sw
1,C,C7,Positive & Supportive Learning Environment,0.0,NO,"Warm, encouraging tone; mistakes treated as learning opportunities.",0.62,BORDERLINE,strict,False,Lesson-06,sw
1,C,C8,"Modeling, Scaffolding & Problem-Solving",0.0,NO,I Do -> We Do -> You Do scaffolding visible. Problem-solving and creativity modeled with clear strategies.,0.8,BORDERLINE,strict,False,Lesson-06,sw
1,C,C9,Collaborative Learning,0.0,NO,Purposeful pair/group tasks with clear roles. Students work towards synthesized solutions.,0.8,BORDERLINE,strict,False,Lesson-06,sw
1,C,C10,Integration of Taleemabad Technology,0.0,NO,Taleemabad videos/apps used to support learning objectives.,0.95,CLEAR,strict,False,Lesson-06,sw
1,C,C11,Self & Peer Assessment Facilitation,0.0,NO,Self- and peer-assessment structured and purposeful. Students use rubrics to assess work.,0.79,BORDERLINE,strict,False,Lesson-06,sw
1,C,C12,Classroom Resources & Space for Collaboration,0.0,NO,Resources and space well-organized for collaborative tasks. Materials accessible.,0.83,BORDERLINE,strict,False,Lesson-06,sw
1,B,B1,Instructional Clarity & Learning Objectives,1.0,YES,"Clear objective stated, referred to during lesson, linked to classroom activities.",0.72,BORDERLINE,strict,False,Lesson-06,sw
1,B,B3,Activities & Tasks Alignment,1.0,YES,Most activities directly support the learning objective.,0.85,CLEAR,strict,False,Lesson-06,sw
1,B,B4,Activation of Prior Knowledge,1.0,YES,Teacher connects new content to previously taught material.,0.66,BORDERLINE,strict,False,Lesson-06,sw
1,B,B5,Meaningful & Real-World Connections,0.0,NO,Content connected to students' lives or local context.,0.6,BORDERLINE,strict,False,Lesson-06,sw
1,B,B6,Differentiation / Catering to Learning Levels,0.0,NO,Tasks differentiated for at least 2 ability groups.,0.93,CLEAR,strict,False,Lesson-06,sw
1,B,B7,Use of Taleemabad Lesson Plan,0.0,NO,Plan followed with minor contextual adaptations.,0.71,BORDERLINE,strict,False,Lesson-06,sw
1,B,B8,Use of Prescribed Resources,0.0,NO,Key resources used as prescribed in lesson plan.,0.8,BORDERLINE,strict,False,Lesson-06,sw
1,B,B10,Lesson Closure & Consolidation,0.0,NO,"Structured closure: recap key points, check understanding.",0.78,BORDERLINE,strict,False,Lesson-06,sw
1,D,D1,Active Participation Rate,1.0,YES,"50-75% actively participating (writing, discussing, solving).",0.6,BORDERLINE,strict,False,Lesson-06,sw
1,D,D2,Cognitive Engagement Level (Bloom's),1.0,YES,Students applying concepts to new problems (Bloom's Apply/Analyze).,0.58,BORDERLINE,strict,False,Lesson-06,sw
1,D,D3,Student-to-Student Interaction,0.0,NO,Students discuss content in pairs/groups; academic language used.,0.63,BORDERLINE,strict,False,Lesson-06,sw
1,D,D7,Inclusivity of Engagement,1.0,YES,Students across ability levels and genders are participating.,0.66,BORDERLINE,strict,False,Lesson-06,sw
1,F,F1,Content Accuracy,0.0,NO,Content is accurate; no errors observed.,0.72,BORDERLINE,strict,False,Lesson-06,sw
1,F,F2,Use of Academic Language,1.0,YES,Key terms used accurately and explained to students.,0.58,BORDERLINE,strict,False,Lesson-06,sw
1,F,F3,Anticipation of Student Misconceptions,0.0,NO,Anticipates and addresses at least 1-2 common misconceptions.,0.57,BORDERLINE,strict,False,Lesson-06,sw
1,F,F4,Depth of Explanation,0.0,NO,Explains the 'why' behind procedures; uses multiple representations.,0.85,CLEAR,strict,False,Lesson-06,sw
1,F,F5,Subject-Specific Pedagogy: MATH,,,Uses concrete -> pictorial -> abstract (CPA) progression; manipulatives present.,0.96,CLEAR,strict,True,Lesson-06,sw
1,F,F6,Subject-Specific Pedagogy: SCIENCE,,,Hands-on activities present; students make predictions and observations.,0.96,CLEAR,strict,True,Lesson-06,sw
1,F,F7,Subject-Specific Pedagogy: LITERACY / LANGUAGE,0.0,NO,"Teacher models reading strategies (prediction, summarizing, questioning). Balanced approach.",0.7,BORDERLINE,strict,False,Lesson-06,sw
1,F,F8,Cross-Curricular Connections,0.0,NO,Meaningful connections made to at least one other subject area.,0.9,CLEAR,strict,False,Lesson-06,sw
2,C,C1,Quality Questioning (Bloom's Aligned),0.0,NO,Purposeful mix including application & analysis questions. Open-ended questions dominate. Wait time given.,0.82,BORDERLINE,strict,False,Lesson-06,sw
2,C,C2,Responsive Re-explanation & Adaptive Teaching,0.0,NO,"Uses alternative representations (visual, concrete, analogy). Adjusts teaching to student level.",0.79,BORDERLINE,strict,False,Lesson-06,sw
2,C,C3,Effective Feedback,0.0,NO,Specific feedback on what was done well and what to improve. Actionable.,0.85,CLEAR,strict,False,Lesson-06,sw
2,C,C5,Student Agency & Voice,0.0,NO,Students make choices about how to demonstrate learning. Explore multiple perspectives.,0.83,BORDERLINE,strict,False,Lesson-06,sw
2,C,C7,Positive & Supportive Learning Environment,0.0,NO,"Warm, encouraging tone; mistakes treated as learning opportunities.",0.61,BORDERLINE,strict,False,Lesson-06,sw
2,C,C8,"Modeling, Scaffolding & Problem-Solving",0.0,NO,I Do -> We Do -> You Do scaffolding visible. Problem-solving and creativity modeled with clear strategies.,0.74,BORDERLINE,strict,False,Lesson-06,sw
2,C,C9,Collaborative Learning,0.0,NO,Purposeful pair/group tasks with clear roles. Students work towards synthesized solutions.,0.76,BORDERLINE,strict,False,Lesson-06,sw
2,C,C10,Integration of Taleemabad Technology,0.0,NO,Taleemabad videos/apps used to support learning objectives.,0.94,CLEAR,strict,False,Lesson-06,sw
2,C,C11,Self & Peer Assessment Facilitation,0.0,NO,Self- and peer-assessment structured and purposeful. Students use rubrics to assess work.,0.72,BORDERLINE,strict,False,Lesson-06,sw
2,C,C12,Classroom Resources & Space for Collaboration,0.0,NO,Resources and space well-organized for collaborative tasks. Materials accessible.,0.8,BORDERLINE,strict,False,Lesson-06,sw
2,B,B1,Instructional Clarity & Learning Objectives,1.0,YES,"Clear objective stated, referred to during lesson, linked to classroom activities.",0.72,BORDERLINE,strict,False,Lesson-06,sw
2,B,B3,Activities & Tasks Alignment,1.0,YES,Most activities directly support the learning objective.,0.87,CLEAR,strict,False,Lesson-06,sw
2,B,B4,Activation of Prior Knowledge,1.0,YES,Teacher connects new content to previously taught material.,0.76,BORDERLINE,strict,False,Lesson-06,sw
2,B,B5,Meaningful & Real-World Connections,0.0,NO,Content connected to students' lives or local context.,0.68,BORDERLINE,strict,False,Lesson-06,sw
2,B,B6,Differentiation / Catering to Learning Levels,0.0,NO,Tasks differentiated for at least 2 ability groups.,0.93,CLEAR,strict,False,Lesson-06,sw
2,B,B7,Use of Taleemabad Lesson Plan,0.0,NO,Plan followed with minor contextual adaptations.,0.83,BORDERLINE,strict,False,Lesson-06,sw
2,B,B8,Use of Prescribed Resources,0.0,NO,Key resources used as prescribed in lesson plan.,0.87,CLEAR,strict,False,Lesson-06,sw
2,B,B10,Lesson Closure & Consolidation,0.0,NO,"Structured closure: recap key points, check understanding.",0.85,CLEAR,strict,False,Lesson-06,sw
2,D,D1,Active Participation Rate,1.0,YES,"50-75% actively participating (writing, discussing, solving).",0.63,BORDERLINE,strict,False,Lesson-06,sw
2,D,D2,Cognitive Engagement Level (Bloom's),1.0,YES,Students applying concepts to new problems (Bloom's Apply/Analyze).,0.55,BORDERLINE,strict,False,Lesson-06,sw
2,D,D3,Student-to-Student Interaction,0.0,NO,Students discuss content in pairs/groups; academic language used.,0.7,BORDERLINE,strict,False,Lesson-06,sw
2,D,D7,Inclusivity of Engagement,1.0,YES,Students across ability levels and genders are participating.,0.62,BORDERLINE,strict,False,Lesson-06,sw
2,F,F1,Content Accuracy,0.0,NO,Content is accurate; no errors observed.,0.76,BORDERLINE,strict,False,Lesson-06,sw
2,F,F2,Use of Academic Language,1.0,YES,Key terms used accurately and explained to students.,0.59,BORDERLINE,strict,False,Lesson-06,sw
2,F,F3,Anticipation of Student Misconceptions,0.0,NO,Anticipates and addresses at least 1-2 common misconceptions.,0.56,BORDERLINE,strict,False,Lesson-06,sw
2,F,F4,Depth of Explanation,0.0,NO,Explains the 'why' behind procedures; uses multiple representations.,0.8,BORDERLINE,strict,False,Lesson-06,sw
2,F,F5,Subject-Specific Pedagogy: MATH,,,Uses concrete -> pictorial -> abstract (CPA) progression; manipulatives present.,0.96,CLEAR,strict,True,Lesson-06,sw
2,F,F6,Subject-Specific Pedagogy: SCIENCE,,,Hands-on activities present; students make predictions and observations.,0.96,CLEAR,strict,True,Lesson-06,sw
2,F,F7,Subject-Specific Pedagogy: LITERACY / LANGUAGE,0.0,NO,"Teacher models reading strategies (prediction, summarizing, questioning). Balanced approach.",0.75,BORDERLINE,strict,False,Lesson-06,sw
2,F,F8,Cross-Curricular Connections,0.0,NO,Meaningful connections made to at least one other subject area.,0.9,CLEAR,strict,False,Lesson-06,sw
3,B,B1,Instructional Clarity & Learning Objectives,1.0,YES,"Clear objective stated, referred to during lesson, linked to classroom activities.",0.72,BORDERLINE,strict,False,Lesson-06,sw
3,B,B3,Activities & Tasks Alignment,1.0,YES,Most activities directly support the learning objective.,0.85,CLEAR,strict,False,Lesson-06,sw
3,B,B4,Activation of Prior Knowledge,1.0,YES,Teacher connects new content to previously taught material.,0.7,BORDERLINE,strict,False,Lesson-06,sw
3,B,B5,Meaningful & Real-World Connections,0.0,NO,Content connected to students' lives or local context.,0.62,BORDERLINE,strict,False,Lesson-06,sw
3,B,B6,Differentiation / Catering to Learning Levels,0.0,NO,Tasks differentiated for at least 2 ability groups.,0.93,CLEAR,strict,False,Lesson-06,sw
3,B,B7,Use of Taleemabad Lesson Plan,0.0,NO,Plan followed with minor contextual adaptations.,0.6,BORDERLINE,strict,False,Lesson-06,sw
3,B,B8,Use of Prescribed Resources,0.0,NO,Key resources used as prescribed in lesson plan.,0.78,BORDERLINE,strict,False,Lesson-06,sw
3,B,B10,Lesson Closure & Consolidation,0.0,NO,"Structured closure: recap key points, check understanding.",0.82,BORDERLINE,strict,False,Lesson-06,sw
3,C,C1,Quality Questioning (Bloom's Aligned),0.0,NO,Purposeful mix including application & analysis questions. Open-ended questions dominate. Wait time given.,0.76,BORDERLINE,strict,False,Lesson-06,sw
3,C,C2,Responsive Re-explanation & Adaptive Teaching,0.0,NO,"Uses alternative representations (visual, concrete, analogy). Adjusts teaching to student level.",0.72,BORDERLINE,strict,False,Lesson-06,sw
3,C,C3,Effective Feedback,0.0,NO,Specific feedback on what was done well and what to improve. Actionable.,0.83,BORDERLINE,strict,False,Lesson-06,sw
3,C,C5,Student Agency & Voice,0.0,NO,Students make choices about how to demonstrate learning. Explore multiple perspectives.,0.86,CLEAR,strict,False,Lesson-06,sw
3,C,C7,Positive & Supportive Learning Environment,0.0,NO,"Warm, encouraging tone; mistakes treated as learning opportunities.",0.62,BORDERLINE,strict,False,Lesson-06,sw
3,C,C8,"Modeling, Scaffolding & Problem-Solving",0.0,NO,I Do -> We Do -> You Do scaffolding visible. Problem-solving and creativity modeled with clear strategies.,0.74,BORDERLINE,strict,False,Lesson-06,sw
3,C,C9,Collaborative Learning,0.0,NO,Purposeful pair/group tasks with clear roles. Students work towards synthesized solutions.,0.7,BORDERLINE,strict,False,Lesson-06,sw
3,C,C10,Integration of Taleemabad Technology,0.0,NO,Taleemabad videos/apps used to support learning objectives.,0.93,CLEAR,strict,False,Lesson-06,sw
3,C,C11,Self & Peer Assessment Facilitation,0.0,NO,Self- and peer-assessment structured and purposeful. Students use rubrics to assess work.,0.72,BORDERLINE,strict,False,Lesson-06,sw
3,C,C12,Classroom Resources & Space for Collaboration,0.0,NO,Resources and space well-organized for collaborative tasks. Materials accessible.,0.79,BORDERLINE,strict,False,Lesson-06,sw
3,D,D1,Active Participation Rate,1.0,YES,"50-75% actively participating (writing, discussing, solving).",0.63,BORDERLINE,strict,False,Lesson-06,sw
3,D,D2,Cognitive Engagement Level (Bloom's),1.0,YES,Students applying concepts to new problems (Bloom's Apply/Analyze).,0.6,BORDERLINE,strict,False,Lesson-06,sw
3,D,D3,Student-to-Student Interaction,0.0,NO,Students discuss content in pairs/groups; academic language used.,0.72,BORDERLINE,strict,False,Lesson-06,sw
3,D,D7,Inclusivity of Engagement,1.0,YES,Students across ability levels and genders are participating.,0.58,BORDERLINE,strict,False,Lesson-06,sw
3,F,F1,Content Accuracy,0.0,NO,Content is accurate; no errors observed.,0.63,BORDERLINE,strict,False,Lesson-06,sw
3,F,F2,Use of Academic Language,1.0,YES,Key terms used accurately and explained to students.,0.58,BORDERLINE,strict,False,Lesson-06,sw
3,F,F3,Anticipation of Student Misconceptions,0.0,NO,Anticipates and addresses at least 1-2 common misconceptions.,0.55,BORDERLINE,strict,False,Lesson-06,sw
3,F,F4,Depth of Explanation,0.0,NO,Explains the 'why' behind procedures; uses multiple representations.,0.72,BORDERLINE,strict,False,Lesson-06,sw
3,F,F5,Subject-Specific Pedagogy: MATH,,,Uses concrete -> pictorial -> abstract (CPA) progression; manipulatives present.,0.96,CLEAR,strict,True,Lesson-06,sw
3,F,F6,Subject-Specific Pedagogy: SCIENCE,,,Hands-on activities present; students make predictions and observations.,0.96,CLEAR,strict,True,Lesson-06,sw
3,F,F7,Subject-Specific Pedagogy: LITERACY / LANGUAGE,0.0,NO,"Teacher models reading strategies (prediction, summarizing, questioning). Balanced approach.",0.74,BORDERLINE,strict,False,Lesson-06,sw
3,F,F8,Cross-Curricular Connections,0.0,NO,Meaningful connections made to at least one other subject area.,0.9,CLEAR,strict,False,Lesson-06,sw
4,C,C1,Quality Questioning (Bloom's Aligned),0.0,NO,Purposeful mix including application & analysis questions. Open-ended questions dominate. Wait time given.,0.76,BORDERLINE,strict,False,Lesson-06,sw
4,C,C2,Responsive Re-explanation & Adaptive Teaching,0.0,NO,"Uses alternative representations (visual, concrete, analogy). Adjusts teaching to student level.",0.72,BORDERLINE,strict,False,Lesson-06,sw
4,C,C3,Effective Feedback,0.0,NO,Specific feedback on what was done well and what to improve. Actionable.,0.85,CLEAR,strict,False,Lesson-06,sw
4,C,C5,Student Agency & Voice,0.0,NO,Students make choices about how to demonstrate learning. Explore multiple perspectives.,0.86,CLEAR,strict,False,Lesson-06,sw
4,C,C7,Positive & Supportive Learning Environment,0.0,NO,"Warm, encouraging tone; mistakes treated as learning opportunities.",0.6,BORDERLINE,strict,False,Lesson-06,sw
4,C,C8,"Modeling, Scaffolding & Problem-Solving",0.0,NO,I Do -> We Do -> You Do scaffolding visible. Problem-solving and creativity modeled with clear strategies.,0.71,BORDERLINE,strict,False,Lesson-06,sw
4,C,C9,Collaborative Learning,0.0,NO,Purposeful pair/group tasks with clear roles. Students work towards synthesized solutions.,0.79,BORDERLINE,strict,False,Lesson-06,sw
4,C,C10,Integration of Taleemabad Technology,0.0,NO,Taleemabad videos/apps used to support learning objectives.,0.94,CLEAR,strict,False,Lesson-06,sw
4,C,C11,Self & Peer Assessment Facilitation,0.0,NO,Self- and peer-assessment structured and purposeful. Students use rubrics to assess work.,0.68,BORDERLINE,strict,False,Lesson-06,sw
4,C,C12,Classroom Resources & Space for Collaboration,0.0,NO,Resources and space well-organized for collaborative tasks. Materials accessible.,0.8,BORDERLINE,strict,False,Lesson-06,sw
4,D,D1,Active Participation Rate,1.0,YES,"50-75% actively participating (writing, discussing, solving).",0.63,BORDERLINE,strict,False,Lesson-06,sw
4,D,D2,Cognitive Engagement Level (Bloom's),1.0,YES,Students applying concepts to new problems (Bloom's Apply/Analyze).,0.55,BORDERLINE,strict,False,Lesson-06,sw
4,D,D3,Student-to-Student Interaction,0.0,NO,Students discuss content in pairs/groups; academic language used.,0.66,BORDERLINE,strict,False,Lesson-06,sw
4,D,D7,Inclusivity of Engagement,1.0,YES,Students across ability levels and genders are participating.,0.57,BORDERLINE,strict,False,Lesson-06,sw
4,B,B1,Instructional Clarity & Learning Objectives,1.0,YES,"Clear objective stated, referred to during lesson, linked to classroom activities.",0.72,BORDERLINE,strict,False,Lesson-06,sw
4,B,B3,Activities & Tasks Alignment,1.0,YES,Most activities directly support the learning objective.,0.88,CLEAR,strict,False,Lesson-06,sw
4,B,B4,Activation of Prior Knowledge,1.0,YES,Teacher connects new content to previously taught material.,0.79,BORDERLINE,strict,False,Lesson-06,sw
4,B,B5,Meaningful & Real-World Connections,0.0,NO,Content connected to students' lives or local context.,0.63,BORDERLINE,strict,False,Lesson-06,sw
4,B,B6,Differentiation / Catering to Learning Levels,0.0,NO,Tasks differentiated for at least 2 ability groups.,0.92,CLEAR,strict,False,Lesson-06,sw
4,B,B7,Use of Taleemabad Lesson Plan,0.0,NO,Plan followed with minor contextual adaptations.,0.76,BORDERLINE,strict,False,Lesson-06,sw
4,B,B8,Use of Prescribed Resources,0.0,NO,Key resources used as prescribed in lesson plan.,0.87,CLEAR,strict,False,Lesson-06,sw
4,B,B10,Lesson Closure & Consolidation,0.0,NO,"Structured closure: recap key points, check understanding.",0.83,BORDERLINE,strict,False,Lesson-06,sw
4,F,F1,Content Accuracy,0.0,NO,Content is accurate; no errors observed.,0.74,BORDERLINE,strict,False,Lesson-06,sw
4,F,F2,Use of Academic Language,1.0,YES,Key terms used accurately and explained to students.,0.57,BORDERLINE,strict,False,Lesson-06,sw
4,F,F3,Anticipation of Student Misconceptions,0.0,NO,Anticipates and addresses at least 1-2 common misconceptions.,0.56,BORDERLINE,strict,False,Lesson-06,sw
4,F,F4,Depth of Explanation,0.0,NO,Explains the 'why' behind procedures; uses multiple representations.,0.83,BORDERLINE,strict,False,Lesson-06,sw
4,F,F5,Subject-Specific Pedagogy: MATH,,,Uses concrete -> pictorial -> abstract (CPA) progression; manipulatives present.,0.96,CLEAR,strict,True,Lesson-06,sw
4,F,F6,Subject-Specific Pedagogy: SCIENCE,,,Hands-on activities present; students make predictions and observations.,0.96,CLEAR,strict,True,Lesson-06,sw
4,F,F7,Subject-Specific Pedagogy: LITERACY / LANGUAGE,0.0,NO,"Teacher models reading strategies (prediction, summarizing, questioning). Balanced approach.",0.79,BORDERLINE,strict,False,Lesson-06,sw
4,F,F8,Cross-Curricular Connections,0.0,NO,Meaningful connections made to at least one other subject area.,0.9,CLEAR,strict,False,Lesson-06,sw
5,B,B1,Instructional Clarity & Learning Objectives,1.0,YES,"Clear objective stated, referred to during lesson, linked to classroom activities.",0.72,BORDERLINE,strict,False,Lesson-06,sw
5,B,B3,Activities & Tasks Alignment,1.0,YES,Most activities directly support the learning objective.,0.85,CLEAR,strict,False,Lesson-06,sw
5,B,B4,Activation of Prior Knowledge,1.0,YES,Teacher connects new content to previously taught material.,0.7,BORDERLINE,strict,False,Lesson-06,sw
5,B,B5,Meaningful & Real-World Connections,0.0,NO,Content connected to students' lives or local context.,0.62,BORDERLINE,strict,False,Lesson-06,sw
5,B,B6,Differentiation / Catering to Learning Levels,0.0,NO,Tasks differentiated for at least 2 ability groups.,0.92,CLEAR,strict,False,Lesson-06,sw
5,B,B7,Use of Taleemabad Lesson Plan,0.0,NO,Plan followed with minor contextual adaptations.,0.6,BORDERLINE,strict,False,Lesson-06,sw
5,B,B8,Use of Prescribed Resources,0.0,NO,Key resources used as prescribed in lesson plan.,0.78,BORDERLINE,strict,False,Lesson-06,sw
5,B,B10,Lesson Closure & Consolidation,0.0,NO,"Structured closure: recap key points, check understanding.",0.76,BORDERLINE,strict,False,Lesson-06,sw
5,C,C1,Quality Questioning (Bloom's Aligned),0.0,NO,Purposeful mix including application & analysis questions. Open-ended questions dominate. Wait time given.,0.79,BORDERLINE,strict,False,Lesson-06,sw
5,C,C2,Responsive Re-explanation & Adaptive Teaching,0.0,NO,"Uses alternative representations (visual, concrete, analogy). Adjusts teaching to student level.",0.82,BORDERLINE,strict,False,Lesson-06,sw
5,C,C3,Effective Feedback,0.0,NO,Specific feedback on what was done well and what to improve. Actionable.,0.88,CLEAR,strict,False,Lesson-06,sw
5,C,C5,Student Agency & Voice,0.0,NO,Students make choices about how to demonstrate learning. Explore multiple perspectives.,0.85,CLEAR,strict,False,Lesson-06,sw
5,C,C7,Positive & Supportive Learning Environment,0.0,NO,"Warm, encouraging tone; mistakes treated as learning opportunities.",0.62,BORDERLINE,strict,False,Lesson-06,sw
5,C,C8,"Modeling, Scaffolding & Problem-Solving",0.0,NO,I Do -> We Do -> You Do scaffolding visible. Problem-solving and creativity modeled with clear strategies.,0.75,BORDERLINE,strict,False,Lesson-06,sw
5,C,C9,Collaborative Learning,0.0,NO,Purposeful pair/group tasks with clear roles. Students work towards synthesized solutions.,0.8,BORDERLINE,strict,False,Lesson-06,sw
5,C,C10,Integration of Taleemabad Technology,0.0,NO,Taleemabad videos/apps used to support learning objectives.,0.93,CLEAR,strict,False,Lesson-06,sw
5,C,C11,Self & Peer Assessment Facilitation,0.0,NO,Self- and peer-assessment structured and purposeful. Students use rubrics to assess work.,0.72,BORDERLINE,strict,False,Lesson-06,sw
5,C,C12,Classroom Resources & Space for Collaboration,0.0,NO,Resources and space well-organized for collaborative tasks. Materials accessible.,0.78,BORDERLINE,strict,False,Lesson-06,sw
5,D,D1,Active Participation Rate,1.0,YES,"50-75% actively participating (writing, discussing, solving).",0.62,BORDERLINE,strict,False,Lesson-06,sw
5,D,D2,Cognitive Engagement Level (Bloom's),1.0,YES,Students applying concepts to new problems (Bloom's Apply/Analyze).,0.55,BORDERLINE,strict,False,Lesson-06,sw
5,D,D3,Student-to-Student Interaction,0.0,NO,Students discuss content in pairs/groups; academic language used.,0.63,BORDERLINE,strict,False,Lesson-06,sw
5,D,D7,Inclusivity of Engagement,1.0,YES,Students across ability levels and genders are participating.,0.6,BORDERLINE,strict,False,Lesson-06,sw
5,F,F1,Content Accuracy,0.0,NO,Content is accurate; no errors observed.,0.74,BORDERLINE,strict,False,Lesson-06,sw
5,F,F2,Use of Academic Language,1.0,YES,Key terms used accurately and explained to students.,0.6,BORDERLINE,strict,False,Lesson-06,sw
5,F,F3,Anticipation of Student Misconceptions,0.0,NO,Anticipates and addresses at least 1-2 common misconceptions.,0.57,BORDERLINE,strict,False,Lesson-06,sw
5,F,F4,Depth of Explanation,0.0,NO,Explains the 'why' behind procedures; uses multiple representations.,0.79,BORDERLINE,strict,False,Lesson-06,sw
5,F,F5,Subject-Specific Pedagogy: MATH,,,Uses concrete -> pictorial -> abstract (CPA) progression; manipulatives present.,0.96,CLEAR,strict,True,Lesson-06,sw
5,F,F6,Subject-Specific Pedagogy: SCIENCE,,,Hands-on activities present; students make predictions and observations.,0.96,CLEAR,strict,True,Lesson-06,sw
5,F,F7,Subject-Specific Pedagogy: LITERACY / LANGUAGE,0.0,NO,"Teacher models reading strategies (prediction, summarizing, questioning). Balanced approach.",0.66,BORDERLINE,strict,False,Lesson-06,sw
5,F,F8,Cross-Curricular Connections,0.0,NO,Meaningful connections made to at least one other subject area.,0.87,CLEAR,strict,False,Lesson-06,sw
6,C,C1,Quality Questioning (Bloom's Aligned),0.0,NO,Purposeful mix including application & analysis questions. Open-ended questions dominate. Wait time given.,0.72,BORDERLINE,strict,False,Lesson-06,sw
6,C,C2,Responsive Re-explanation & Adaptive Teaching,0.0,NO,"Uses alternative representations (visual, concrete, analogy). Adjusts teaching to student level.",0.76,BORDERLINE,strict,False,Lesson-06,sw
6,C,C3,Effective Feedback,0.0,NO,Specific feedback on what was done well and what to improve. Actionable.,0.86,CLEAR,strict,False,Lesson-06,sw
6,C,C5,Student Agency & Voice,0.0,NO,Students make choices about how to demonstrate learning. Explore multiple perspectives.,0.85,CLEAR,strict,False,Lesson-06,sw
6,C,C7,Positive & Supportive Learning Environment,0.0,NO,"Warm, encouraging tone; mistakes treated as learning opportunities.",0.61,BORDERLINE,strict,False,Lesson-06,sw
6,C,C8,"Modeling, Scaffolding & Problem-Solving",0.0,NO,I Do -> We Do -> You Do scaffolding visible. Problem-solving and creativity modeled with clear strategies.,0.7,BORDERLINE,strict,False,Lesson-06,sw
6,C,C9,Collaborative Learning,0.0,NO,Purposeful pair/group tasks with clear roles. Students work towards synthesized solutions.,0.71,BORDERLINE,strict,False,Lesson-06,sw
6,C,C10,Integration of Taleemabad Technology,0.0,NO,Taleemabad videos/apps used to support learning objectives.,0.93,CLEAR,strict,False,Lesson-06,sw
6,C,C11,Self & Peer Assessment Facilitation,0.0,NO,Self- and peer-assessment structured and purposeful. Students use rubrics to assess work.,0.74,BORDERLINE,strict,False,Lesson-06,sw
6,C,C12,Classroom Resources & Space for Collaboration,0.0,NO,Resources and space well-organized for collaborative tasks. Materials accessible.,0.79,BORDERLINE,strict,False,Lesson-06,sw
6,B,B1,Instructional Clarity & Learning Objectives,1.0,YES,"Clear objective stated, referred to during lesson, linked to classroom activities.",0.72,BORDERLINE,strict,False,Lesson-06,sw
6,B,B3,Activities & Tasks Alignment,1.0,YES,Most activities directly support the learning objective.,0.85,CLEAR,strict,False,Lesson-06,sw
6,B,B4,Activation of Prior Knowledge,1.0,YES,Teacher connects new content to previously taught material.,0.7,BORDERLINE,strict,False,Lesson-06,sw
6,B,B5,Meaningful & Real-World Connections,0.0,NO,Content connected to students' lives or local context.,0.62,BORDERLINE,strict,False,Lesson-06,sw
6,B,B6,Differentiation / Catering to Learning Levels,0.0,NO,Tasks differentiated for at least 2 ability groups.,0.92,CLEAR,strict,False,Lesson-06,sw
6,B,B7,Use of Taleemabad Lesson Plan,0.0,NO,Plan followed with minor contextual adaptations.,0.78,BORDERLINE,strict,False,Lesson-06,sw
6,B,B8,Use of Prescribed Resources,0.0,NO,Key resources used as prescribed in lesson plan.,0.85,CLEAR,strict,False,Lesson-06,sw
6,B,B10,Lesson Closure & Consolidation,0.0,NO,"Structured closure: recap key points, check understanding.",0.68,BORDERLINE,strict,False,Lesson-06,sw
6,D,D1,Active Participation Rate,1.0,YES,"50-75% actively participating (writing, discussing, solving).",0.62,BORDERLINE,strict,False,Lesson-06,sw
6,D,D2,Cognitive Engagement Level (Bloom's),1.0,YES,Students applying concepts to new problems (Bloom's Apply/Analyze).,0.56,BORDERLINE,strict,False,Lesson-06,sw
6,D,D3,Student-to-Student Interaction,0.0,NO,Students discuss content in pairs/groups; academic language used.,0.66,BORDERLINE,strict,False,Lesson-06,sw
6,D,D7,Inclusivity of Engagement,1.0,YES,Students across ability levels and genders are participating.,0.63,BORDERLINE,strict,False,Lesson-06,sw
6,F,F1,Content Accuracy,0.0,NO,Content is accurate; no errors observed.,0.85,CLEAR,strict,False,Lesson-06,sw
6,F,F2,Use of Academic Language,0.0,NO,Key terms used accurately and explained to students.,0.55,BORDERLINE,strict,False,Lesson-06,sw
6,F,F3,Anticipation of Student Misconceptions,0.0,NO,Anticipates and addresses at least 1-2 common misconceptions.,0.57,BORDERLINE,strict,False,Lesson-06,sw
6,F,F4,Depth of Explanation,0.0,NO,Explains the 'why' behind procedures; uses multiple representations.,0.82,BORDERLINE,strict,False,Lesson-06,sw
6,F,F5,Subject-Specific Pedagogy: MATH,,,Uses concrete -> pictorial -> abstract (CPA) progression; manipulatives present.,0.96,CLEAR,strict,True,Lesson-06,sw
6,F,F6,Subject-Specific Pedagogy: SCIENCE,,,Hands-on activities present; students make predictions and observations.,0.96,CLEAR,strict,True,Lesson-06,sw
6,F,F7,Subject-Specific Pedagogy: LITERACY / LANGUAGE,0.0,NO,"Teacher models reading strategies (prediction, summarizing, questioning). Balanced approach.",0.8,BORDERLINE,strict,False,Lesson-06,sw
6,F,F8,Cross-Curricular Connections,0.0,NO,Meaningful connections made to at least one other subject area.,0.93,CLEAR,strict,False,Lesson-06,sw
7,B,B1,Instructional Clarity & Learning Objectives,1.0,YES,"Clear objective stated, referred to during lesson, linked to classroom activities.",0.72,BORDERLINE,strict,False,Lesson-06,sw
7,B,B3,Activities & Tasks Alignment,1.0,YES,Most activities directly support the learning objective.,0.85,CLEAR,strict,False,Lesson-06,sw
7,B,B4,Activation of Prior Knowledge,1.0,YES,Teacher connects new content to previously taught material.,0.7,BORDERLINE,strict,False,Lesson-06,sw
7,B,B5,Meaningful & Real-World Connections,0.0,NO,Content connected to students' lives or local context.,0.68,BORDERLINE,strict,False,Lesson-06,sw
7,B,B6,Differentiation / Catering to Learning Levels,0.0,NO,Tasks differentiated for at least 2 ability groups.,0.93,CLEAR,strict,False,Lesson-06,sw
7,B,B7,Use of Taleemabad Lesson Plan,0.0,NO,Plan followed with minor contextual adaptations.,0.6,BORDERLINE,strict,False,Lesson-06,sw
7,B,B8,Use of Prescribed Resources,0.0,NO,Key resources used as prescribed in lesson plan.,0.72,BORDERLINE,strict,False,Lesson-06,sw
7,B,B10,Lesson Closure & Consolidation,0.0,NO,"Structured closure: recap key points, check understanding.",0.76,BORDERLINE,strict,False,Lesson-06,sw
7,C,C1,Quality Questioning (Bloom's Aligned),0.0,NO,Purposeful mix including application & analysis questions. Open-ended questions dominate. Wait time given.,0.76,BORDERLINE,strict,False,Lesson-06,sw
7,C,C2,Responsive Re-explanation & Adaptive Teaching,0.0,NO,"Uses alternative representations (visual, concrete, analogy). Adjusts teaching to student level.",0.72,BORDERLINE,strict,False,Lesson-06,sw
7,C,C3,Effective Feedback,0.0,NO,Specific feedback on what was done well and what to improve. Actionable.,0.82,BORDERLINE,strict,False,Lesson-06,sw
7,C,C5,Student Agency & Voice,0.0,NO,Students make choices about how to demonstrate learning. Explore multiple perspectives.,0.8,BORDERLINE,strict,False,Lesson-06,sw
7,C,C7,Positive & Supportive Learning Environment,0.0,NO,"Warm, encouraging tone; mistakes treated as learning opportunities.",0.6,BORDERLINE,strict,False,Lesson-06,sw
7,C,C8,"Modeling, Scaffolding & Problem-Solving",0.0,NO,I Do -> We Do -> You Do scaffolding visible. Problem-solving and creativity modeled with clear strategies.,0.7,BORDERLINE,strict,False,Lesson-06,sw
7,C,C9,Collaborative Learning,0.0,NO,Purposeful pair/group tasks with clear roles. Students work towards synthesized solutions.,0.74,BORDERLINE,strict,False,Lesson-06,sw
7,C,C10,Integration of Taleemabad Technology,0.0,NO,Taleemabad videos/apps used to support learning objectives.,0.95,CLEAR,strict,False,Lesson-06,sw
7,C,C11,Self & Peer Assessment Facilitation,0.0,NO,Self- and peer-assessment structured and purposeful. Students use rubrics to assess work.,0.68,BORDERLINE,strict,False,Lesson-06,sw
7,C,C12,Classroom Resources & Space for Collaboration,0.0,NO,Resources and space well-organized for collaborative tasks. Materials accessible.,0.72,BORDERLINE,strict,False,Lesson-06,sw
7,D,D1,Active Participation Rate,1.0,YES,"50-75% actively participating (writing, discussing, solving).",0.6,BORDERLINE,strict,False,Lesson-06,sw
7,D,D2,Cognitive Engagement Level (Bloom's),1.0,YES,Students applying concepts to new problems (Bloom's Apply/Analyze).,0.58,BORDERLINE,strict,False,Lesson-06,sw
7,D,D3,Student-to-Student Interaction,0.0,NO,Students discuss content in pairs/groups; academic language used.,0.66,BORDERLINE,strict,False,Lesson-06,sw
7,D,D7,Inclusivity of Engagement,1.0,YES,Students across ability levels and genders are participating.,0.6,BORDERLINE,strict,False,Lesson-06,sw
7,F,F1,Content Accuracy,0.0,NO,Content is accurate; no errors observed.,0.76,BORDERLINE,strict,False,Lesson-06,sw
7,F,F2,Use of Academic Language,1.0,YES,Key terms used accurately and explained to students.,0.57,BORDERLINE,strict,False,Lesson-06,sw
7,F,F3,Anticipation of Student Misconceptions,0.0,NO,Anticipates and addresses at least 1-2 common misconceptions.,0.62,BORDERLINE,strict,False,Lesson-06,sw
7,F,F4,Depth of Explanation,0.0,NO,Explains the 'why' behind procedures; uses multiple representations.,0.79,BORDERLINE,strict,False,Lesson-06,sw
7,F,F5,Subject-Specific Pedagogy: MATH,,,Uses concrete -> pictorial -> abstract (CPA) progression; manipulatives present.,0.96,CLEAR,strict,True,Lesson-06,sw
7,F,F6,Subject-Specific Pedagogy: SCIENCE,,,Hands-on activities present; students make predictions and observations.,0.96,CLEAR,strict,True,Lesson-06,sw
7,F,F7,Subject-Specific Pedagogy: LITERACY / LANGUAGE,0.0,NO,"Teacher models reading strategies (prediction, summarizing, questioning). Balanced approach.",0.72,BORDERLINE,strict,False,Lesson-06,sw
7,F,F8,Cross-Curricular Connections,0.0,NO,Meaningful connections made to at least one other subject area.,0.93,CLEAR,strict,False,Lesson-06,sw
8,D,D1,Active Participation Rate,1.0,YES,"50-75% actively participating (writing, discussing, solving).",0.7,BORDERLINE,strict,False,Lesson-06,sw
8,D,D2,Cognitive Engagement Level (Bloom's),0.0,NO,Students applying concepts to new problems (Bloom's Apply/Analyze).,0.62,BORDERLINE,strict,False,Lesson-06,sw
8,D,D3,Student-to-Student Interaction,0.0,NO,Students discuss content in pairs/groups; academic language used.,0.68,BORDERLINE,strict,False,Lesson-06,sw
8,D,D7,Inclusivity of Engagement,0.0,NO,Students across ability levels and genders are participating.,0.6,BORDERLINE,strict,False,Lesson-06,sw
8,C,C1,Quality Questioning (Bloom's Aligned),0.0,NO,Purposeful mix including application & analysis questions. Open-ended questions dominate. Wait time given.,0.83,BORDERLINE,strict,False,Lesson-06,sw
8,C,C2,Responsive Re-explanation & Adaptive Teaching,0.0,NO,"Uses alternative representations (visual, concrete, analogy). Adjusts teaching to student level.",0.76,BORDERLINE,strict,False,Lesson-06,sw
8,C,C3,Effective Feedback,0.0,NO,Specific feedback on what was done well and what to improve. Actionable.,0.85,CLEAR,strict,False,Lesson-06,sw
8,C,C5,Student Agency & Voice,0.0,NO,Students make choices about how to demonstrate learning. Explore multiple perspectives.,0.88,CLEAR,strict,False,Lesson-06,sw
8,C,C7,Positive & Supportive Learning Environment,0.0,NO,"Warm, encouraging tone; mistakes treated as learning opportunities.",0.6,BORDERLINE,strict,False,Lesson-06,sw
8,C,C8,"Modeling, Scaffolding & Problem-Solving",0.0,NO,I Do -> We Do -> You Do scaffolding visible. Problem-solving and creativity modeled with clear strategies.,0.72,BORDERLINE,strict,False,Lesson-06,sw
8,C,C9,Collaborative Learning,0.0,NO,Purposeful pair/group tasks with clear roles. Students work towards synthesized solutions.,0.7,BORDERLINE,strict,False,Lesson-06,sw
8,C,C10,Integration of Taleemabad Technology,0.0,NO,Taleemabad videos/apps used to support learning objectives.,0.95,CLEAR,strict,False,Lesson-06,sw
8,C,C11,Self & Peer Assessment Facilitation,0.0,NO,Self- and peer-assessment structured and purposeful. Students use rubrics to assess work.,0.79,BORDERLINE,strict,False,Lesson-06,sw
8,C,C12,Classroom Resources & Space for Collaboration,0.0,NO,Resources and space well-organized for collaborative tasks. Materials accessible.,0.86,CLEAR,strict,False,Lesson-06,sw
8,B,B1,Instructional Clarity & Learning Objectives,1.0,YES,"Clear objective stated, referred to during lesson, linked to classroom activities.",0.68,BORDERLINE,strict,False,Lesson-06,sw
8,B,B3,Activities & Tasks Alignment,1.0,YES,Most activities directly support the learning objective.,0.82,BORDERLINE,strict,False,Lesson-06,sw
8,B,B4,Activation of Prior Knowledge,1.0,YES,Teacher connects new content to previously taught material.,0.7,BORDERLINE,strict,False,Lesson-06,sw
8,B,B5,Meaningful & Real-World Connections,0.0,NO,Content connected to students' lives or local context.,0.63,BORDERLINE,strict,False,Lesson-06,sw
8,B,B6,Differentiation / Catering to Learning Levels,0.0,NO,Tasks differentiated for at least 2 ability groups.,0.88,CLEAR,strict,False,Lesson-06,sw
8,B,B7,Use of Taleemabad Lesson Plan,0.0,NO,Plan followed with minor contextual adaptations.,0.72,BORDERLINE,strict,False,Lesson-06,sw
8,B,B8,Use of Prescribed Resources,0.0,NO,Key resources used as prescribed in lesson plan.,0.8,BORDERLINE,strict,False,Lesson-06,sw
8,B,B10,Lesson Closure & Consolidation,0.0,NO,"Structured closure: recap key points, check understanding.",0.76,BORDERLINE,strict,False,Lesson-06,sw
8,F,F1,Content Accuracy,0.0,NO,Content is accurate; no errors observed.,0.63,BORDERLINE,strict,False,Lesson-06,sw
8,F,F2,Use of Academic Language,1.0,YES,Key terms used accurately and explained to students.,0.62,BORDERLINE,strict,False,Lesson-06,sw
8,F,F3,Anticipation of Student Misconceptions,0.0,NO,Anticipates and addresses at least 1-2 common misconceptions.,0.56,BORDERLINE,strict,False,Lesson-06,sw
8,F,F4,Depth of Explanation,0.0,NO,Explains the 'why' behind procedures; uses multiple representations.,0.82,BORDERLINE,strict,False,Lesson-06,sw
8,F,F5,Subject-Specific Pedagogy: MATH,,,Uses concrete -> pictorial -> abstract (CPA) progression; manipulatives present.,0.95,CLEAR,strict,True,Lesson-06,sw
8,F,F6,Subject-Specific Pedagogy: SCIENCE,,,Hands-on activities present; students make predictions and observations.,0.95,CLEAR,strict,True,Lesson-06,sw
8,F,F7,Subject-Specific Pedagogy: LITERACY / LANGUAGE,0.0,NO,"Teacher models reading strategies (prediction, summarizing, questioning). Balanced approach.",0.68,BORDERLINE,strict,False,Lesson-06,sw
8,F,F8,Cross-Curricular Connections,0.0,NO,Meaningful connections made to at least one other subject area.,0.9,CLEAR,strict,False,Lesson-06,sw
9,D,D1,Active Participation Rate,1.0,YES,"50-75% actively participating (writing, discussing, solving).",0.71,BORDERLINE,strict,False,Lesson-06,sw
9,D,D2,Cognitive Engagement Level (Bloom's),1.0,YES,Students applying concepts to new problems (Bloom's Apply/Analyze).,0.58,BORDERLINE,strict,False,Lesson-06,sw
9,D,D3,Student-to-Student Interaction,0.0,NO,Students discuss content in pairs/groups; academic language used.,0.68,BORDERLINE,strict,False,Lesson-06,sw
9,D,D7,Inclusivity of Engagement,1.0,YES,Students across ability levels and genders are participating.,0.66,BORDERLINE,strict,False,Lesson-06,sw
9,B,B1,Instructional Clarity & Learning Objectives,1.0,YES,"Clear objective stated, referred to during lesson, linked to classroom activities.",0.72,BORDERLINE,strict,False,Lesson-06,sw
9,B,B3,Activities & Tasks Alignment,1.0,YES,Most activities directly support the learning objective.,0.88,CLEAR,strict,False,Lesson-06,sw
9,B,B4,Activation of Prior Knowledge,1.0,YES,Teacher connects new content to previously taught material.,0.69,BORDERLINE,strict,False,Lesson-06,sw
9,B,B5,Meaningful & Real-World Connections,0.0,NO,Content connected to students' lives or local context.,0.66,BORDERLINE,strict,False,Lesson-06,sw
9,B,B6,Differentiation / Catering to Learning Levels,0.0,NO,Tasks differentiated for at least 2 ability groups.,0.9,CLEAR,strict,False,Lesson-06,sw
9,B,B7,Use of Taleemabad Lesson Plan,0.0,NO,Plan followed with minor contextual adaptations.,0.78,BORDERLINE,strict,False,Lesson-06,sw
9,B,B8,Use of Prescribed Resources,0.0,NO,Key resources used as prescribed in lesson plan.,0.85,CLEAR,strict,False,Lesson-06,sw
9,B,B10,Lesson Closure & Consolidation,0.0,NO,"Structured closure: recap key points, check understanding.",0.72,BORDERLINE,strict,False,Lesson-06,sw
9,C,C1,Quality Questioning (Bloom's Aligned),0.0,NO,Purposeful mix including application & analysis questions. Open-ended questions dominate. Wait time given.,0.88,CLEAR,strict,False,Lesson-06,sw
9,C,C2,Responsive Re-explanation & Adaptive Teaching,0.0,NO,"Uses alternative representations (visual, concrete, analogy). Adjusts teaching to student level.",0.85,CLEAR,strict,False,Lesson-06,sw
9,C,C3,Effective Feedback,0.0,NO,Specific feedback on what was done well and what to improve. Actionable.,0.89,CLEAR,strict,False,Lesson-06,sw
9,C,C5,Student Agency & Voice,0.0,NO,Students make choices about how to demonstrate learning. Explore multiple perspectives.,0.9,CLEAR,strict,False,Lesson-06,sw
9,C,C7,Positive & Supportive Learning Environment,1.0,YES,"Warm, encouraging tone; mistakes treated as learning opportunities.",0.54,BORDERLINE,strict,False,Lesson-06,sw
9,C,C8,"Modeling, Scaffolding & Problem-Solving",0.0,NO,I Do -> We Do -> You Do scaffolding visible. Problem-solving and creativity modeled with clear strategies.,0.76,BORDERLINE,strict,False,Lesson-06,sw
9,C,C9,Collaborative Learning,0.0,NO,Purposeful pair/group tasks with clear roles. Students work towards synthesized solutions.,0.82,BORDERLINE,strict,False,Lesson-06,sw
9,C,C10,Integration of Taleemabad Technology,0.0,NO,Taleemabad videos/apps used to support learning objectives.,0.95,CLEAR,strict,False,Lesson-06,sw
9,C,C11,Self & Peer Assessment Facilitation,0.0,NO,Self- and peer-assessment structured and purposeful. Students use rubrics to assess work.,0.79,BORDERLINE,strict,False,Lesson-06,sw
9,C,C12,Classroom Resources & Space for Collaboration,0.0,NO,Resources and space well-organized for collaborative tasks. Materials accessible.,0.83,BORDERLINE,strict,False,Lesson-06,sw
9,F,F1,Content Accuracy,0.0,NO,Content is accurate; no errors observed.,0.63,BORDERLINE,strict,False,Lesson-06,sw
9,F,F2,Use of Academic Language,1.0,YES,Key terms used accurately and explained to students.,0.58,BORDERLINE,strict,False,Lesson-06,sw
9,F,F3,Anticipation of Student Misconceptions,0.0,NO,Anticipates and addresses at least 1-2 common misconceptions.,0.57,BORDERLINE,strict,False,Lesson-06,sw
9,F,F4,Depth of Explanation,0.0,NO,Explains the 'why' behind procedures; uses multiple representations.,0.85,CLEAR,strict,False,Lesson-06,sw
9,F,F5,Subject-Specific Pedagogy: MATH,,,Uses concrete -> pictorial -> abstract (CPA) progression; manipulatives present.,0.95,CLEAR,strict,True,Lesson-06,sw
9,F,F6,Subject-Specific Pedagogy: SCIENCE,,,Hands-on activities present; students make predictions and observations.,0.95,CLEAR,strict,True,Lesson-06,sw
9,F,F7,Subject-Specific Pedagogy: LITERACY / LANGUAGE,0.0,NO,"Teacher models reading strategies (prediction, summarizing, questioning). Balanced approach.",0.76,BORDERLINE,strict,False,Lesson-06,sw
9,F,F8,Cross-Curricular Connections,0.0,NO,Meaningful connections made to at least one other subject area.,0.93,CLEAR,strict,False,Lesson-06,sw
0,D,D1,Active Participation Rate,1.0,YES,"50-75% actively participating (writing, discussing, solving).",0.72,BORDERLINE,strict,False,Lesson-07,ur
0,D,D2,Cognitive Engagement Level (Bloom's),0.0,NO,Students applying concepts to new problems (Bloom's Apply/Analyze).,0.93,CLEAR,strict,False,Lesson-07,ur
0,D,D3,Student-to-Student Interaction,0.0,NO,Students discuss content in pairs/groups; academic language used.,0.66,BORDERLINE,strict,False,Lesson-07,ur
0,D,D7,Inclusivity of Engagement,1.0,YES,Students across ability levels and genders are participating.,0.61,BORDERLINE,strict,False,Lesson-07,ur
0,B,B1,Instructional Clarity & Learning Objectives,0.0,NO,"Clear objective stated, referred to during lesson, linked to classroom activities.",0.85,CLEAR,strict,False,Lesson-07,ur
0,B,B3,Activities & Tasks Alignment,1.0,YES,Most activities directly support the learning objective.,0.68,BORDERLINE,strict,False,Lesson-07,ur
0,B,B4,Activation of Prior Knowledge,1.0,YES,Teacher connects new content to previously taught material.,0.82,BORDERLINE,strict,False,Lesson-07,ur
0,B,B5,Meaningful & Real-World Connections,1.0,YES,Content connected to students' lives or local context.,0.76,BORDERLINE,strict,False,Lesson-07,ur
0,B,B6,Differentiation / Catering to Learning Levels,0.0,NO,Tasks differentiated for at least 2 ability groups.,0.7,BORDERLINE,strict,False,Lesson-07,ur
0,B,B7,Use of Taleemabad Lesson Plan,0.0,NO,Plan followed with minor contextual adaptations.,0.6,BORDERLINE,strict,False,Lesson-07,ur
0,B,B8,Use of Prescribed Resources,0.0,NO,Key resources used as prescribed in lesson plan.,0.66,BORDERLINE,strict,False,Lesson-07,ur
0,B,B10,Lesson Closure & Consolidation,1.0,YES,"Structured closure: recap key points, check understanding.",0.57,BORDERLINE,strict,False,Lesson-07,ur
0,C,C1,Quality Questioning (Bloom's Aligned),0.0,NO,Purposeful mix including application & analysis questions. Open-ended questions dominate. Wait time given.,0.95,CLEAR,strict,False,Lesson-07,ur
0,C,C2,Responsive Re-explanation & Adaptive Teaching,0.0,NO,"Uses alternative representations (visual, concrete, analogy). Adjusts teaching to student level.",0.72,BORDERLINE,strict,False,Lesson-07,ur
0,C,C3,Effective Feedback,0.0,NO,Specific feedback on what was done well and what to improve. Actionable.,0.93,CLEAR,strict,False,Lesson-07,ur
0,C,C5,Student Agency & Voice,0.0,NO,Students make choices about how to demonstrate learning. Explore multiple perspectives.,0.88,CLEAR,strict,False,Lesson-07,ur
0,C,C7,Positive & Supportive Learning Environment,1.0,YES,"Warm, encouraging tone; mistakes treated as learning opportunities.",0.72,BORDERLINE,strict,False,Lesson-07,ur
0,C,C8,"Modeling, Scaffolding & Problem-Solving",0.0,NO,I Do -> We Do -> You Do scaffolding visible. Problem-solving and creativity modeled with clear strategies.,0.66,BORDERLINE,strict,False,Lesson-07,ur
0,C,C9,Collaborative Learning,0.0,NO,Purposeful pair/group tasks with clear roles. Students work towards synthesized solutions.,0.62,BORDERLINE,strict,False,Lesson-07,ur
0,C,C10,Integration of Taleemabad Technology,0.0,NO,Taleemabad videos/apps used to support learning objectives.,0.9,CLEAR,strict,False,Lesson-07,ur
0,C,C11,Self & Peer Assessment Facilitation,0.0,NO,Self- and peer-assessment structured and purposeful. Students use rubrics to assess work.,0.62,BORDERLINE,strict,False,Lesson-07,ur
0,C,C12,Classroom Resources & Space for Collaboration,0.0,NO,Resources and space well-organized for collaborative tasks. Materials accessible.,0.7,BORDERLINE,strict,False,Lesson-07,ur
0,F,F1,Content Accuracy,0.0,NO,Content is accurate; no errors observed.,0.63,BORDERLINE,strict,False,Lesson-07,ur
0,F,F2,Use of Academic Language,1.0,YES,Key terms used accurately and explained to students.,0.55,BORDERLINE,strict,False,Lesson-07,ur
0,F,F3,Anticipation of Student Misconceptions,1.0,YES,Anticipates and addresses at least 1-2 common misconceptions.,0.55,BORDERLINE,strict,False,Lesson-07,ur
0,F,F4,Depth of Explanation,0.0,NO,Explains the 'why' behind procedures; uses multiple representations.,0.66,BORDERLINE,strict,False,Lesson-07,ur
0,F,F5,Subject-Specific Pedagogy: MATH,,,Uses concrete -> pictorial -> abstract (CPA) progression; manipulatives present.,0.96,CLEAR,strict,True,Lesson-07,ur
0,F,F6,Subject-Specific Pedagogy: SCIENCE,,,Hands-on activities present; students make predictions and observations.,0.96,CLEAR,strict,True,Lesson-07,ur
0,F,F7,Subject-Specific Pedagogy: LITERACY / LANGUAGE,1.0,YES,"Teacher models reading strategies (prediction, summarizing, questioning). Balanced approach.",0.57,BORDERLINE,strict,False,Lesson-07,ur
0,F,F8,Cross-Curricular Connections,0.0,NO,Meaningful connections made to at least one other subject area.,0.74,BORDERLINE,strict,False,Lesson-07,ur
1,C,C1,Quality Questioning (Bloom's Aligned),0.0,NO,Purposeful mix including application & analysis questions. Open-ended questions dominate. Wait time given.,0.95,CLEAR,strict,False,Lesson-07,ur
1,C,C2,Responsive Re-explanation & Adaptive Teaching,0.0,NO,"Uses alternative representations (visual, concrete, analogy). Adjusts teaching to student level.",0.78,BORDERLINE,strict,False,Lesson-07,ur
1,C,C3,Effective Feedback,0.0,NO,Specific feedback on what was done well and what to improve. Actionable.,0.93,CLEAR,strict,False,Lesson-07,ur
1,C,C5,Student Agency & Voice,0.0,NO,Students make choices about how to demonstrate learning. Explore multiple perspectives.,0.88,CLEAR,strict,False,Lesson-07,ur
1,C,C7,Positive & Supportive Learning Environment,1.0,YES,"Warm, encouraging tone; mistakes treated as learning opportunities.",0.72,BORDERLINE,strict,False,Lesson-07,ur
1,C,C8,"Modeling, Scaffolding & Problem-Solving",0.0,NO,I Do -> We Do -> You Do scaffolding visible. Problem-solving and creativity modeled with clear strategies.,0.68,BORDERLINE,strict,False,Lesson-07,ur
1,C,C9,Collaborative Learning,0.0,NO,Purposeful pair/group tasks with clear roles. Students work towards synthesized solutions.,0.66,BORDERLINE,strict,False,Lesson-07,ur
1,C,C10,Integration of Taleemabad Technology,0.0,NO,Taleemabad videos/apps used to support learning objectives.,0.9,CLEAR,strict,False,Lesson-07,ur
1,C,C11,Self & Peer Assessment Facilitation,0.0,NO,Self- and peer-assessment structured and purposeful. Students use rubrics to assess work.,0.6,BORDERLINE,strict,False,Lesson-07,ur
1,C,C12,Classroom Resources & Space for Collaboration,0.0,NO,Resources and space well-organized for collaborative tasks. Materials accessible.,0.72,BORDERLINE,strict,False,Lesson-07,ur
1,D,D1,Active Participation Rate,1.0,YES,"50-75% actively participating (writing, discussing, solving).",0.76,BORDERLINE,strict,False,Lesson-07,ur
1,D,D2,Cognitive Engagement Level (Bloom's),0.0,NO,Students applying concepts to new problems (Bloom's Apply/Analyze).,0.93,CLEAR,strict,False,Lesson-07,ur
1,D,D3,Student-to-Student Interaction,1.0,YES,Students discuss content in pairs/groups; academic language used.,0.57,BORDERLINE,strict,False,Lesson-07,ur
1,D,D7,Inclusivity of Engagement,1.0,YES,Students across ability levels and genders are participating.,0.74,BORDERLINE,strict,False,Lesson-07,ur
1,B,B1,Instructional Clarity & Learning Objectives,0.0,NO,"Clear objective stated, referred to during lesson, linked to classroom activities.",0.82,BORDERLINE,strict,False,Lesson-07,ur
1,B,B3,Activities & Tasks Alignment,1.0,YES,Most activities directly support the learning objective.,0.66,BORDERLINE,strict,False,Lesson-07,ur
1,B,B4,Activation of Prior Knowledge,1.0,YES,Teacher connects new content to previously taught material.,0.93,CLEAR,strict,False,Lesson-07,ur
1,B,B5,Meaningful & Real-World Connections,1.0,YES,Content connected to students' lives or local context.,0.9,CLEAR,strict,False,Lesson-07,ur
1,B,B6,Differentiation / Catering to Learning Levels,0.0,NO,Tasks differentiated for at least 2 ability groups.,0.57,BORDERLINE,strict,False,Lesson-07,ur
1,B,B7,Use of Taleemabad Lesson Plan,0.0,NO,Plan followed with minor contextual adaptations.,0.56,BORDERLINE,strict,False,Lesson-07,ur
1,B,B8,Use of Prescribed Resources,0.0,NO,Key resources used as prescribed in lesson plan.,0.74,BORDERLINE,strict,False,Lesson-07,ur
1,B,B10,Lesson Closure & Consolidation,1.0,YES,"Structured closure: recap key points, check understanding.",0.71,BORDERLINE,strict,False,Lesson-07,ur
1,F,F1,Content Accuracy,0.0,NO,Content is accurate; no errors observed.,0.59,BORDERLINE,strict,False,Lesson-07,ur
1,F,F2,Use of Academic Language,1.0,YES,Key terms used accurately and explained to students.,0.68,BORDERLINE,strict,False,Lesson-07,ur
1,F,F3,Anticipation of Student Misconceptions,1.0,YES,Anticipates and addresses at least 1-2 common misconceptions.,0.54,BORDERLINE,strict,False,Lesson-07,ur
1,F,F4,Depth of Explanation,0.0,NO,Explains the 'why' behind procedures; uses multiple representations.,0.61,BORDERLINE,strict,False,Lesson-07,ur
1,F,F5,Subject-Specific Pedagogy: MATH,,,Uses concrete -> pictorial -> abstract (CPA) progression; manipulatives present.,0.96,CLEAR,strict,True,Lesson-07,ur
1,F,F6,Subject-Specific Pedagogy: SCIENCE,,,Hands-on activities present; students make predictions and observations.,0.96,CLEAR,strict,True,Lesson-07,ur
1,F,F7,Subject-Specific Pedagogy: LITERACY / LANGUAGE,1.0,YES,"Teacher models reading strategies (prediction, summarizing, questioning). Balanced approach.",0.57,BORDERLINE,strict,False,Lesson-07,ur
1,F,F8,Cross-Curricular Connections,0.0,NO,Meaningful connections made to at least one other subject area.,0.83,BORDERLINE,strict,False,Lesson-07,ur
2,B,B1,Instructional Clarity & Learning Objectives,0.0,NO,"Clear objective stated, referred to during lesson, linked to classroom activities.",0.85,CLEAR,strict,False,Lesson-07,ur
2,B,B3,Activities & Tasks Alignment,1.0,YES,Most activities directly support the learning objective.,0.68,BORDERLINE,strict,False,Lesson-07,ur
2,B,B4,Activation of Prior Knowledge,1.0,YES,Teacher connects new content to previously taught material.,0.79,BORDERLINE,strict,False,Lesson-07,ur
2,B,B5,Meaningful & Real-World Connections,1.0,YES,Content connected to students' lives or local context.,0.72,BORDERLINE,strict,False,Lesson-07,ur
2,B,B6,Differentiation / Catering to Learning Levels,0.0,NO,Tasks differentiated for at least 2 ability groups.,0.7,BORDERLINE,strict,False,Lesson-07,ur
2,B,B7,Use of Taleemabad Lesson Plan,0.0,NO,Plan followed with minor contextual adaptations.,0.6,BORDERLINE,strict,False,Lesson-07,ur
2,B,B8,Use of Prescribed Resources,0.0,NO,Key resources used as prescribed in lesson plan.,0.62,BORDERLINE,strict,False,Lesson-07,ur
2,B,B10,Lesson Closure & Consolidation,1.0,YES,"Structured closure: recap key points, check understanding.",0.6,BORDERLINE,strict,False,Lesson-07,ur
2,C,C1,Quality Questioning (Bloom's Aligned),0.0,NO,Purposeful mix including application & analysis questions. Open-ended questions dominate. Wait time given.,0.95,CLEAR,strict,False,Lesson-07,ur
2,C,C2,Responsive Re-explanation & Adaptive Teaching,0.0,NO,"Uses alternative representations (visual, concrete, analogy). Adjusts teaching to student level.",0.72,BORDERLINE,strict,False,Lesson-07,ur
2,C,C3,Effective Feedback,0.0,NO,Specific feedback on what was done well and what to improve. Actionable.,0.93,CLEAR,strict,False,Lesson-07,ur
2,C,C5,Student Agency & Voice,0.0,NO,Students make choices about how to demonstrate learning. Explore multiple perspectives.,0.84,BORDERLINE,strict,False,Lesson-07,ur
2,C,C7,Positive & Supportive Learning Environment,1.0,YES,"Warm, encouraging tone; mistakes treated as learning opportunities.",0.71,BORDERLINE,strict,False,Lesson-07,ur
2,C,C8,"Modeling, Scaffolding & Problem-Solving",0.0,NO,I Do -> We Do -> You Do scaffolding visible. Problem-solving and creativity modeled with clear strategies.,0.62,BORDERLINE,strict,False,Lesson-07,ur
2,C,C9,Collaborative Learning,0.0,NO,Purposeful pair/group tasks with clear roles. Students work towards synthesized solutions.,0.66,BORDERLINE,strict,False,Lesson-07,ur
2,C,C10,Integration of Taleemabad Technology,0.0,NO,Taleemabad videos/apps used to support learning objectives.,0.88,CLEAR,strict,False,Lesson-07,ur
2,C,C11,Self & Peer Assessment Facilitation,0.0,NO,Self- and peer-assessment structured and purposeful. Students use rubrics to assess work.,0.6,BORDERLINE,strict,False,Lesson-07,ur
2,C,C12,Classroom Resources & Space for Collaboration,0.0,NO,Resources and space well-organized for collaborative tasks. Materials accessible.,0.7,BORDERLINE,strict,False,Lesson-07,ur
2,D,D1,Active Participation Rate,1.0,YES,"50-75% actively participating (writing, discussing, solving).",0.73,BORDERLINE,strict,False,Lesson-07,ur
2,D,D2,Cognitive Engagement Level (Bloom's),0.0,NO,Students applying concepts to new problems (Bloom's Apply/Analyze).,0.94,CLEAR,strict,False,Lesson-07,ur
2,D,D3,Student-to-Student Interaction,1.0,YES,Students discuss content in pairs/groups; academic language used.,0.54,BORDERLINE,strict,False,Lesson-07,ur
2,D,D7,Inclusivity of Engagement,1.0,YES,Students across ability levels and genders are participating.,0.76,BORDERLINE,strict,False,Lesson-07,ur
2,F,F1,Content Accuracy,0.0,NO,Content is accurate; no errors observed.,0.6,BORDERLINE,strict,False,Lesson-07,ur
2,F,F2,Use of Academic Language,1.0,YES,Key terms used accurately and explained to students.,0.58,BORDERLINE,strict,False,Lesson-07,ur
2,F,F3,Anticipation of Student Misconceptions,1.0,YES,Anticipates and addresses at least 1-2 common misconceptions.,0.54,BORDERLINE,strict,False,Lesson-07,ur
2,F,F4,Depth of Explanation,0.0,NO,Explains the 'why' behind procedures; uses multiple representations.,0.58,BORDERLINE,strict,False,Lesson-07,ur
2,F,F5,Subject-Specific Pedagogy: MATH,,,Uses concrete -> pictorial -> abstract (CPA) progression; manipulatives present.,0.96,CLEAR,strict,True,Lesson-07,ur
2,F,F6,Subject-Specific Pedagogy: SCIENCE,,,Hands-on activities present; students make predictions and observations.,0.96,CLEAR,strict,True,Lesson-07,ur
2,F,F7,Subject-Specific Pedagogy: LITERACY / LANGUAGE,1.0,YES,"Teacher models reading strategies (prediction, summarizing, questioning). Balanced approach.",0.6,BORDERLINE,strict,False,Lesson-07,ur
2,F,F8,Cross-Curricular Connections,0.0,NO,Meaningful connections made to at least one other subject area.,0.85,CLEAR,strict,False,Lesson-07,ur
3,B,B1,Instructional Clarity & Learning Objectives,0.0,NO,"Clear objective stated, referred to during lesson, linked to classroom activities.",0.85,CLEAR,strict,False,Lesson-07,ur
3,B,B3,Activities & Tasks Alignment,1.0,YES,Most activities directly support the learning objective.,0.7,BORDERLINE,strict,False,Lesson-07,ur
3,B,B4,Activation of Prior Knowledge,1.0,YES,Teacher connects new content to previously taught material.,0.83,BORDERLINE,strict,False,Lesson-07,ur
3,B,B5,Meaningful & Real-World Connections,1.0,YES,Content connected to students' lives or local context.,0.72,BORDERLINE,strict,False,Lesson-07,ur
3,B,B6,Differentiation / Catering to Learning Levels,0.0,NO,Tasks differentiated for at least 2 ability groups.,0.72,BORDERLINE,strict,False,Lesson-07,ur
3,B,B7,Use of Taleemabad Lesson Plan,0.0,NO,Plan followed with minor contextual adaptations.,0.6,BORDERLINE,strict,False,Lesson-07,ur
3,B,B8,Use of Prescribed Resources,0.0,NO,Key resources used as prescribed in lesson plan.,0.63,BORDERLINE,strict,False,Lesson-07,ur
3,B,B10,Lesson Closure & Consolidation,1.0,YES,"Structured closure: recap key points, check understanding.",0.62,BORDERLINE,strict,False,Lesson-07,ur
3,C,C1,Quality Questioning (Bloom's Aligned),0.0,NO,Purposeful mix including application & analysis questions. Open-ended questions dominate. Wait time given.,0.95,CLEAR,strict,False,Lesson-07,ur
3,C,C2,Responsive Re-explanation & Adaptive Teaching,0.0,NO,"Uses alternative representations (visual, concrete, analogy). Adjusts teaching to student level.",0.7,BORDERLINE,strict,False,Lesson-07,ur
3,C,C3,Effective Feedback,0.0,NO,Specific feedback on what was done well and what to improve. Actionable.,0.92,CLEAR,strict,False,Lesson-07,ur
3,C,C5,Student Agency & Voice,0.0,NO,Students make choices about how to demonstrate learning. Explore multiple perspectives.,0.85,CLEAR,strict,False,Lesson-07,ur
3,C,C7,Positive & Supportive Learning Environment,1.0,YES,"Warm, encouraging tone; mistakes treated as learning opportunities.",0.72,BORDERLINE,strict,False,Lesson-07,ur
3,C,C8,"Modeling, Scaffolding & Problem-Solving",0.0,NO,I Do -> We Do -> You Do scaffolding visible. Problem-solving and creativity modeled with clear strategies.,0.62,BORDERLINE,strict,False,Lesson-07,ur
3,C,C9,Collaborative Learning,0.0,NO,Purposeful pair/group tasks with clear roles. Students work towards synthesized solutions.,0.68,BORDERLINE,strict,False,Lesson-07,ur
3,C,C10,Integration of Taleemabad Technology,0.0,NO,Taleemabad videos/apps used to support learning objectives.,0.85,CLEAR,strict,False,Lesson-07,ur
3,C,C11,Self & Peer Assessment Facilitation,0.0,NO,Self- and peer-assessment structured and purposeful. Students use rubrics to assess work.,0.6,BORDERLINE,strict,False,Lesson-07,ur
3,C,C12,Classroom Resources & Space for Collaboration,0.0,NO,Resources and space well-organized for collaborative tasks. Materials accessible.,0.75,BORDERLINE,strict,False,Lesson-07,ur
3,D,D1,Active Participation Rate,1.0,YES,"50-75% actively participating (writing, discussing, solving).",0.82,BORDERLINE,strict,False,Lesson-07,ur
3,D,D2,Cognitive Engagement Level (Bloom's),0.0,NO,Students applying concepts to new problems (Bloom's Apply/Analyze).,0.92,CLEAR,strict,False,Lesson-07,ur
3,D,D3,Student-to-Student Interaction,1.0,YES,Students discuss content in pairs/groups; academic language used.,0.56,BORDERLINE,strict,False,Lesson-07,ur
3,D,D7,Inclusivity of Engagement,1.0,YES,Students across ability levels and genders are participating.,0.74,BORDERLINE,strict,False,Lesson-07,ur
3,F,F1,Content Accuracy,0.0,NO,Content is accurate; no errors observed.,0.61,BORDERLINE,strict,False,Lesson-07,ur
3,F,F2,Use of Academic Language,1.0,YES,Key terms used accurately and explained to students.,0.72,BORDERLINE,strict,False,Lesson-07,ur
3,F,F3,Anticipation of Student Misconceptions,0.0,NO,Anticipates and addresses at least 1-2 common misconceptions.,0.57,BORDERLINE,strict,False,Lesson-07,ur
3,F,F4,Depth of Explanation,0.0,NO,Explains the 'why' behind procedures; uses multiple representations.,0.66,BORDERLINE,strict,False,Lesson-07,ur
3,F,F5,Subject-Specific Pedagogy: MATH,,,Uses concrete -> pictorial -> abstract (CPA) progression; manipulatives present.,0.97,CLEAR,strict,True,Lesson-07,ur
3,F,F6,Subject-Specific Pedagogy: SCIENCE,,,Hands-on activities present; students make predictions and observations.,0.97,CLEAR,strict,True,Lesson-07,ur
3,F,F7,Subject-Specific Pedagogy: LITERACY / LANGUAGE,0.0,NO,"Teacher models reading strategies (prediction, summarizing, questioning). Balanced approach.",0.56,BORDERLINE,strict,False,Lesson-07,ur
3,F,F8,Cross-Curricular Connections,0.0,NO,Meaningful connections made to at least one other subject area.,0.89,CLEAR,strict,False,Lesson-07,ur
4,B,B1,Instructional Clarity & Learning Objectives,0.0,NO,"Clear objective stated, referred to during lesson, linked to classroom activities.",0.85,CLEAR,strict,False,Lesson-07,ur
4,B,B3,Activities & Tasks Alignment,1.0,YES,Most activities directly support the learning objective.,0.62,BORDERLINE,strict,False,Lesson-07,ur
4,B,B4,Activation of Prior Knowledge,1.0,YES,Teacher connects new content to previously taught material.,0.78,BORDERLINE,strict,False,Lesson-07,ur
4,B,B5,Meaningful & Real-World Connections,1.0,YES,Content connected to students' lives or local context.,0.8,BORDERLINE,strict,False,Lesson-07,ur
4,B,B6,Differentiation / Catering to Learning Levels,0.0,NO,Tasks differentiated for at least 2 ability groups.,0.6,BORDERLINE,strict,False,Lesson-07,ur
4,B,B7,Use of Taleemabad Lesson Plan,0.0,NO,Plan followed with minor contextual adaptations.,0.58,BORDERLINE,strict,False,Lesson-07,ur
4,B,B8,Use of Prescribed Resources,0.0,NO,Key resources used as prescribed in lesson plan.,0.62,BORDERLINE,strict,False,Lesson-07,ur
4,B,B10,Lesson Closure & Consolidation,1.0,YES,"Structured closure: recap key points, check understanding.",0.55,BORDERLINE,strict,False,Lesson-07,ur
4,C,C1,Quality Questioning (Bloom's Aligned),0.0,NO,Purposeful mix including application & analysis questions. Open-ended questions dominate. Wait time given.,0.96,CLEAR,strict,False,Lesson-07,ur
4,C,C2,Responsive Re-explanation & Adaptive Teaching,0.0,NO,"Uses alternative representations (visual, concrete, analogy). Adjusts teaching to student level.",0.72,BORDERLINE,strict,False,Lesson-07,ur
4,C,C3,Effective Feedback,0.0,NO,Specific feedback on what was done well and what to improve. Actionable.,0.94,CLEAR,strict,False,Lesson-07,ur
4,C,C5,Student Agency & Voice,0.0,NO,Students make choices about how to demonstrate learning. Explore multiple perspectives.,0.88,CLEAR,strict,False,Lesson-07,ur
4,C,C7,Positive & Supportive Learning Environment,1.0,YES,"Warm, encouraging tone; mistakes treated as learning opportunities.",0.71,BORDERLINE,strict,False,Lesson-07,ur
4,C,C8,"Modeling, Scaffolding & Problem-Solving",0.0,NO,I Do -> We Do -> You Do scaffolding visible. Problem-solving and creativity modeled with clear strategies.,0.64,BORDERLINE,strict,False,Lesson-07,ur
4,C,C9,Collaborative Learning,0.0,NO,Purposeful pair/group tasks with clear roles. Students work towards synthesized solutions.,0.7,BORDERLINE,strict,False,Lesson-07,ur
4,C,C10,Integration of Taleemabad Technology,0.0,NO,Taleemabad videos/apps used to support learning objectives.,0.85,CLEAR,strict,False,Lesson-07,ur
4,C,C11,Self & Peer Assessment Facilitation,0.0,NO,Self- and peer-assessment structured and purposeful. Students use rubrics to assess work.,0.63,BORDERLINE,strict,False,Lesson-07,ur
4,C,C12,Classroom Resources & Space for Collaboration,0.0,NO,Resources and space well-organized for collaborative tasks. Materials accessible.,0.66,BORDERLINE,strict,False,Lesson-07,ur
4,D,D1,Active Participation Rate,1.0,YES,"50-75% actively participating (writing, discussing, solving).",0.82,BORDERLINE,strict,False,Lesson-07,ur
4,D,D2,Cognitive Engagement Level (Bloom's),0.0,NO,Students applying concepts to new problems (Bloom's Apply/Analyze).,0.93,CLEAR,strict,False,Lesson-07,ur
4,D,D3,Student-to-Student Interaction,1.0,YES,Students discuss content in pairs/groups; academic language used.,0.56,BORDERLINE,strict,False,Lesson-07,ur
4,D,D7,Inclusivity of Engagement,1.0,YES,Students across ability levels and genders are participating.,0.78,BORDERLINE,strict,False,Lesson-07,ur
4,F,F1,Content Accuracy,0.0,NO,Content is accurate; no errors observed.,0.6,BORDERLINE,strict,False,Lesson-07,ur
4,F,F2,Use of Academic Language,1.0,YES,Key terms used accurately and explained to students.,0.57,BORDERLINE,strict,False,Lesson-07,ur
4,F,F3,Anticipation of Student Misconceptions,1.0,YES,Anticipates and addresses at least 1-2 common misconceptions.,0.55,BORDERLINE,strict,False,Lesson-07,ur
4,F,F4,Depth of Explanation,0.0,NO,Explains the 'why' behind procedures; uses multiple representations.,0.62,BORDERLINE,strict,False,Lesson-07,ur
4,F,F5,Subject-Specific Pedagogy: MATH,,,Uses concrete -> pictorial -> abstract (CPA) progression; manipulatives present.,0.96,CLEAR,strict,True,Lesson-07,ur
4,F,F6,Subject-Specific Pedagogy: SCIENCE,,,Hands-on activities present; students make predictions and observations.,0.96,CLEAR,strict,True,Lesson-07,ur
4,F,F7,Subject-Specific Pedagogy: LITERACY / LANGUAGE,0.0,NO,"Teacher models reading strategies (prediction, summarizing, questioning). Balanced approach.",0.57,BORDERLINE,strict,False,Lesson-07,ur
4,F,F8,Cross-Curricular Connections,0.0,NO,Meaningful connections made to at least one other subject area.,0.8,BORDERLINE,strict,False,Lesson-07,ur
5,B,B1,Instructional Clarity & Learning Objectives,0.0,NO,"Clear objective stated, referred to during lesson, linked to classroom activities.",0.82,BORDERLINE,strict,False,Lesson-07,ur
5,B,B3,Activities & Tasks Alignment,1.0,YES,Most activities directly support the learning objective.,0.68,BORDERLINE,strict,False,Lesson-07,ur
5,B,B4,Activation of Prior Knowledge,1.0,YES,Teacher connects new content to previously taught material.,0.79,BORDERLINE,strict,False,Lesson-07,ur
5,B,B5,Meaningful & Real-World Connections,1.0,YES,Content connected to students' lives or local context.,0.71,BORDERLINE,strict,False,Lesson-07,ur
5,B,B6,Differentiation / Catering to Learning Levels,0.0,NO,Tasks differentiated for at least 2 ability groups.,0.66,BORDERLINE,strict,False,Lesson-07,ur
5,B,B7,Use of Taleemabad Lesson Plan,0.0,NO,Plan followed with minor contextual adaptations.,0.6,BORDERLINE,strict,False,Lesson-07,ur
5,B,B8,Use of Prescribed Resources,0.0,NO,Key resources used as prescribed in lesson plan.,0.63,BORDERLINE,strict,False,Lesson-07,ur
5,B,B10,Lesson Closure & Consolidation,1.0,YES,"Structured closure: recap key points, check understanding.",0.61,BORDERLINE,strict,False,Lesson-07,ur
5,C,C1,Quality Questioning (Bloom's Aligned),0.0,NO,Purposeful mix including application & analysis questions. Open-ended questions dominate. Wait time given.,0.95,CLEAR,strict,False,Lesson-07,ur
5,C,C2,Responsive Re-explanation & Adaptive Teaching,0.0,NO,"Uses alternative representations (visual, concrete, analogy). Adjusts teaching to student level.",0.72,BORDERLINE,strict,False,Lesson-07,ur
5,C,C3,Effective Feedback,0.0,NO,Specific feedback on what was done well and what to improve. Actionable.,0.93,CLEAR,strict,False,Lesson-07,ur
5,C,C5,Student Agency & Voice,0.0,NO,Students make choices about how to demonstrate learning. Explore multiple perspectives.,0.85,CLEAR,strict,False,Lesson-07,ur
5,C,C7,Positive & Supportive Learning Environment,1.0,YES,"Warm, encouraging tone; mistakes treated as learning opportunities.",0.7,BORDERLINE,strict,False,Lesson-07,ur
5,C,C8,"Modeling, Scaffolding & Problem-Solving",0.0,NO,I Do -> We Do -> You Do scaffolding visible. Problem-solving and creativity modeled with clear strategies.,0.62,BORDERLINE,strict,False,Lesson-07,ur
5,C,C9,Collaborative Learning,0.0,NO,Purposeful pair/group tasks with clear roles. Students work towards synthesized solutions.,0.68,BORDERLINE,strict,False,Lesson-07,ur
5,C,C10,Integration of Taleemabad Technology,0.0,NO,Taleemabad videos/apps used to support learning objectives.,0.88,CLEAR,strict,False,Lesson-07,ur
5,C,C11,Self & Peer Assessment Facilitation,0.0,NO,Self- and peer-assessment structured and purposeful. Students use rubrics to assess work.,0.6,BORDERLINE,strict,False,Lesson-07,ur
5,C,C12,Classroom Resources & Space for Collaboration,0.0,NO,Resources and space well-organized for collaborative tasks. Materials accessible.,0.66,BORDERLINE,strict,False,Lesson-07,ur
5,D,D1,Active Participation Rate,1.0,YES,"50-75% actively participating (writing, discussing, solving).",0.66,BORDERLINE,strict,False,Lesson-07,ur
5,D,D2,Cognitive Engagement Level (Bloom's),0.0,NO,Students applying concepts to new problems (Bloom's Apply/Analyze).,0.93,CLEAR,strict,False,Lesson-07,ur
5,D,D3,Student-to-Student Interaction,1.0,YES,Students discuss content in pairs/groups; academic language used.,0.54,BORDERLINE,strict,False,Lesson-07,ur
5,D,D7,Inclusivity of Engagement,1.0,YES,Students across ability levels and genders are participating.,0.71,BORDERLINE,strict,False,Lesson-07,ur
5,F,F1,Content Accuracy,0.0,NO,Content is accurate; no errors observed.,0.57,BORDERLINE,strict,False,Lesson-07,ur
5,F,F2,Use of Academic Language,1.0,YES,Key terms used accurately and explained to students.,0.63,BORDERLINE,strict,False,Lesson-07,ur
5,F,F3,Anticipation of Student Misconceptions,1.0,YES,Anticipates and addresses at least 1-2 common misconceptions.,0.55,BORDERLINE,strict,False,Lesson-07,ur
5,F,F4,Depth of Explanation,0.0,NO,Explains the 'why' behind procedures; uses multiple representations.,0.62,BORDERLINE,strict,False,Lesson-07,ur
5,F,F5,Subject-Specific Pedagogy: MATH,,,Uses concrete -> pictorial -> abstract (CPA) progression; manipulatives present.,0.97,CLEAR,strict,True,Lesson-07,ur
5,F,F6,Subject-Specific Pedagogy: SCIENCE,,,Hands-on activities present; students make predictions and observations.,0.97,CLEAR,strict,True,Lesson-07,ur
5,F,F7,Subject-Specific Pedagogy: LITERACY / LANGUAGE,1.0,YES,"Teacher models reading strategies (prediction, summarizing, questioning). Balanced approach.",0.6,BORDERLINE,strict,False,Lesson-07,ur
5,F,F8,Cross-Curricular Connections,0.0,NO,Meaningful connections made to at least one other subject area.,0.79,BORDERLINE,strict,False,Lesson-07,ur
6,B,B1,Instructional Clarity & Learning Objectives,0.0,NO,"Clear objective stated, referred to during lesson, linked to classroom activities.",0.83,BORDERLINE,strict,False,Lesson-07,ur
6,B,B3,Activities & Tasks Alignment,1.0,YES,Most activities directly support the learning objective.,0.68,BORDERLINE,strict,False,Lesson-07,ur
6,B,B4,Activation of Prior Knowledge,1.0,YES,Teacher connects new content to previously taught material.,0.85,CLEAR,strict,False,Lesson-07,ur
6,B,B5,Meaningful & Real-World Connections,1.0,YES,Content connected to students' lives or local context.,0.8,BORDERLINE,strict,False,Lesson-07,ur
6,B,B6,Differentiation / Catering to Learning Levels,0.0,NO,Tasks differentiated for at least 2 ability groups.,0.72,BORDERLINE,strict,False,Lesson-07,ur
6,B,B7,Use of Taleemabad Lesson Plan,0.0,NO,Plan followed with minor contextual adaptations.,0.6,BORDERLINE,strict,False,Lesson-07,ur
6,B,B8,Use of Prescribed Resources,0.0,NO,Key resources used as prescribed in lesson plan.,0.66,BORDERLINE,strict,False,Lesson-07,ur
6,B,B10,Lesson Closure & Consolidation,1.0,YES,"Structured closure: recap key points, check understanding.",0.61,BORDERLINE,strict,False,Lesson-07,ur
6,C,C1,Quality Questioning (Bloom's Aligned),0.0,NO,Purposeful mix including application & analysis questions. Open-ended questions dominate. Wait time given.,0.95,CLEAR,strict,False,Lesson-07,ur
6,C,C2,Responsive Re-explanation & Adaptive Teaching,0.0,NO,"Uses alternative representations (visual, concrete, analogy). Adjusts teaching to student level.",0.72,BORDERLINE,strict,False,Lesson-07,ur
6,C,C3,Effective Feedback,0.0,NO,Specific feedback on what was done well and what to improve. Actionable.,0.9,CLEAR,strict,False,Lesson-07,ur
6,C,C5,Student Agency & Voice,0.0,NO,Students make choices about how to demonstrate learning. Explore multiple perspectives.,0.85,CLEAR,strict,False,Lesson-07,ur
6,C,C7,Positive & Supportive Learning Environment,1.0,YES,"Warm, encouraging tone; mistakes treated as learning opportunities.",0.7,BORDERLINE,strict,False,Lesson-07,ur
6,C,C8,"Modeling, Scaffolding & Problem-Solving",0.0,NO,I Do -> We Do -> You Do scaffolding visible. Problem-solving and creativity modeled with clear strategies.,0.65,BORDERLINE,strict,False,Lesson-07,ur
6,C,C9,Collaborative Learning,0.0,NO,Purposeful pair/group tasks with clear roles. Students work towards synthesized solutions.,0.68,BORDERLINE,strict,False,Lesson-07,ur
6,C,C10,Integration of Taleemabad Technology,0.0,NO,Taleemabad videos/apps used to support learning objectives.,0.85,CLEAR,strict,False,Lesson-07,ur
6,C,C11,Self & Peer Assessment Facilitation,0.0,NO,Self- and peer-assessment structured and purposeful. Students use rubrics to assess work.,0.62,BORDERLINE,strict,False,Lesson-07,ur
6,C,C12,Classroom Resources & Space for Collaboration,0.0,NO,Resources and space well-organized for collaborative tasks. Materials accessible.,0.7,BORDERLINE,strict,False,Lesson-07,ur
6,D,D1,Active Participation Rate,1.0,YES,"50-75% actively participating (writing, discussing, solving).",0.83,BORDERLINE,strict,False,Lesson-07,ur
6,D,D2,Cognitive Engagement Level (Bloom's),0.0,NO,Students applying concepts to new problems (Bloom's Apply/Analyze).,0.88,CLEAR,strict,False,Lesson-07,ur
6,D,D3,Student-to-Student Interaction,1.0,YES,Students discuss content in pairs/groups; academic language used.,0.58,BORDERLINE,strict,False,Lesson-07,ur
6,D,D7,Inclusivity of Engagement,1.0,YES,Students across ability levels and genders are participating.,0.72,BORDERLINE,strict,False,Lesson-07,ur
6,F,F1,Content Accuracy,0.0,NO,Content is accurate; no errors observed.,0.6,BORDERLINE,strict,False,Lesson-07,ur
6,F,F2,Use of Academic Language,1.0,YES,Key terms used accurately and explained to students.,0.68,BORDERLINE,strict,False,Lesson-07,ur
6,F,F3,Anticipation of Student Misconceptions,1.0,YES,Anticipates and addresses at least 1-2 common misconceptions.,0.54,BORDERLINE,strict,False,Lesson-07,ur
6,F,F4,Depth of Explanation,0.0,NO,Explains the 'why' behind procedures; uses multiple representations.,0.57,BORDERLINE,strict,False,Lesson-07,ur
6,F,F5,Subject-Specific Pedagogy: MATH,,,Uses concrete -> pictorial -> abstract (CPA) progression; manipulatives present.,0.96,CLEAR,strict,True,Lesson-07,ur
6,F,F6,Subject-Specific Pedagogy: SCIENCE,,,Hands-on activities present; students make predictions and observations.,0.96,CLEAR,strict,True,Lesson-07,ur
6,F,F7,Subject-Specific Pedagogy: LITERACY / LANGUAGE,0.0,NO,"Teacher models reading strategies (prediction, summarizing, questioning). Balanced approach.",0.55,BORDERLINE,strict,False,Lesson-07,ur
6,F,F8,Cross-Curricular Connections,0.0,NO,Meaningful connections made to at least one other subject area.,0.82,BORDERLINE,strict,False,Lesson-07,ur
7,D,D1,Active Participation Rate,1.0,YES,"50-75% actively participating (writing, discussing, solving).",0.72,BORDERLINE,strict,False,Lesson-07,ur
7,D,D2,Cognitive Engagement Level (Bloom's),0.0,NO,Students applying concepts to new problems (Bloom's Apply/Analyze).,0.9,CLEAR,strict,False,Lesson-07,ur
7,D,D3,Student-to-Student Interaction,1.0,YES,Students discuss content in pairs/groups; academic language used.,0.58,BORDERLINE,strict,False,Lesson-07,ur
7,D,D7,Inclusivity of Engagement,1.0,YES,Students across ability levels and genders are participating.,0.6,BORDERLINE,strict,False,Lesson-07,ur
7,B,B1,Instructional Clarity & Learning Objectives,0.0,NO,"Clear objective stated, referred to during lesson, linked to classroom activities.",0.85,CLEAR,strict,False,Lesson-07,ur
7,B,B3,Activities & Tasks Alignment,1.0,YES,Most activities directly support the learning objective.,0.66,BORDERLINE,strict,False,Lesson-07,ur
7,B,B4,Activation of Prior Knowledge,1.0,YES,Teacher connects new content to previously taught material.,0.83,BORDERLINE,strict,False,Lesson-07,ur
7,B,B5,Meaningful & Real-World Connections,1.0,YES,Content connected to students' lives or local context.,0.78,BORDERLINE,strict,False,Lesson-07,ur
7,B,B6,Differentiation / Catering to Learning Levels,0.0,NO,Tasks differentiated for at least 2 ability groups.,0.62,BORDERLINE,strict,False,Lesson-07,ur
7,B,B7,Use of Taleemabad Lesson Plan,0.0,NO,Plan followed with minor contextual adaptations.,0.6,BORDERLINE,strict,False,Lesson-07,ur
7,B,B8,Use of Prescribed Resources,0.0,NO,Key resources used as prescribed in lesson plan.,0.63,BORDERLINE,strict,False,Lesson-07,ur
7,B,B10,Lesson Closure & Consolidation,1.0,YES,"Structured closure: recap key points, check understanding.",0.61,BORDERLINE,strict,False,Lesson-07,ur
7,C,C1,Quality Questioning (Bloom's Aligned),0.0,NO,Purposeful mix including application & analysis questions. Open-ended questions dominate. Wait time given.,0.95,CLEAR,strict,False,Lesson-07,ur
7,C,C2,Responsive Re-explanation & Adaptive Teaching,0.0,NO,"Uses alternative representations (visual, concrete, analogy). Adjusts teaching to student level.",0.72,BORDERLINE,strict,False,Lesson-07,ur
7,C,C3,Effective Feedback,0.0,NO,Specific feedback on what was done well and what to improve. Actionable.,0.93,CLEAR,strict,False,Lesson-07,ur
7,C,C5,Student Agency & Voice,0.0,NO,Students make choices about how to demonstrate learning. Explore multiple perspectives.,0.83,BORDERLINE,strict,False,Lesson-07,ur
7,C,C7,Positive & Supportive Learning Environment,1.0,YES,"Warm, encouraging tone; mistakes treated as learning opportunities.",0.71,BORDERLINE,strict,False,Lesson-07,ur
7,C,C8,"Modeling, Scaffolding & Problem-Solving",0.0,NO,I Do -> We Do -> You Do scaffolding visible. Problem-solving and creativity modeled with clear strategies.,0.66,BORDERLINE,strict,False,Lesson-07,ur
7,C,C9,Collaborative Learning,0.0,NO,Purposeful pair/group tasks with clear roles. Students work towards synthesized solutions.,0.7,BORDERLINE,strict,False,Lesson-07,ur
7,C,C10,Integration of Taleemabad Technology,0.0,NO,Taleemabad videos/apps used to support learning objectives.,0.9,CLEAR,strict,False,Lesson-07,ur
7,C,C11,Self & Peer Assessment Facilitation,0.0,NO,Self- and peer-assessment structured and purposeful. Students use rubrics to assess work.,0.62,BORDERLINE,strict,False,Lesson-07,ur
7,C,C12,Classroom Resources & Space for Collaboration,0.0,NO,Resources and space well-organized for collaborative tasks. Materials accessible.,0.68,BORDERLINE,strict,False,Lesson-07,ur
7,F,F1,Content Accuracy,0.0,NO,Content is accurate; no errors observed.,0.57,BORDERLINE,strict,False,Lesson-07,ur
7,F,F2,Use of Academic Language,1.0,YES,Key terms used accurately and explained to students.,0.68,BORDERLINE,strict,False,Lesson-07,ur
7,F,F3,Anticipation of Student Misconceptions,0.0,NO,Anticipates and addresses at least 1-2 common misconceptions.,0.56,BORDERLINE,strict,False,Lesson-07,ur
7,F,F4,Depth of Explanation,0.0,NO,Explains the 'why' behind procedures; uses multiple representations.,0.6,BORDERLINE,strict,False,Lesson-07,ur
7,F,F5,Subject-Specific Pedagogy: MATH,,,Uses concrete -> pictorial -> abstract (CPA) progression; manipulatives present.,0.96,CLEAR,strict,True,Lesson-07,ur
7,F,F6,Subject-Specific Pedagogy: SCIENCE,,,Hands-on activities present; students make predictions and observations.,0.96,CLEAR,strict,True,Lesson-07,ur
7,F,F7,Subject-Specific Pedagogy: LITERACY / LANGUAGE,1.0,YES,"Teacher models reading strategies (prediction, summarizing, questioning). Balanced approach.",0.55,BORDERLINE,strict,False,Lesson-07,ur
7,F,F8,Cross-Curricular Connections,0.0,NO,Meaningful connections made to at least one other subject area.,0.82,BORDERLINE,strict,False,Lesson-07,ur
8,C,C1,Quality Questioning (Bloom's Aligned),0.0,NO,Purposeful mix including application & analysis questions. Open-ended questions dominate. Wait time given.,0.96,CLEAR,strict,False,Lesson-07,ur
8,C,C2,Responsive Re-explanation & Adaptive Teaching,0.0,NO,"Uses alternative representations (visual, concrete, analogy). Adjusts teaching to student level.",0.78,BORDERLINE,strict,False,Lesson-07,ur
8,C,C3,Effective Feedback,0.0,NO,Specific feedback on what was done well and what to improve. Actionable.,0.93,CLEAR,strict,False,Lesson-07,ur
8,C,C5,Student Agency & Voice,0.0,NO,Students make choices about how to demonstrate learning. Explore multiple perspectives.,0.9,CLEAR,strict,False,Lesson-07,ur
8,C,C7,Positive & Supportive Learning Environment,1.0,YES,"Warm, encouraging tone; mistakes treated as learning opportunities.",0.74,BORDERLINE,strict,False,Lesson-07,ur
8,C,C8,"Modeling, Scaffolding & Problem-Solving",0.0,NO,I Do -> We Do -> You Do scaffolding visible. Problem-solving and creativity modeled with clear strategies.,0.66,BORDERLINE,strict,False,Lesson-07,ur
8,C,C9,Collaborative Learning,0.0,NO,Purposeful pair/group tasks with clear roles. Students work towards synthesized solutions.,0.68,BORDERLINE,strict,False,Lesson-07,ur
8,C,C10,Integration of Taleemabad Technology,0.0,NO,Taleemabad videos/apps used to support learning objectives.,0.92,CLEAR,strict,False,Lesson-07,ur
8,C,C11,Self & Peer Assessment Facilitation,0.0,NO,Self- and peer-assessment structured and purposeful. Students use rubrics to assess work.,0.62,BORDERLINE,strict,False,Lesson-07,ur
8,C,C12,Classroom Resources & Space for Collaboration,0.0,NO,Resources and space well-organized for collaborative tasks. Materials accessible.,0.71,BORDERLINE,strict,False,Lesson-07,ur
8,B,B1,Instructional Clarity & Learning Objectives,0.0,NO,"Clear objective stated, referred to during lesson, linked to classroom activities.",0.85,CLEAR,strict,False,Lesson-07,ur
8,B,B3,Activities & Tasks Alignment,1.0,YES,Most activities directly support the learning objective.,0.7,BORDERLINE,strict,False,Lesson-07,ur
8,B,B4,Activation of Prior Knowledge,1.0,YES,Teacher connects new content to previously taught material.,0.82,BORDERLINE,strict,False,Lesson-07,ur
8,B,B5,Meaningful & Real-World Connections,1.0,YES,Content connected to students' lives or local context.,0.74,BORDERLINE,strict,False,Lesson-07,ur
8,B,B6,Differentiation / Catering to Learning Levels,0.0,NO,Tasks differentiated for at least 2 ability groups.,0.6,BORDERLINE,strict,False,Lesson-07,ur
8,B,B7,Use of Taleemabad Lesson Plan,0.0,NO,Plan followed with minor contextual adaptations.,0.6,BORDERLINE,strict,False,Lesson-07,ur
8,B,B8,Use of Prescribed Resources,0.0,NO,Key resources used as prescribed in lesson plan.,0.65,BORDERLINE,strict,False,Lesson-07,ur
8,B,B10,Lesson Closure & Consolidation,1.0,YES,"Structured closure: recap key points, check understanding.",0.62,BORDERLINE,strict,False,Lesson-07,ur
8,D,D1,Active Participation Rate,1.0,YES,"50-75% actively participating (writing, discussing, solving).",0.72,BORDERLINE,strict,False,Lesson-07,ur
8,D,D2,Cognitive Engagement Level (Bloom's),0.0,NO,Students applying concepts to new problems (Bloom's Apply/Analyze).,0.93,CLEAR,strict,False,Lesson-07,ur
8,D,D3,Student-to-Student Interaction,1.0,YES,Students discuss content in pairs/groups; academic language used.,0.56,BORDERLINE,strict,False,Lesson-07,ur
8,D,D7,Inclusivity of Engagement,1.0,YES,Students across ability levels and genders are participating.,0.63,BORDERLINE,strict,False,Lesson-07,ur
8,F,F1,Content Accuracy,0.0,NO,Content is accurate; no errors observed.,0.63,BORDERLINE,strict,False,Lesson-07,ur
8,F,F2,Use of Academic Language,0.0,NO,Key terms used accurately and explained to students.,0.55,BORDERLINE,strict,False,Lesson-07,ur
8,F,F3,Anticipation of Student Misconceptions,0.0,NO,Anticipates and addresses at least 1-2 common misconceptions.,0.55,BORDERLINE,strict,False,Lesson-07,ur
8,F,F4,Depth of Explanation,0.0,NO,Explains the 'why' behind procedures; uses multiple representations.,0.71,BORDERLINE,strict,False,Lesson-07,ur
8,F,F5,Subject-Specific Pedagogy: MATH,,,Uses concrete -> pictorial -> abstract (CPA) progression; manipulatives present.,0.95,CLEAR,strict,True,Lesson-07,ur
8,F,F6,Subject-Specific Pedagogy: SCIENCE,,,Hands-on activities present; students make predictions and observations.,0.95,CLEAR,strict,True,Lesson-07,ur
8,F,F7,Subject-Specific Pedagogy: LITERACY / LANGUAGE,1.0,YES,"Teacher models reading strategies (prediction, summarizing, questioning). Balanced approach.",0.55,BORDERLINE,strict,False,Lesson-07,ur
8,F,F8,Cross-Curricular Connections,0.0,NO,Meaningful connections made to at least one other subject area.,0.82,BORDERLINE,strict,False,Lesson-07,ur
9,D,D1,Active Participation Rate,1.0,YES,"50-75% actively participating (writing, discussing, solving).",0.72,BORDERLINE,strict,False,Lesson-07,ur
9,D,D2,Cognitive Engagement Level (Bloom's),0.0,NO,Students applying concepts to new problems (Bloom's Apply/Analyze).,0.93,CLEAR,strict,False,Lesson-07,ur
9,D,D3,Student-to-Student Interaction,1.0,YES,Students discuss content in pairs/groups; academic language used.,0.62,BORDERLINE,strict,False,Lesson-07,ur
9,D,D7,Inclusivity of Engagement,1.0,YES,Students across ability levels and genders are participating.,0.58,BORDERLINE,strict,False,Lesson-07,ur
9,B,B1,Instructional Clarity & Learning Objectives,0.0,NO,"Clear objective stated, referred to during lesson, linked to classroom activities.",0.82,BORDERLINE,strict,False,Lesson-07,ur
9,B,B3,Activities & Tasks Alignment,1.0,YES,Most activities directly support the learning objective.,0.63,BORDERLINE,strict,False,Lesson-07,ur
9,B,B4,Activation of Prior Knowledge,1.0,YES,Teacher connects new content to previously taught material.,0.86,CLEAR,strict,False,Lesson-07,ur
9,B,B5,Meaningful & Real-World Connections,1.0,YES,Content connected to students' lives or local context.,0.78,BORDERLINE,strict,False,Lesson-07,ur
9,B,B6,Differentiation / Catering to Learning Levels,0.0,NO,Tasks differentiated for at least 2 ability groups.,0.6,BORDERLINE,strict,False,Lesson-07,ur
9,B,B7,Use of Taleemabad Lesson Plan,0.0,NO,Plan followed with minor contextual adaptations.,0.62,BORDERLINE,strict,False,Lesson-07,ur
9,B,B8,Use of Prescribed Resources,0.0,NO,Key resources used as prescribed in lesson plan.,0.66,BORDERLINE,strict,False,Lesson-07,ur
9,B,B10,Lesson Closure & Consolidation,1.0,YES,"Structured closure: recap key points, check understanding.",0.58,BORDERLINE,strict,False,Lesson-07,ur
9,C,C1,Quality Questioning (Bloom's Aligned),0.0,NO,Purposeful mix including application & analysis questions. Open-ended questions dominate. Wait time given.,0.95,CLEAR,strict,False,Lesson-07,ur
9,C,C2,Responsive Re-explanation & Adaptive Teaching,0.0,NO,"Uses alternative representations (visual, concrete, analogy). Adjusts teaching to student level.",0.7,BORDERLINE,strict,False,Lesson-07,ur
9,C,C3,Effective Feedback,0.0,NO,Specific feedback on what was done well and what to improve. Actionable.,0.94,CLEAR,strict,False,Lesson-07,ur
9,C,C5,Student Agency & Voice,0.0,NO,Students make choices about how to demonstrate learning. Explore multiple perspectives.,0.88,CLEAR,strict,False,Lesson-07,ur
9,C,C7,Positive & Supportive Learning Environment,1.0,YES,"Warm, encouraging tone; mistakes treated as learning opportunities.",0.72,BORDERLINE,strict,False,Lesson-07,ur
9,C,C8,"Modeling, Scaffolding & Problem-Solving",0.0,NO,I Do -> We Do -> You Do scaffolding visible. Problem-solving and creativity modeled with clear strategies.,0.62,BORDERLINE,strict,False,Lesson-07,ur
9,C,C9,Collaborative Learning,0.0,NO,Purposeful pair/group tasks with clear roles. Students work towards synthesized solutions.,0.6,BORDERLINE,strict,False,Lesson-07,ur
9,C,C10,Integration of Taleemabad Technology,0.0,NO,Taleemabad videos/apps used to support learning objectives.,0.9,CLEAR,strict,False,Lesson-07,ur
9,C,C11,Self & Peer Assessment Facilitation,0.0,NO,Self- and peer-assessment structured and purposeful. Students use rubrics to assess work.,0.6,BORDERLINE,strict,False,Lesson-07,ur
9,C,C12,Classroom Resources & Space for Collaboration,0.0,NO,Resources and space well-organized for collaborative tasks. Materials accessible.,0.68,BORDERLINE,strict,False,Lesson-07,ur
9,F,F1,Content Accuracy,0.0,NO,Content is accurate; no errors observed.,0.61,BORDERLINE,strict,False,Lesson-07,ur
9,F,F2,Use of Academic Language,1.0,YES,Key terms used accurately and explained to students.,0.57,BORDERLINE,strict,False,Lesson-07,ur
9,F,F3,Anticipation of Student Misconceptions,1.0,YES,Anticipates and addresses at least 1-2 common misconceptions.,0.53,BORDERLINE,strict,False,Lesson-07,ur
9,F,F4,Depth of Explanation,0.0,NO,Explains the 'why' behind procedures; uses multiple representations.,0.62,BORDERLINE,strict,False,Lesson-07,ur
9,F,F5,Subject-Specific Pedagogy: MATH,,,Uses concrete -> pictorial -> abstract (CPA) progression; manipulatives present.,0.95,CLEAR,strict,True,Lesson-07,ur
9,F,F6,Subject-Specific Pedagogy: SCIENCE,,,Hands-on activities present; students make predictions and observations.,0.95,CLEAR,strict,True,Lesson-07,ur
9,F,F7,Subject-Specific Pedagogy: LITERACY / LANGUAGE,1.0,YES,"Teacher models reading strategies (prediction, summarizing, questioning). Balanced approach.",0.55,BORDERLINE,strict,False,Lesson-07,ur
9,F,F8,Cross-Curricular Connections,0.0,NO,Meaningful connections made to at least one other subject area.,0.83,BORDERLINE,strict,False,Lesson-07,ur
0,B,B1,Instructional Clarity & Learning Objectives,1.0,YES,"Clear objective stated, referred to during lesson, linked to classroom activities.",0.76,BORDERLINE,strict,False,Lesson-08,ur
0,B,B3,Activities & Tasks Alignment,1.0,YES,Most activities directly support the learning objective.,0.79,BORDERLINE,strict,False,Lesson-08,ur
0,B,B4,Activation of Prior Knowledge,1.0,YES,Teacher connects new content to previously taught material.,0.62,BORDERLINE,strict,False,Lesson-08,ur
0,B,B5,Meaningful & Real-World Connections,0.0,NO,Content connected to students' lives or local context.,0.78,BORDERLINE,strict,False,Lesson-08,ur
0,B,B6,Differentiation / Catering to Learning Levels,0.0,NO,Tasks differentiated for at least 2 ability groups.,0.88,CLEAR,strict,False,Lesson-08,ur
0,B,B7,Use of Taleemabad Lesson Plan,0.0,NO,Plan followed with minor contextual adaptations.,0.57,BORDERLINE,strict,False,Lesson-08,ur
0,B,B8,Use of Prescribed Resources,1.0,YES,Key resources used as prescribed in lesson plan.,0.55,BORDERLINE,strict,False,Lesson-08,ur
0,B,B10,Lesson Closure & Consolidation,0.0,NO,"Structured closure: recap key points, check understanding.",0.66,BORDERLINE,strict,False,Lesson-08,ur
0,C,C1,Quality Questioning (Bloom's Aligned),0.0,NO,Purposeful mix including application & analysis questions. Open-ended questions dominate. Wait time given.,0.97,CLEAR,strict,False,Lesson-08,ur
0,C,C2,Responsive Re-explanation & Adaptive Teaching,0.0,NO,"Uses alternative representations (visual, concrete, analogy). Adjusts teaching to student level.",0.68,BORDERLINE,strict,False,Lesson-08,ur
0,C,C3,Effective Feedback,0.0,NO,Specific feedback on what was done well and what to improve. Actionable.,0.96,CLEAR,strict,False,Lesson-08,ur
0,C,C5,Student Agency & Voice,0.0,NO,Students make choices about how to demonstrate learning. Explore multiple perspectives.,0.93,CLEAR,strict,False,Lesson-08,ur
0,C,C7,Positive & Supportive Learning Environment,1.0,YES,"Warm, encouraging tone; mistakes treated as learning opportunities.",0.66,BORDERLINE,strict,False,Lesson-08,ur
0,C,C8,"Modeling, Scaffolding & Problem-Solving",0.0,NO,I Do -> We Do -> You Do scaffolding visible. Problem-solving and creativity modeled with clear strategies.,0.62,BORDERLINE,strict,False,Lesson-08,ur
0,C,C9,Collaborative Learning,0.0,NO,Purposeful pair/group tasks with clear roles. Students work towards synthesized solutions.,0.8,BORDERLINE,strict,False,Lesson-08,ur
0,C,C10,Integration of Taleemabad Technology,0.0,NO,Taleemabad videos/apps used to support learning objectives.,0.94,CLEAR,strict,False,Lesson-08,ur
0,C,C11,Self & Peer Assessment Facilitation,0.0,NO,Self- and peer-assessment structured and purposeful. Students use rubrics to assess work.,0.9,CLEAR,strict,False,Lesson-08,ur
0,C,C12,Classroom Resources & Space for Collaboration,0.0,NO,Resources and space well-organized for collaborative tasks. Materials accessible.,0.72,BORDERLINE,strict,False,Lesson-08,ur
0,D,D1,Active Participation Rate,1.0,YES,"50-75% actively participating (writing, discussing, solving).",0.72,BORDERLINE,strict,False,Lesson-08,ur
0,D,D2,Cognitive Engagement Level (Bloom's),0.0,NO,Students applying concepts to new problems (Bloom's Apply/Analyze).,0.93,CLEAR,strict,False,Lesson-08,ur
0,D,D3,Student-to-Student Interaction,0.0,NO,Students discuss content in pairs/groups; academic language used.,0.6,BORDERLINE,strict,False,Lesson-08,ur
0,D,D7,Inclusivity of Engagement,1.0,YES,Students across ability levels and genders are participating.,0.64,BORDERLINE,strict,False,Lesson-08,ur
0,F,F1,Content Accuracy,0.0,NO,Content is accurate; no errors observed.,0.76,BORDERLINE,strict,False,Lesson-08,ur
0,F,F2,Use of Academic Language,0.0,NO,Key terms used accurately and explained to students.,0.58,BORDERLINE,strict,False,Lesson-08,ur
0,F,F3,Anticipation of Student Misconceptions,0.0,NO,Anticipates and addresses at least 1-2 common misconceptions.,0.62,BORDERLINE,strict,False,Lesson-08,ur
0,F,F4,Depth of Explanation,0.0,NO,Explains the 'why' behind procedures; uses multiple representations.,0.79,BORDERLINE,strict,False,Lesson-08,ur
0,F,F5,Subject-Specific Pedagogy: MATH,1.0,YES,Uses concrete -> pictorial -> abstract (CPA) progression; manipulatives present.,0.55,BORDERLINE,strict,False,Lesson-08,ur
0,F,F6,Subject-Specific Pedagogy: SCIENCE,,,Hands-on activities present; students make predictions and observations.,0.95,CLEAR,strict,True,Lesson-08,ur
0,F,F7,Subject-Specific Pedagogy: LITERACY / LANGUAGE,,,"Teacher models reading strategies (prediction, summarizing, questioning). Balanced approach.",0.95,CLEAR,strict,True,Lesson-08,ur
0,F,F8,Cross-Curricular Connections,0.0,NO,Meaningful connections made to at least one other subject area.,0.93,CLEAR,strict,False,Lesson-08,ur
1,B,B1,Instructional Clarity & Learning Objectives,1.0,YES,"Clear objective stated, referred to during lesson, linked to classroom activities.",0.76,BORDERLINE,strict,False,Lesson-08,ur
1,B,B3,Activities & Tasks Alignment,1.0,YES,Most activities directly support the learning objective.,0.8,BORDERLINE,strict,False,Lesson-08,ur
1,B,B4,Activation of Prior Knowledge,0.0,NO,Teacher connects new content to previously taught material.,0.6,BORDERLINE,strict,False,Lesson-08,ur
1,B,B5,Meaningful & Real-World Connections,0.0,NO,Content connected to students' lives or local context.,0.82,BORDERLINE,strict,False,Lesson-08,ur
1,B,B6,Differentiation / Catering to Learning Levels,0.0,NO,Tasks differentiated for at least 2 ability groups.,0.9,CLEAR,strict,False,Lesson-08,ur
1,B,B7,Use of Taleemabad Lesson Plan,0.0,NO,Plan followed with minor contextual adaptations.,0.62,BORDERLINE,strict,False,Lesson-08,ur
1,B,B8,Use of Prescribed Resources,0.0,NO,Key resources used as prescribed in lesson plan.,0.58,BORDERLINE,strict,False,Lesson-08,ur
1,B,B10,Lesson Closure & Consolidation,0.0,NO,"Structured closure: recap key points, check understanding.",0.63,BORDERLINE,strict,False,Lesson-08,ur
1,C,C1,Quality Questioning (Bloom's Aligned),0.0,NO,Purposeful mix including application & analysis questions. Open-ended questions dominate. Wait time given.,0.96,CLEAR,strict,False,Lesson-08,ur
1,C,C2,Responsive Re-explanation & Adaptive Teaching,0.0,NO,"Uses alternative representations (visual, concrete, analogy). Adjusts teaching to student level.",0.7,BORDERLINE,strict,False,Lesson-08,ur
1,C,C3,Effective Feedback,0.0,NO,Specific feedback on what was done well and what to improve. Actionable.,0.95,CLEAR,strict,False,Lesson-08,ur
1,C,C5,Student Agency & Voice,0.0,NO,Students make choices about how to demonstrate learning. Explore multiple perspectives.,0.92,CLEAR,strict,False,Lesson-08,ur
1,C,C7,Positive & Supportive Learning Environment,1.0,YES,"Warm, encouraging tone; mistakes treated as learning opportunities.",0.72,BORDERLINE,strict,False,Lesson-08,ur
1,C,C8,"Modeling, Scaffolding & Problem-Solving",0.0,NO,I Do -> We Do -> You Do scaffolding visible. Problem-solving and creativity modeled with clear strategies.,0.63,BORDERLINE,strict,False,Lesson-08,ur
1,C,C9,Collaborative Learning,0.0,NO,Purposeful pair/group tasks with clear roles. Students work towards synthesized solutions.,0.68,BORDERLINE,strict,False,Lesson-08,ur
1,C,C10,Integration of Taleemabad Technology,0.0,NO,Taleemabad videos/apps used to support learning objectives.,0.93,CLEAR,strict,False,Lesson-08,ur
1,C,C11,Self & Peer Assessment Facilitation,0.0,NO,Self- and peer-assessment structured and purposeful. Students use rubrics to assess work.,0.9,CLEAR,strict,False,Lesson-08,ur
1,C,C12,Classroom Resources & Space for Collaboration,0.0,NO,Resources and space well-organized for collaborative tasks. Materials accessible.,0.66,BORDERLINE,strict,False,Lesson-08,ur
1,D,D1,Active Participation Rate,1.0,YES,"50-75% actively participating (writing, discussing, solving).",0.68,BORDERLINE,strict,False,Lesson-08,ur
1,D,D2,Cognitive Engagement Level (Bloom's),0.0,NO,Students applying concepts to new problems (Bloom's Apply/Analyze).,0.94,CLEAR,strict,False,Lesson-08,ur
1,D,D3,Student-to-Student Interaction,0.0,NO,Students discuss content in pairs/groups; academic language used.,0.57,BORDERLINE,strict,False,Lesson-08,ur
1,D,D7,Inclusivity of Engagement,1.0,YES,Students across ability levels and genders are participating.,0.61,BORDERLINE,strict,False,Lesson-08,ur
1,F,F1,Content Accuracy,0.0,NO,Content is accurate; no errors observed.,0.68,BORDERLINE,strict,False,Lesson-08,ur
1,F,F2,Use of Academic Language,0.0,NO,Key terms used accurately and explained to students.,0.58,BORDERLINE,strict,False,Lesson-08,ur
1,F,F3,Anticipation of Student Misconceptions,0.0,NO,Anticipates and addresses at least 1-2 common misconceptions.,0.55,BORDERLINE,strict,False,Lesson-08,ur
1,F,F4,Depth of Explanation,0.0,NO,Explains the 'why' behind procedures; uses multiple representations.,0.86,CLEAR,strict,False,Lesson-08,ur
1,F,F5,Subject-Specific Pedagogy: MATH,1.0,YES,Uses concrete -> pictorial -> abstract (CPA) progression; manipulatives present.,0.58,BORDERLINE,strict,False,Lesson-08,ur
1,F,F6,Subject-Specific Pedagogy: SCIENCE,,,Hands-on activities present; students make predictions and observations.,0.96,CLEAR,strict,True,Lesson-08,ur
1,F,F7,Subject-Specific Pedagogy: LITERACY / LANGUAGE,,,"Teacher models reading strategies (prediction, summarizing, questioning). Balanced approach.",0.95,CLEAR,strict,True,Lesson-08,ur
1,F,F8,Cross-Curricular Connections,0.0,NO,Meaningful connections made to at least one other subject area.,0.93,CLEAR,strict,False,Lesson-08,ur
2,B,B1,Instructional Clarity & Learning Objectives,1.0,YES,"Clear objective stated, referred to during lesson, linked to classroom activities.",0.76,BORDERLINE,strict,False,Lesson-08,ur
2,B,B3,Activities & Tasks Alignment,1.0,YES,Most activities directly support the learning objective.,0.82,BORDERLINE,strict,False,Lesson-08,ur
2,B,B4,Activation of Prior Knowledge,1.0,YES,Teacher connects new content to previously taught material.,0.68,BORDERLINE,strict,False,Lesson-08,ur
2,B,B5,Meaningful & Real-World Connections,0.0,NO,Content connected to students' lives or local context.,0.84,BORDERLINE,strict,False,Lesson-08,ur
2,B,B6,Differentiation / Catering to Learning Levels,0.0,NO,Tasks differentiated for at least 2 ability groups.,0.88,CLEAR,strict,False,Lesson-08,ur
2,B,B7,Use of Taleemabad Lesson Plan,0.0,NO,Plan followed with minor contextual adaptations.,0.6,BORDERLINE,strict,False,Lesson-08,ur
2,B,B8,Use of Prescribed Resources,0.0,NO,Key resources used as prescribed in lesson plan.,0.57,BORDERLINE,strict,False,Lesson-08,ur
2,B,B10,Lesson Closure & Consolidation,0.0,NO,"Structured closure: recap key points, check understanding.",0.62,BORDERLINE,strict,False,Lesson-08,ur
2,C,C1,Quality Questioning (Bloom's Aligned),0.0,NO,Purposeful mix including application & analysis questions. Open-ended questions dominate. Wait time given.,0.97,CLEAR,strict,False,Lesson-08,ur
2,C,C2,Responsive Re-explanation & Adaptive Teaching,0.0,NO,"Uses alternative representations (visual, concrete, analogy). Adjusts teaching to student level.",0.72,BORDERLINE,strict,False,Lesson-08,ur
2,C,C3,Effective Feedback,0.0,NO,Specific feedback on what was done well and what to improve. Actionable.,0.96,CLEAR,strict,False,Lesson-08,ur
2,C,C5,Student Agency & Voice,0.0,NO,Students make choices about how to demonstrate learning. Explore multiple perspectives.,0.93,CLEAR,strict,False,Lesson-08,ur
2,C,C7,Positive & Supportive Learning Environment,1.0,YES,"Warm, encouraging tone; mistakes treated as learning opportunities.",0.7,BORDERLINE,strict,False,Lesson-08,ur
2,C,C8,"Modeling, Scaffolding & Problem-Solving",0.0,NO,I Do -> We Do -> You Do scaffolding visible. Problem-solving and creativity modeled with clear strategies.,0.62,BORDERLINE,strict,False,Lesson-08,ur
2,C,C9,Collaborative Learning,0.0,NO,Purposeful pair/group tasks with clear roles. Students work towards synthesized solutions.,0.68,BORDERLINE,strict,False,Lesson-08,ur
2,C,C10,Integration of Taleemabad Technology,0.0,NO,Taleemabad videos/apps used to support learning objectives.,0.95,CLEAR,strict,False,Lesson-08,ur
2,C,C11,Self & Peer Assessment Facilitation,0.0,NO,Self- and peer-assessment structured and purposeful. Students use rubrics to assess work.,0.8,BORDERLINE,strict,False,Lesson-08,ur
2,C,C12,Classroom Resources & Space for Collaboration,0.0,NO,Resources and space well-organized for collaborative tasks. Materials accessible.,0.66,BORDERLINE,strict,False,Lesson-08,ur
2,D,D1,Active Participation Rate,1.0,YES,"50-75% actively participating (writing, discussing, solving).",0.66,BORDERLINE,strict,False,Lesson-08,ur
2,D,D2,Cognitive Engagement Level (Bloom's),0.0,NO,Students applying concepts to new problems (Bloom's Apply/Analyze).,0.86,CLEAR,strict,False,Lesson-08,ur
2,D,D3,Student-to-Student Interaction,1.0,YES,Students discuss content in pairs/groups; academic language used.,0.55,BORDERLINE,strict,False,Lesson-08,ur
2,D,D7,Inclusivity of Engagement,1.0,YES,Students across ability levels and genders are participating.,0.6,BORDERLINE,strict,False,Lesson-08,ur
2,F,F1,Content Accuracy,0.0,NO,Content is accurate; no errors observed.,0.62,BORDERLINE,strict,False,Lesson-08,ur
2,F,F2,Use of Academic Language,0.0,NO,Key terms used accurately and explained to students.,0.56,BORDERLINE,strict,False,Lesson-08,ur
2,F,F3,Anticipation of Student Misconceptions,1.0,YES,Anticipates and addresses at least 1-2 common misconceptions.,0.54,BORDERLINE,strict,False,Lesson-08,ur
2,F,F4,Depth of Explanation,0.0,NO,Explains the 'why' behind procedures; uses multiple representations.,0.71,BORDERLINE,strict,False,Lesson-08,ur
2,F,F5,Subject-Specific Pedagogy: MATH,1.0,YES,Uses concrete -> pictorial -> abstract (CPA) progression; manipulatives present.,0.63,BORDERLINE,strict,False,Lesson-08,ur
2,F,F6,Subject-Specific Pedagogy: SCIENCE,,,Hands-on activities present; students make predictions and observations.,0.96,CLEAR,strict,True,Lesson-08,ur
2,F,F7,Subject-Specific Pedagogy: LITERACY / LANGUAGE,,,"Teacher models reading strategies (prediction, summarizing, questioning). Balanced approach.",0.96,CLEAR,strict,True,Lesson-08,ur
2,F,F8,Cross-Curricular Connections,0.0,NO,Meaningful connections made to at least one other subject area.,0.94,CLEAR,strict,False,Lesson-08,ur
3,B,B1,Instructional Clarity & Learning Objectives,1.0,YES,"Clear objective stated, referred to during lesson, linked to classroom activities.",0.79,BORDERLINE,strict,False,Lesson-08,ur
3,B,B3,Activities & Tasks Alignment,1.0,YES,Most activities directly support the learning objective.,0.82,BORDERLINE,strict,False,Lesson-08,ur
3,B,B4,Activation of Prior Knowledge,0.0,NO,Teacher connects new content to previously taught material.,0.62,BORDERLINE,strict,False,Lesson-08,ur
3,B,B5,Meaningful & Real-World Connections,0.0,NO,Content connected to students' lives or local context.,0.86,CLEAR,strict,False,Lesson-08,ur
3,B,B6,Differentiation / Catering to Learning Levels,0.0,NO,Tasks differentiated for at least 2 ability groups.,0.88,CLEAR,strict,False,Lesson-08,ur
3,B,B7,Use of Taleemabad Lesson Plan,0.0,NO,Plan followed with minor contextual adaptations.,0.6,BORDERLINE,strict,False,Lesson-08,ur
3,B,B8,Use of Prescribed Resources,0.0,NO,Key resources used as prescribed in lesson plan.,0.55,BORDERLINE,strict,False,Lesson-08,ur
3,B,B10,Lesson Closure & Consolidation,0.0,NO,"Structured closure: recap key points, check understanding.",0.61,BORDERLINE,strict,False,Lesson-08,ur
3,C,C1,Quality Questioning (Bloom's Aligned),0.0,NO,Purposeful mix including application & analysis questions. Open-ended questions dominate. Wait time given.,0.96,CLEAR,strict,False,Lesson-08,ur
3,C,C2,Responsive Re-explanation & Adaptive Teaching,0.0,NO,"Uses alternative representations (visual, concrete, analogy). Adjusts teaching to student level.",0.62,BORDERLINE,strict,False,Lesson-08,ur
3,C,C3,Effective Feedback,0.0,NO,Specific feedback on what was done well and what to improve. Actionable.,0.97,CLEAR,strict,False,Lesson-08,ur
3,C,C5,Student Agency & Voice,0.0,NO,Students make choices about how to demonstrate learning. Explore multiple perspectives.,0.93,CLEAR,strict,False,Lesson-08,ur
3,C,C7,Positive & Supportive Learning Environment,1.0,YES,"Warm, encouraging tone; mistakes treated as learning opportunities.",0.7,BORDERLINE,strict,False,Lesson-08,ur
3,C,C8,"Modeling, Scaffolding & Problem-Solving",0.0,NO,I Do -> We Do -> You Do scaffolding visible. Problem-solving and creativity modeled with clear strategies.,0.66,BORDERLINE,strict,False,Lesson-08,ur
3,C,C9,Collaborative Learning,0.0,NO,Purposeful pair/group tasks with clear roles. Students work towards synthesized solutions.,0.7,BORDERLINE,strict,False,Lesson-08,ur
3,C,C10,Integration of Taleemabad Technology,0.0,NO,Taleemabad videos/apps used to support learning objectives.,0.95,CLEAR,strict,False,Lesson-08,ur
3,C,C11,Self & Peer Assessment Facilitation,0.0,NO,Self- and peer-assessment structured and purposeful. Students use rubrics to assess work.,0.95,CLEAR,strict,False,Lesson-08,ur
3,C,C12,Classroom Resources & Space for Collaboration,0.0,NO,Resources and space well-organized for collaborative tasks. Materials accessible.,0.68,BORDERLINE,strict,False,Lesson-08,ur
3,D,D1,Active Participation Rate,1.0,YES,"50-75% actively participating (writing, discussing, solving).",0.76,BORDERLINE,strict,False,Lesson-08,ur
3,D,D2,Cognitive Engagement Level (Bloom's),0.0,NO,Students applying concepts to new problems (Bloom's Apply/Analyze).,0.93,CLEAR,strict,False,Lesson-08,ur
3,D,D3,Student-to-Student Interaction,0.0,NO,Students discuss content in pairs/groups; academic language used.,0.57,BORDERLINE,strict,False,Lesson-08,ur
3,D,D7,Inclusivity of Engagement,1.0,YES,Students across ability levels and genders are participating.,0.63,BORDERLINE,strict,False,Lesson-08,ur
3,F,F1,Content Accuracy,0.0,NO,Content is accurate; no errors observed.,0.62,BORDERLINE,strict,False,Lesson-08,ur
3,F,F2,Use of Academic Language,1.0,YES,Key terms used accurately and explained to students.,0.54,BORDERLINE,strict,False,Lesson-08,ur
3,F,F3,Anticipation of Student Misconceptions,0.0,NO,Anticipates and addresses at least 1-2 common misconceptions.,0.6,BORDERLINE,strict,False,Lesson-08,ur
3,F,F4,Depth of Explanation,0.0,NO,Explains the 'why' behind procedures; uses multiple representations.,0.79,BORDERLINE,strict,False,Lesson-08,ur
3,F,F5,Subject-Specific Pedagogy: MATH,1.0,YES,Uses concrete -> pictorial -> abstract (CPA) progression; manipulatives present.,0.62,BORDERLINE,strict,False,Lesson-08,ur
3,F,F6,Subject-Specific Pedagogy: SCIENCE,,,Hands-on activities present; students make predictions and observations.,0.96,CLEAR,strict,True,Lesson-08,ur
3,F,F7,Subject-Specific Pedagogy: LITERACY / LANGUAGE,,,"Teacher models reading strategies (prediction, summarizing, questioning). Balanced approach.",0.96,CLEAR,strict,True,Lesson-08,ur
3,F,F8,Cross-Curricular Connections,0.0,NO,Meaningful connections made to at least one other subject area.,0.92,CLEAR,strict,False,Lesson-08,ur
4,B,B1,Instructional Clarity & Learning Objectives,1.0,YES,"Clear objective stated, referred to during lesson, linked to classroom activities.",0.76,BORDERLINE,strict,False,Lesson-08,ur
4,B,B3,Activities & Tasks Alignment,1.0,YES,Most activities directly support the learning objective.,0.83,BORDERLINE,strict,False,Lesson-08,ur
4,B,B4,Activation of Prior Knowledge,0.0,NO,Teacher connects new content to previously taught material.,0.6,BORDERLINE,strict,False,Lesson-08,ur
4,B,B5,Meaningful & Real-World Connections,0.0,NO,Content connected to students' lives or local context.,0.79,BORDERLINE,strict,False,Lesson-08,ur
4,B,B6,Differentiation / Catering to Learning Levels,0.0,NO,Tasks differentiated for at least 2 ability groups.,0.88,CLEAR,strict,False,Lesson-08,ur
4,B,B7,Use of Taleemabad Lesson Plan,0.0,NO,Plan followed with minor contextual adaptations.,0.56,BORDERLINE,strict,False,Lesson-08,ur
4,B,B8,Use of Prescribed Resources,0.0,NO,Key resources used as prescribed in lesson plan.,0.58,BORDERLINE,strict,False,Lesson-08,ur
4,B,B10,Lesson Closure & Consolidation,0.0,NO,"Structured closure: recap key points, check understanding.",0.62,BORDERLINE,strict,False,Lesson-08,ur
4,C,C1,Quality Questioning (Bloom's Aligned),0.0,NO,Purposeful mix including application & analysis questions. Open-ended questions dominate. Wait time given.,0.97,CLEAR,strict,False,Lesson-08,ur
4,C,C2,Responsive Re-explanation & Adaptive Teaching,0.0,NO,"Uses alternative representations (visual, concrete, analogy). Adjusts teaching to student level.",0.68,BORDERLINE,strict,False,Lesson-08,ur
4,C,C3,Effective Feedback,0.0,NO,Specific feedback on what was done well and what to improve. Actionable.,0.95,CLEAR,strict,False,Lesson-08,ur
4,C,C5,Student Agency & Voice,0.0,NO,Students make choices about how to demonstrate learning. Explore multiple perspectives.,0.93,CLEAR,strict,False,Lesson-08,ur
4,C,C7,Positive & Supportive Learning Environment,1.0,YES,"Warm, encouraging tone; mistakes treated as learning opportunities.",0.72,BORDERLINE,strict,False,Lesson-08,ur
4,C,C8,"Modeling, Scaffolding & Problem-Solving",0.0,NO,I Do -> We Do -> You Do scaffolding visible. Problem-solving and creativity modeled with clear strategies.,0.66,BORDERLINE,strict,False,Lesson-08,ur
4,C,C9,Collaborative Learning,0.0,NO,Purposeful pair/group tasks with clear roles. Students work towards synthesized solutions.,0.78,BORDERLINE,strict,False,Lesson-08,ur
4,C,C10,Integration of Taleemabad Technology,0.0,NO,Taleemabad videos/apps used to support learning objectives.,0.95,CLEAR,strict,False,Lesson-08,ur
4,C,C11,Self & Peer Assessment Facilitation,0.0,NO,Self- and peer-assessment structured and purposeful. Students use rubrics to assess work.,0.83,BORDERLINE,strict,False,Lesson-08,ur
4,C,C12,Classroom Resources & Space for Collaboration,0.0,NO,Resources and space well-organized for collaborative tasks. Materials accessible.,0.7,BORDERLINE,strict,False,Lesson-08,ur
4,D,D1,Active Participation Rate,1.0,YES,"50-75% actively participating (writing, discussing, solving).",0.76,BORDERLINE,strict,False,Lesson-08,ur
4,D,D2,Cognitive Engagement Level (Bloom's),0.0,NO,Students applying concepts to new problems (Bloom's Apply/Analyze).,0.93,CLEAR,strict,False,Lesson-08,ur
4,D,D3,Student-to-Student Interaction,0.0,NO,Students discuss content in pairs/groups; academic language used.,0.57,BORDERLINE,strict,False,Lesson-08,ur
4,D,D7,Inclusivity of Engagement,1.0,YES,Students across ability levels and genders are participating.,0.63,BORDERLINE,strict,False,Lesson-08,ur
4,F,F1,Content Accuracy,0.0,NO,Content is accurate; no errors observed.,0.72,BORDERLINE,strict,False,Lesson-08,ur
4,F,F2,Use of Academic Language,0.0,NO,Key terms used accurately and explained to students.,0.58,BORDERLINE,strict,False,Lesson-08,ur
4,F,F3,Anticipation of Student Misconceptions,0.0,NO,Anticipates and addresses at least 1-2 common misconceptions.,0.56,BORDERLINE,strict,False,Lesson-08,ur
4,F,F4,Depth of Explanation,0.0,NO,Explains the 'why' behind procedures; uses multiple representations.,0.85,CLEAR,strict,False,Lesson-08,ur
4,F,F5,Subject-Specific Pedagogy: MATH,1.0,YES,Uses concrete -> pictorial -> abstract (CPA) progression; manipulatives present.,0.6,BORDERLINE,strict,False,Lesson-08,ur
4,F,F6,Subject-Specific Pedagogy: SCIENCE,,,Hands-on activities present; students make predictions and observations.,0.96,CLEAR,strict,True,Lesson-08,ur
4,F,F7,Subject-Specific Pedagogy: LITERACY / LANGUAGE,,,"Teacher models reading strategies (prediction, summarizing, questioning). Balanced approach.",0.95,CLEAR,strict,True,Lesson-08,ur
4,F,F8,Cross-Curricular Connections,0.0,NO,Meaningful connections made to at least one other subject area.,0.94,CLEAR,strict,False,Lesson-08,ur
5,D,D1,Active Participation Rate,1.0,YES,"50-75% actively participating (writing, discussing, solving).",0.68,BORDERLINE,strict,False,Lesson-08,ur
5,D,D2,Cognitive Engagement Level (Bloom's),0.0,NO,Students applying concepts to new problems (Bloom's Apply/Analyze).,0.9,CLEAR,strict,False,Lesson-08,ur
5,D,D3,Student-to-Student Interaction,0.0,NO,Students discuss content in pairs/groups; academic language used.,0.62,BORDERLINE,strict,False,Lesson-08,ur
5,D,D7,Inclusivity of Engagement,0.0,NO,Students across ability levels and genders are participating.,0.6,BORDERLINE,strict,False,Lesson-08,ur
5,B,B1,Instructional Clarity & Learning Objectives,1.0,YES,"Clear objective stated, referred to during lesson, linked to classroom activities.",0.76,BORDERLINE,strict,False,Lesson-08,ur
5,B,B3,Activities & Tasks Alignment,1.0,YES,Most activities directly support the learning objective.,0.82,BORDERLINE,strict,False,Lesson-08,ur
5,B,B4,Activation of Prior Knowledge,1.0,YES,Teacher connects new content to previously taught material.,0.63,BORDERLINE,strict,False,Lesson-08,ur
5,B,B5,Meaningful & Real-World Connections,0.0,NO,Content connected to students' lives or local context.,0.83,BORDERLINE,strict,False,Lesson-08,ur
5,B,B6,Differentiation / Catering to Learning Levels,0.0,NO,Tasks differentiated for at least 2 ability groups.,0.9,CLEAR,strict,False,Lesson-08,ur
5,B,B7,Use of Taleemabad Lesson Plan,0.0,NO,Plan followed with minor contextual adaptations.,0.6,BORDERLINE,strict,False,Lesson-08,ur
5,B,B8,Use of Prescribed Resources,0.0,NO,Key resources used as prescribed in lesson plan.,0.58,BORDERLINE,strict,False,Lesson-08,ur
5,B,B10,Lesson Closure & Consolidation,0.0,NO,"Structured closure: recap key points, check understanding.",0.62,BORDERLINE,strict,False,Lesson-08,ur
5,C,C1,Quality Questioning (Bloom's Aligned),0.0,NO,Purposeful mix including application & analysis questions. Open-ended questions dominate. Wait time given.,0.96,CLEAR,strict,False,Lesson-08,ur
5,C,C2,Responsive Re-explanation & Adaptive Teaching,0.0,NO,"Uses alternative representations (visual, concrete, analogy). Adjusts teaching to student level.",0.62,BORDERLINE,strict,False,Lesson-08,ur
5,C,C3,Effective Feedback,0.0,NO,Specific feedback on what was done well and what to improve. Actionable.,0.95,CLEAR,strict,False,Lesson-08,ur
5,C,C5,Student Agency & Voice,0.0,NO,Students make choices about how to demonstrate learning. Explore multiple perspectives.,0.93,CLEAR,strict,False,Lesson-08,ur
5,C,C7,Positive & Supportive Learning Environment,1.0,YES,"Warm, encouraging tone; mistakes treated as learning opportunities.",0.72,BORDERLINE,strict,False,Lesson-08,ur
5,C,C8,"Modeling, Scaffolding & Problem-Solving",0.0,NO,I Do -> We Do -> You Do scaffolding visible. Problem-solving and creativity modeled with clear strategies.,0.66,BORDERLINE,strict,False,Lesson-08,ur
5,C,C9,Collaborative Learning,0.0,NO,Purposeful pair/group tasks with clear roles. Students work towards synthesized solutions.,0.68,BORDERLINE,strict,False,Lesson-08,ur
5,C,C10,Integration of Taleemabad Technology,0.0,NO,Taleemabad videos/apps used to support learning objectives.,0.93,CLEAR,strict,False,Lesson-08,ur
5,C,C11,Self & Peer Assessment Facilitation,0.0,NO,Self- and peer-assessment structured and purposeful. Students use rubrics to assess work.,0.8,BORDERLINE,strict,False,Lesson-08,ur
5,C,C12,Classroom Resources & Space for Collaboration,0.0,NO,Resources and space well-organized for collaborative tasks. Materials accessible.,0.7,BORDERLINE,strict,False,Lesson-08,ur
5,F,F1,Content Accuracy,0.0,NO,Content is accurate; no errors observed.,0.78,BORDERLINE,strict,False,Lesson-08,ur
5,F,F2,Use of Academic Language,0.0,NO,Key terms used accurately and explained to students.,0.6,BORDERLINE,strict,False,Lesson-08,ur
5,F,F3,Anticipation of Student Misconceptions,0.0,NO,Anticipates and addresses at least 1-2 common misconceptions.,0.61,BORDERLINE,strict,False,Lesson-08,ur
5,F,F4,Depth of Explanation,0.0,NO,Explains the 'why' behind procedures; uses multiple representations.,0.85,CLEAR,strict,False,Lesson-08,ur
5,F,F5,Subject-Specific Pedagogy: MATH,1.0,YES,Uses concrete -> pictorial -> abstract (CPA) progression; manipulatives present.,0.55,BORDERLINE,strict,False,Lesson-08,ur
5,F,F6,Subject-Specific Pedagogy: SCIENCE,,,Hands-on activities present; students make predictions and observations.,0.96,CLEAR,strict,True,Lesson-08,ur
5,F,F7,Subject-Specific Pedagogy: LITERACY / LANGUAGE,,,"Teacher models reading strategies (prediction, summarizing, questioning). Balanced approach.",0.94,CLEAR,strict,True,Lesson-08,ur
5,F,F8,Cross-Curricular Connections,0.0,NO,Meaningful connections made to at least one other subject area.,0.93,CLEAR,strict,False,Lesson-08,ur
6,C,C1,Quality Questioning (Bloom's Aligned),0.0,NO,Purposeful mix including application & analysis questions. Open-ended questions dominate. Wait time given.,0.96,CLEAR,strict,False,Lesson-08,ur
6,C,C2,Responsive Re-explanation & Adaptive Teaching,0.0,NO,"Uses alternative representations (visual, concrete, analogy). Adjusts teaching to student level.",0.72,BORDERLINE,strict,False,Lesson-08,ur
6,C,C3,Effective Feedback,0.0,NO,Specific feedback on what was done well and what to improve. Actionable.,0.95,CLEAR,strict,False,Lesson-08,ur
6,C,C5,Student Agency & Voice,0.0,NO,Students make choices about how to demonstrate learning. Explore multiple perspectives.,0.93,CLEAR,strict,False,Lesson-08,ur
6,C,C7,Positive & Supportive Learning Environment,1.0,YES,"Warm, encouraging tone; mistakes treated as learning opportunities.",0.72,BORDERLINE,strict,False,Lesson-08,ur
6,C,C8,"Modeling, Scaffolding & Problem-Solving",0.0,NO,I Do -> We Do -> You Do scaffolding visible. Problem-solving and creativity modeled with clear strategies.,0.66,BORDERLINE,strict,False,Lesson-08,ur
6,C,C9,Collaborative Learning,0.0,NO,Purposeful pair/group tasks with clear roles. Students work towards synthesized solutions.,0.7,BORDERLINE,strict,False,Lesson-08,ur
6,C,C10,Integration of Taleemabad Technology,0.0,NO,Taleemabad videos/apps used to support learning objectives.,0.95,CLEAR,strict,False,Lesson-08,ur
6,C,C11,Self & Peer Assessment Facilitation,0.0,NO,Self- and peer-assessment structured and purposeful. Students use rubrics to assess work.,0.9,CLEAR,strict,False,Lesson-08,ur
6,C,C12,Classroom Resources & Space for Collaboration,0.0,NO,Resources and space well-organized for collaborative tasks. Materials accessible.,0.68,BORDERLINE,strict,False,Lesson-08,ur
6,D,D1,Active Participation Rate,1.0,YES,"50-75% actively participating (writing, discussing, solving).",0.68,BORDERLINE,strict,False,Lesson-08,ur
6,D,D2,Cognitive Engagement Level (Bloom's),0.0,NO,Students applying concepts to new problems (Bloom's Apply/Analyze).,0.95,CLEAR,strict,False,Lesson-08,ur
6,D,D3,Student-to-Student Interaction,0.0,NO,Students discuss content in pairs/groups; academic language used.,0.58,BORDERLINE,strict,False,Lesson-08,ur
6,D,D7,Inclusivity of Engagement,1.0,YES,Students across ability levels and genders are participating.,0.62,BORDERLINE,strict,False,Lesson-08,ur
6,B,B1,Instructional Clarity & Learning Objectives,1.0,YES,"Clear objective stated, referred to during lesson, linked to classroom activities.",0.86,CLEAR,strict,False,Lesson-08,ur
6,B,B3,Activities & Tasks Alignment,1.0,YES,Most activities directly support the learning objective.,0.83,BORDERLINE,strict,False,Lesson-08,ur
6,B,B4,Activation of Prior Knowledge,1.0,YES,Teacher connects new content to previously taught material.,0.54,BORDERLINE,strict,False,Lesson-08,ur
6,B,B5,Meaningful & Real-World Connections,0.0,NO,Content connected to students' lives or local context.,0.88,CLEAR,strict,False,Lesson-08,ur
6,B,B6,Differentiation / Catering to Learning Levels,0.0,NO,Tasks differentiated for at least 2 ability groups.,0.93,CLEAR,strict,False,Lesson-08,ur
6,B,B7,Use of Taleemabad Lesson Plan,0.0,NO,Plan followed with minor contextual adaptations.,0.62,BORDERLINE,strict,False,Lesson-08,ur
6,B,B8,Use of Prescribed Resources,1.0,YES,Key resources used as prescribed in lesson plan.,0.55,BORDERLINE,strict,False,Lesson-08,ur
6,B,B10,Lesson Closure & Consolidation,1.0,YES,"Structured closure: recap key points, check understanding.",0.53,BORDERLINE,strict,False,Lesson-08,ur
6,F,F1,Content Accuracy,0.0,NO,Content is accurate; no errors observed.,0.68,BORDERLINE,strict,False,Lesson-08,ur
6,F,F2,Use of Academic Language,0.0,NO,Key terms used accurately and explained to students.,0.58,BORDERLINE,strict,False,Lesson-08,ur
6,F,F3,Anticipation of Student Misconceptions,0.0,NO,Anticipates and addresses at least 1-2 common misconceptions.,0.55,BORDERLINE,strict,False,Lesson-08,ur
6,F,F4,Depth of Explanation,0.0,NO,Explains the 'why' behind procedures; uses multiple representations.,0.82,BORDERLINE,strict,False,Lesson-08,ur
6,F,F5,Subject-Specific Pedagogy: MATH,1.0,YES,Uses concrete -> pictorial -> abstract (CPA) progression; manipulatives present.,0.57,BORDERLINE,strict,False,Lesson-08,ur
6,F,F6,Subject-Specific Pedagogy: SCIENCE,,,Hands-on activities present; students make predictions and observations.,0.96,CLEAR,strict,True,Lesson-08,ur
6,F,F7,Subject-Specific Pedagogy: LITERACY / LANGUAGE,,,"Teacher models reading strategies (prediction, summarizing, questioning). Balanced approach.",0.95,CLEAR,strict,True,Lesson-08,ur
6,F,F8,Cross-Curricular Connections,0.0,NO,Meaningful connections made to at least one other subject area.,0.94,CLEAR,strict,False,Lesson-08,ur
7,B,B1,Instructional Clarity & Learning Objectives,1.0,YES,"Clear objective stated, referred to during lesson, linked to classroom activities.",0.76,BORDERLINE,strict,False,Lesson-08,ur
7,B,B3,Activities & Tasks Alignment,1.0,YES,Most activities directly support the learning objective.,0.82,BORDERLINE,strict,False,Lesson-08,ur
7,B,B4,Activation of Prior Knowledge,1.0,YES,Teacher connects new content to previously taught material.,0.7,BORDERLINE,strict,False,Lesson-08,ur
7,B,B5,Meaningful & Real-World Connections,0.0,NO,Content connected to students' lives or local context.,0.79,BORDERLINE,strict,False,Lesson-08,ur
7,B,B6,Differentiation / Catering to Learning Levels,0.0,NO,Tasks differentiated for at least 2 ability groups.,0.92,CLEAR,strict,False,Lesson-08,ur
7,B,B7,Use of Taleemabad Lesson Plan,0.0,NO,Plan followed with minor contextual adaptations.,0.63,BORDERLINE,strict,False,Lesson-08,ur
7,B,B8,Use of Prescribed Resources,0.0,NO,Key resources used as prescribed in lesson plan.,0.6,BORDERLINE,strict,False,Lesson-08,ur
7,B,B10,Lesson Closure & Consolidation,0.0,NO,"Structured closure: recap key points, check understanding.",0.6,BORDERLINE,strict,False,Lesson-08,ur
7,C,C1,Quality Questioning (Bloom's Aligned),0.0,NO,Purposeful mix including application & analysis questions. Open-ended questions dominate. Wait time given.,0.97,CLEAR,strict,False,Lesson-08,ur
7,C,C2,Responsive Re-explanation & Adaptive Teaching,0.0,NO,"Uses alternative representations (visual, concrete, analogy). Adjusts teaching to student level.",0.62,BORDERLINE,strict,False,Lesson-08,ur
7,C,C3,Effective Feedback,0.0,NO,Specific feedback on what was done well and what to improve. Actionable.,0.96,CLEAR,strict,False,Lesson-08,ur
7,C,C5,Student Agency & Voice,0.0,NO,Students make choices about how to demonstrate learning. Explore multiple perspectives.,0.92,CLEAR,strict,False,Lesson-08,ur
7,C,C7,Positive & Supportive Learning Environment,1.0,YES,"Warm, encouraging tone; mistakes treated as learning opportunities.",0.72,BORDERLINE,strict,False,Lesson-08,ur
7,C,C8,"Modeling, Scaffolding & Problem-Solving",0.0,NO,I Do -> We Do -> You Do scaffolding visible. Problem-solving and creativity modeled with clear strategies.,0.65,BORDERLINE,strict,False,Lesson-08,ur
7,C,C9,Collaborative Learning,0.0,NO,Purposeful pair/group tasks with clear roles. Students work towards synthesized solutions.,0.78,BORDERLINE,strict,False,Lesson-08,ur
7,C,C10,Integration of Taleemabad Technology,0.0,NO,Taleemabad videos/apps used to support learning objectives.,0.95,CLEAR,strict,False,Lesson-08,ur
7,C,C11,Self & Peer Assessment Facilitation,0.0,NO,Self- and peer-assessment structured and purposeful. Students use rubrics to assess work.,0.88,CLEAR,strict,False,Lesson-08,ur
7,C,C12,Classroom Resources & Space for Collaboration,0.0,NO,Resources and space well-organized for collaborative tasks. Materials accessible.,0.7,BORDERLINE,strict,False,Lesson-08,ur
7,D,D1,Active Participation Rate,1.0,YES,"50-75% actively participating (writing, discussing, solving).",0.68,BORDERLINE,strict,False,Lesson-08,ur
7,D,D2,Cognitive Engagement Level (Bloom's),0.0,NO,Students applying concepts to new problems (Bloom's Apply/Analyze).,0.9,CLEAR,strict,False,Lesson-08,ur
7,D,D3,Student-to-Student Interaction,0.0,NO,Students discuss content in pairs/groups; academic language used.,0.57,BORDERLINE,strict,False,Lesson-08,ur
7,D,D7,Inclusivity of Engagement,1.0,YES,Students across ability levels and genders are participating.,0.6,BORDERLINE,strict,False,Lesson-08,ur
7,F,F1,Content Accuracy,0.0,NO,Content is accurate; no errors observed.,0.74,BORDERLINE,strict,False,Lesson-08,ur
7,F,F2,Use of Academic Language,0.0,NO,Key terms used accurately and explained to students.,0.6,BORDERLINE,strict,False,Lesson-08,ur
7,F,F3,Anticipation of Student Misconceptions,0.0,NO,Anticipates and addresses at least 1-2 common misconceptions.,0.59,BORDERLINE,strict,False,Lesson-08,ur
7,F,F4,Depth of Explanation,0.0,NO,Explains the 'why' behind procedures; uses multiple representations.,0.79,BORDERLINE,strict,False,Lesson-08,ur
7,F,F5,Subject-Specific Pedagogy: MATH,1.0,YES,Uses concrete -> pictorial -> abstract (CPA) progression; manipulatives present.,0.56,BORDERLINE,strict,False,Lesson-08,ur
7,F,F6,Subject-Specific Pedagogy: SCIENCE,,,Hands-on activities present; students make predictions and observations.,0.96,CLEAR,strict,True,Lesson-08,ur
7,F,F7,Subject-Specific Pedagogy: LITERACY / LANGUAGE,,,"Teacher models reading strategies (prediction, summarizing, questioning). Balanced approach.",0.95,CLEAR,strict,True,Lesson-08,ur
7,F,F8,Cross-Curricular Connections,0.0,NO,Meaningful connections made to at least one other subject area.,0.93,CLEAR,strict,False,Lesson-08,ur
8,D,D1,Active Participation Rate,1.0,YES,"50-75% actively participating (writing, discussing, solving).",0.7,BORDERLINE,strict,False,Lesson-08,ur
8,D,D2,Cognitive Engagement Level (Bloom's),0.0,NO,Students applying concepts to new problems (Bloom's Apply/Analyze).,0.9,CLEAR,strict,False,Lesson-08,ur
8,D,D3,Student-to-Student Interaction,0.0,NO,Students discuss content in pairs/groups; academic language used.,0.62,BORDERLINE,strict,False,Lesson-08,ur
8,D,D7,Inclusivity of Engagement,0.0,NO,Students across ability levels and genders are participating.,0.6,BORDERLINE,strict,False,Lesson-08,ur
8,B,B1,Instructional Clarity & Learning Objectives,1.0,YES,"Clear objective stated, referred to during lesson, linked to classroom activities.",0.76,BORDERLINE,strict,False,Lesson-08,ur
8,B,B3,Activities & Tasks Alignment,1.0,YES,Most activities directly support the learning objective.,0.85,CLEAR,strict,False,Lesson-08,ur
8,B,B4,Activation of Prior Knowledge,0.0,NO,Teacher connects new content to previously taught material.,0.62,BORDERLINE,strict,False,Lesson-08,ur
8,B,B5,Meaningful & Real-World Connections,0.0,NO,Content connected to students' lives or local context.,0.87,CLEAR,strict,False,Lesson-08,ur
8,B,B6,Differentiation / Catering to Learning Levels,0.0,NO,Tasks differentiated for at least 2 ability groups.,0.9,CLEAR,strict,False,Lesson-08,ur
8,B,B7,Use of Taleemabad Lesson Plan,0.0,NO,Plan followed with minor contextual adaptations.,0.58,BORDERLINE,strict,False,Lesson-08,ur
8,B,B8,Use of Prescribed Resources,0.0,NO,Key resources used as prescribed in lesson plan.,0.55,BORDERLINE,strict,False,Lesson-08,ur
8,B,B10,Lesson Closure & Consolidation,0.0,NO,"Structured closure: recap key points, check understanding.",0.6,BORDERLINE,strict,False,Lesson-08,ur
8,C,C1,Quality Questioning (Bloom's Aligned),0.0,NO,Purposeful mix including application & analysis questions. Open-ended questions dominate. Wait time given.,0.97,CLEAR,strict,False,Lesson-08,ur
8,C,C2,Responsive Re-explanation & Adaptive Teaching,0.0,NO,"Uses alternative representations (visual, concrete, analogy). Adjusts teaching to student level.",0.7,BORDERLINE,strict,False,Lesson-08,ur
8,C,C3,Effective Feedback,0.0,NO,Specific feedback on what was done well and what to improve. Actionable.,0.96,CLEAR,strict,False,Lesson-08,ur
8,C,C5,Student Agency & Voice,0.0,NO,Students make choices about how to demonstrate learning. Explore multiple perspectives.,0.93,CLEAR,strict,False,Lesson-08,ur
8,C,C7,Positive & Supportive Learning Environment,1.0,YES,"Warm, encouraging tone; mistakes treated as learning opportunities.",0.66,BORDERLINE,strict,False,Lesson-08,ur
8,C,C8,"Modeling, Scaffolding & Problem-Solving",0.0,NO,I Do -> We Do -> You Do scaffolding visible. Problem-solving and creativity modeled with clear strategies.,0.72,BORDERLINE,strict,False,Lesson-08,ur
8,C,C9,Collaborative Learning,0.0,NO,Purposeful pair/group tasks with clear roles. Students work towards synthesized solutions.,0.76,BORDERLINE,strict,False,Lesson-08,ur
8,C,C10,Integration of Taleemabad Technology,0.0,NO,Taleemabad videos/apps used to support learning objectives.,0.95,CLEAR,strict,False,Lesson-08,ur
8,C,C11,Self & Peer Assessment Facilitation,0.0,NO,Self- and peer-assessment structured and purposeful. Students use rubrics to assess work.,0.93,CLEAR,strict,False,Lesson-08,ur
8,C,C12,Classroom Resources & Space for Collaboration,0.0,NO,Resources and space well-organized for collaborative tasks. Materials accessible.,0.7,BORDERLINE,strict,False,Lesson-08,ur
8,F,F1,Content Accuracy,0.0,NO,Content is accurate; no errors observed.,0.63,BORDERLINE,strict,False,Lesson-08,ur
8,F,F2,Use of Academic Language,1.0,YES,Key terms used accurately and explained to students.,0.57,BORDERLINE,strict,False,Lesson-08,ur
8,F,F3,Anticipation of Student Misconceptions,0.0,NO,Anticipates and addresses at least 1-2 common misconceptions.,0.57,BORDERLINE,strict,False,Lesson-08,ur
8,F,F4,Depth of Explanation,0.0,NO,Explains the 'why' behind procedures; uses multiple representations.,0.71,BORDERLINE,strict,False,Lesson-08,ur
8,F,F5,Subject-Specific Pedagogy: MATH,1.0,YES,Uses concrete -> pictorial -> abstract (CPA) progression; manipulatives present.,0.6,BORDERLINE,strict,False,Lesson-08,ur
8,F,F6,Subject-Specific Pedagogy: SCIENCE,,,Hands-on activities present; students make predictions and observations.,0.96,CLEAR,strict,True,Lesson-08,ur
8,F,F7,Subject-Specific Pedagogy: LITERACY / LANGUAGE,,,"Teacher models reading strategies (prediction, summarizing, questioning). Balanced approach.",0.96,CLEAR,strict,True,Lesson-08,ur
8,F,F8,Cross-Curricular Connections,0.0,NO,Meaningful connections made to at least one other subject area.,0.94,CLEAR,strict,False,Lesson-08,ur
9,B,B1,Instructional Clarity & Learning Objectives,1.0,YES,"Clear objective stated, referred to during lesson, linked to classroom activities.",0.76,BORDERLINE,strict,False,Lesson-08,ur
9,B,B3,Activities & Tasks Alignment,1.0,YES,Most activities directly support the learning objective.,0.79,BORDERLINE,strict,False,Lesson-08,ur
9,B,B4,Activation of Prior Knowledge,1.0,YES,Teacher connects new content to previously taught material.,0.62,BORDERLINE,strict,False,Lesson-08,ur
9,B,B5,Meaningful & Real-World Connections,0.0,NO,Content connected to students' lives or local context.,0.83,BORDERLINE,strict,False,Lesson-08,ur
9,B,B6,Differentiation / Catering to Learning Levels,0.0,NO,Tasks differentiated for at least 2 ability groups.,0.88,CLEAR,strict,False,Lesson-08,ur
9,B,B7,Use of Taleemabad Lesson Plan,0.0,NO,Plan followed with minor contextual adaptations.,0.6,BORDERLINE,strict,False,Lesson-08,ur
9,B,B8,Use of Prescribed Resources,1.0,YES,Key resources used as prescribed in lesson plan.,0.55,BORDERLINE,strict,False,Lesson-08,ur
9,B,B10,Lesson Closure & Consolidation,0.0,NO,"Structured closure: recap key points, check understanding.",0.64,BORDERLINE,strict,False,Lesson-08,ur
9,C,C1,Quality Questioning (Bloom's Aligned),0.0,NO,Purposeful mix including application & analysis questions. Open-ended questions dominate. Wait time given.,0.96,CLEAR,strict,False,Lesson-08,ur
9,C,C2,Responsive Re-explanation & Adaptive Teaching,0.0,NO,"Uses alternative representations (visual, concrete, analogy). Adjusts teaching to student level.",0.72,BORDERLINE,strict,False,Lesson-08,ur
9,C,C3,Effective Feedback,0.0,NO,Specific feedback on what was done well and what to improve. Actionable.,0.95,CLEAR,strict,False,Lesson-08,ur
9,C,C5,Student Agency & Voice,0.0,NO,Students make choices about how to demonstrate learning. Explore multiple perspectives.,0.93,CLEAR,strict,False,Lesson-08,ur
9,C,C7,Positive & Supportive Learning Environment,1.0,YES,"Warm, encouraging tone; mistakes treated as learning opportunities.",0.7,BORDERLINE,strict,False,Lesson-08,ur
9,C,C8,"Modeling, Scaffolding & Problem-Solving",0.0,NO,I Do -> We Do -> You Do scaffolding visible. Problem-solving and creativity modeled with clear strategies.,0.68,BORDERLINE,strict,False,Lesson-08,ur
9,C,C9,Collaborative Learning,0.0,NO,Purposeful pair/group tasks with clear roles. Students work towards synthesized solutions.,0.7,BORDERLINE,strict,False,Lesson-08,ur
9,C,C10,Integration of Taleemabad Technology,0.0,NO,Taleemabad videos/apps used to support learning objectives.,0.93,CLEAR,strict,False,Lesson-08,ur
9,C,C11,Self & Peer Assessment Facilitation,0.0,NO,Self- and peer-assessment structured and purposeful. Students use rubrics to assess work.,0.9,CLEAR,strict,False,Lesson-08,ur
9,C,C12,Classroom Resources & Space for Collaboration,0.0,NO,Resources and space well-organized for collaborative tasks. Materials accessible.,0.66,BORDERLINE,strict,False,Lesson-08,ur
9,D,D1,Active Participation Rate,1.0,YES,"50-75% actively participating (writing, discussing, solving).",0.76,BORDERLINE,strict,False,Lesson-08,ur
9,D,D2,Cognitive Engagement Level (Bloom's),0.0,NO,Students applying concepts to new problems (Bloom's Apply/Analyze).,0.9,CLEAR,strict,False,Lesson-08,ur
9,D,D3,Student-to-Student Interaction,0.0,NO,Students discuss content in pairs/groups; academic language used.,0.57,BORDERLINE,strict,False,Lesson-08,ur
9,D,D7,Inclusivity of Engagement,1.0,YES,Students across ability levels and genders are participating.,0.6,BORDERLINE,strict,False,Lesson-08,ur
9,F,F1,Content Accuracy,0.0,NO,Content is accurate; no errors observed.,0.72,BORDERLINE,strict,False,Lesson-08,ur
9,F,F2,Use of Academic Language,0.0,NO,Key terms used accurately and explained to students.,0.58,BORDERLINE,strict,False,Lesson-08,ur
9,F,F3,Anticipation of Student Misconceptions,0.0,NO,Anticipates and addresses at least 1-2 common misconceptions.,0.56,BORDERLINE,strict,False,Lesson-08,ur
9,F,F4,Depth of Explanation,0.0,NO,Explains the 'why' behind procedures; uses multiple representations.,0.83,BORDERLINE,strict,False,Lesson-08,ur
9,F,F5,Subject-Specific Pedagogy: MATH,1.0,YES,Uses concrete -> pictorial -> abstract (CPA) progression; manipulatives present.,0.57,BORDERLINE,strict,False,Lesson-08,ur
9,F,F6,Subject-Specific Pedagogy: SCIENCE,,,Hands-on activities present; students make predictions and observations.,0.95,CLEAR,strict,True,Lesson-08,ur
9,F,F7,Subject-Specific Pedagogy: LITERACY / LANGUAGE,,,"Teacher models reading strategies (prediction, summarizing, questioning). Balanced approach.",0.95,CLEAR,strict,True,Lesson-08,ur
9,F,F8,Cross-Curricular Connections,0.0,NO,Meaningful connections made to at least one other subject area.,0.93,CLEAR,strict,False,Lesson-08,ur
0,D,D1,Active Participation Rate,1.0,YES,"50-75% actively participating (writing, discussing, solving).",0.82,BORDERLINE,strict,False,Lesson-09,ur
0,D,D2,Cognitive Engagement Level (Bloom's),1.0,YES,Students applying concepts to new problems (Bloom's Apply/Analyze).,0.7,BORDERLINE,strict,False,Lesson-09,ur
0,D,D3,Student-to-Student Interaction,0.0,NO,Students discuss content in pairs/groups; academic language used.,0.61,BORDERLINE,strict,False,Lesson-09,ur
0,D,D7,Inclusivity of Engagement,1.0,YES,Students across ability levels and genders are participating.,0.63,BORDERLINE,strict,False,Lesson-09,ur
0,C,C1,Quality Questioning (Bloom's Aligned),0.0,NO,Purposeful mix including application & analysis questions. Open-ended questions dominate. Wait time given.,0.82,BORDERLINE,strict,False,Lesson-09,ur
0,C,C2,Responsive Re-explanation & Adaptive Teaching,0.0,NO,"Uses alternative representations (visual, concrete, analogy). Adjusts teaching to student level.",0.6,BORDERLINE,strict,False,Lesson-09,ur
0,C,C3,Effective Feedback,0.0,NO,Specific feedback on what was done well and what to improve. Actionable.,0.85,CLEAR,strict,False,Lesson-09,ur
0,C,C5,Student Agency & Voice,0.0,NO,Students make choices about how to demonstrate learning. Explore multiple perspectives.,0.84,BORDERLINE,strict,False,Lesson-09,ur
0,C,C7,Positive & Supportive Learning Environment,1.0,YES,"Warm, encouraging tone; mistakes treated as learning opportunities.",0.72,BORDERLINE,strict,False,Lesson-09,ur
0,C,C8,"Modeling, Scaffolding & Problem-Solving",1.0,YES,I Do -> We Do -> You Do scaffolding visible. Problem-solving and creativity modeled with clear strategies.,0.57,BORDERLINE,strict,False,Lesson-09,ur
0,C,C9,Collaborative Learning,1.0,YES,Purposeful pair/group tasks with clear roles. Students work towards synthesized solutions.,0.58,BORDERLINE,strict,False,Lesson-09,ur
0,C,C10,Integration of Taleemabad Technology,0.0,NO,Taleemabad videos/apps used to support learning objectives.,0.95,CLEAR,strict,False,Lesson-09,ur
0,C,C11,Self & Peer Assessment Facilitation,0.0,NO,Self- and peer-assessment structured and purposeful. Students use rubrics to assess work.,0.92,CLEAR,strict,False,Lesson-09,ur
0,C,C12,Classroom Resources & Space for Collaboration,0.0,NO,Resources and space well-organized for collaborative tasks. Materials accessible.,0.6,BORDERLINE,strict,False,Lesson-09,ur
0,F,F1,Content Accuracy,0.0,NO,Content is accurate; no errors observed.,0.72,BORDERLINE,strict,False,Lesson-09,ur
0,F,F2,Use of Academic Language,1.0,YES,Key terms used accurately and explained to students.,0.74,BORDERLINE,strict,False,Lesson-09,ur
0,F,F3,Anticipation of Student Misconceptions,0.0,NO,Anticipates and addresses at least 1-2 common misconceptions.,0.58,BORDERLINE,strict,False,Lesson-09,ur
0,F,F4,Depth of Explanation,1.0,YES,Explains the 'why' behind procedures; uses multiple representations.,0.61,BORDERLINE,strict,False,Lesson-09,ur
0,F,F5,Subject-Specific Pedagogy: MATH,,,Uses concrete -> pictorial -> abstract (CPA) progression; manipulatives present.,0.96,CLEAR,strict,True,Lesson-09,ur
0,F,F6,Subject-Specific Pedagogy: SCIENCE,,,Hands-on activities present; students make predictions and observations.,0.96,CLEAR,strict,True,Lesson-09,ur
0,F,F7,Subject-Specific Pedagogy: LITERACY / LANGUAGE,0.0,NO,"Teacher models reading strategies (prediction, summarizing, questioning). Balanced approach.",0.68,BORDERLINE,strict,False,Lesson-09,ur
0,F,F8,Cross-Curricular Connections,0.0,NO,Meaningful connections made to at least one other subject area.,0.82,BORDERLINE,strict,False,Lesson-09,ur
0,B,B1,Instructional Clarity & Learning Objectives,1.0,YES,"Clear objective stated, referred to during lesson, linked to classroom activities.",0.68,BORDERLINE,strict,False,Lesson-09,ur
0,B,B3,Activities & Tasks Alignment,1.0,YES,Most activities directly support the learning objective.,0.93,CLEAR,strict,False,Lesson-09,ur
0,B,B4,Activation of Prior Knowledge,1.0,YES,Teacher connects new content to previously taught material.,0.57,BORDERLINE,strict,False,Lesson-09,ur
0,B,B5,Meaningful & Real-World Connections,1.0,YES,Content connected to students' lives or local context.,0.91,CLEAR,strict,False,Lesson-09,ur
0,B,B6,Differentiation / Catering to Learning Levels,0.0,NO,Tasks differentiated for at least 2 ability groups.,0.9,CLEAR,strict,False,Lesson-09,ur
0,B,B7,Use of Taleemabad Lesson Plan,0.0,NO,Plan followed with minor contextual adaptations.,0.7,BORDERLINE,strict,False,Lesson-09,ur
0,B,B8,Use of Prescribed Resources,0.0,NO,Key resources used as prescribed in lesson plan.,0.6,BORDERLINE,strict,False,Lesson-09,ur
0,B,B10,Lesson Closure & Consolidation,1.0,YES,"Structured closure: recap key points, check understanding.",0.55,BORDERLINE,strict,False,Lesson-09,ur
1,B,B1,Instructional Clarity & Learning Objectives,1.0,YES,"Clear objective stated, referred to during lesson, linked to classroom activities.",0.72,BORDERLINE,strict,False,Lesson-09,ur
1,B,B3,Activities & Tasks Alignment,1.0,YES,Most activities directly support the learning objective.,0.85,CLEAR,strict,False,Lesson-09,ur
1,B,B4,Activation of Prior Knowledge,1.0,YES,Teacher connects new content to previously taught material.,0.6,BORDERLINE,strict,False,Lesson-09,ur
1,B,B5,Meaningful & Real-World Connections,1.0,YES,Content connected to students' lives or local context.,0.71,BORDERLINE,strict,False,Lesson-09,ur
1,B,B6,Differentiation / Catering to Learning Levels,0.0,NO,Tasks differentiated for at least 2 ability groups.,0.88,CLEAR,strict,False,Lesson-09,ur
1,B,B7,Use of Taleemabad Lesson Plan,0.0,NO,Plan followed with minor contextual adaptations.,0.62,BORDERLINE,strict,False,Lesson-09,ur
1,B,B8,Use of Prescribed Resources,0.0,NO,Key resources used as prescribed in lesson plan.,0.6,BORDERLINE,strict,False,Lesson-09,ur
1,B,B10,Lesson Closure & Consolidation,0.0,NO,"Structured closure: recap key points, check understanding.",0.6,BORDERLINE,strict,False,Lesson-09,ur
1,D,D1,Active Participation Rate,1.0,YES,"50-75% actively participating (writing, discussing, solving).",0.79,BORDERLINE,strict,False,Lesson-09,ur
1,D,D2,Cognitive Engagement Level (Bloom's),1.0,YES,Students applying concepts to new problems (Bloom's Apply/Analyze).,0.68,BORDERLINE,strict,False,Lesson-09,ur
1,D,D3,Student-to-Student Interaction,1.0,YES,Students discuss content in pairs/groups; academic language used.,0.55,BORDERLINE,strict,False,Lesson-09,ur
1,D,D7,Inclusivity of Engagement,1.0,YES,Students across ability levels and genders are participating.,0.62,BORDERLINE,strict,False,Lesson-09,ur
1,F,F1,Content Accuracy,0.0,NO,Content is accurate; no errors observed.,0.82,BORDERLINE,strict,False,Lesson-09,ur
1,F,F2,Use of Academic Language,1.0,YES,Key terms used accurately and explained to students.,0.63,BORDERLINE,strict,False,Lesson-09,ur
1,F,F3,Anticipation of Student Misconceptions,0.0,NO,Anticipates and addresses at least 1-2 common misconceptions.,0.57,BORDERLINE,strict,False,Lesson-09,ur
1,F,F4,Depth of Explanation,1.0,YES,Explains the 'why' behind procedures; uses multiple representations.,0.66,BORDERLINE,strict,False,Lesson-09,ur
1,F,F5,Subject-Specific Pedagogy: MATH,,,Uses concrete -> pictorial -> abstract (CPA) progression; manipulatives present.,0.95,CLEAR,strict,True,Lesson-09,ur
1,F,F6,Subject-Specific Pedagogy: SCIENCE,,,Hands-on activities present; students make predictions and observations.,0.95,CLEAR,strict,True,Lesson-09,ur
1,F,F7,Subject-Specific Pedagogy: LITERACY / LANGUAGE,0.0,NO,"Teacher models reading strategies (prediction, summarizing, questioning). Balanced approach.",0.6,BORDERLINE,strict,False,Lesson-09,ur
1,F,F8,Cross-Curricular Connections,0.0,NO,Meaningful connections made to at least one other subject area.,0.71,BORDERLINE,strict,False,Lesson-09,ur
1,C,C1,Quality Questioning (Bloom's Aligned),0.0,NO,Purposeful mix including application & analysis questions. Open-ended questions dominate. Wait time given.,0.76,BORDERLINE,strict,False,Lesson-09,ur
1,C,C2,Responsive Re-explanation & Adaptive Teaching,0.0,NO,"Uses alternative representations (visual, concrete, analogy). Adjusts teaching to student level.",0.6,BORDERLINE,strict,False,Lesson-09,ur
1,C,C3,Effective Feedback,0.0,NO,Specific feedback on what was done well and what to improve. Actionable.,0.82,BORDERLINE,strict,False,Lesson-09,ur
1,C,C5,Student Agency & Voice,0.0,NO,Students make choices about how to demonstrate learning. Explore multiple perspectives.,0.87,CLEAR,strict,False,Lesson-09,ur
1,C,C7,Positive & Supportive Learning Environment,1.0,YES,"Warm, encouraging tone; mistakes treated as learning opportunities.",0.74,BORDERLINE,strict,False,Lesson-09,ur
1,C,C8,"Modeling, Scaffolding & Problem-Solving",1.0,YES,I Do -> We Do -> You Do scaffolding visible. Problem-solving and creativity modeled with clear strategies.,0.55,BORDERLINE,strict,False,Lesson-09,ur
1,C,C9,Collaborative Learning,1.0,YES,Purposeful pair/group tasks with clear roles. Students work towards synthesized solutions.,0.58,BORDERLINE,strict,False,Lesson-09,ur
1,C,C10,Integration of Taleemabad Technology,0.0,NO,Taleemabad videos/apps used to support learning objectives.,0.95,CLEAR,strict,False,Lesson-09,ur
1,C,C11,Self & Peer Assessment Facilitation,0.0,NO,Self- and peer-assessment structured and purposeful. Students use rubrics to assess work.,0.92,CLEAR,strict,False,Lesson-09,ur
1,C,C12,Classroom Resources & Space for Collaboration,0.0,NO,Resources and space well-organized for collaborative tasks. Materials accessible.,0.62,BORDERLINE,strict,False,Lesson-09,ur
2,B,B1,Instructional Clarity & Learning Objectives,1.0,YES,"Clear objective stated, referred to during lesson, linked to classroom activities.",0.74,BORDERLINE,strict,False,Lesson-09,ur
2,B,B3,Activities & Tasks Alignment,1.0,YES,Most activities directly support the learning objective.,0.83,BORDERLINE,strict,False,Lesson-09,ur
2,B,B4,Activation of Prior Knowledge,0.0,NO,Teacher connects new content to previously taught material.,0.6,BORDERLINE,strict,False,Lesson-09,ur
2,B,B5,Meaningful & Real-World Connections,1.0,YES,Content connected to students' lives or local context.,0.72,BORDERLINE,strict,False,Lesson-09,ur
2,B,B6,Differentiation / Catering to Learning Levels,0.0,NO,Tasks differentiated for at least 2 ability groups.,0.87,CLEAR,strict,False,Lesson-09,ur
2,B,B7,Use of Taleemabad Lesson Plan,0.0,NO,Plan followed with minor contextual adaptations.,0.62,BORDERLINE,strict,False,Lesson-09,ur
2,B,B8,Use of Prescribed Resources,0.0,NO,Key resources used as prescribed in lesson plan.,0.66,BORDERLINE,strict,False,Lesson-09,ur
2,B,B10,Lesson Closure & Consolidation,1.0,YES,"Structured closure: recap key points, check understanding.",0.62,BORDERLINE,strict,False,Lesson-09,ur
2,C,C1,Quality Questioning (Bloom's Aligned),0.0,NO,Purposeful mix including application & analysis questions. Open-ended questions dominate. Wait time given.,0.72,BORDERLINE,strict,False,Lesson-09,ur
2,C,C2,Responsive Re-explanation & Adaptive Teaching,0.0,NO,"Uses alternative representations (visual, concrete, analogy). Adjusts teaching to student level.",0.65,BORDERLINE,strict,False,Lesson-09,ur
2,C,C3,Effective Feedback,0.0,NO,Specific feedback on what was done well and what to improve. Actionable.,0.8,BORDERLINE,strict,False,Lesson-09,ur
2,C,C5,Student Agency & Voice,0.0,NO,Students make choices about how to demonstrate learning. Explore multiple perspectives.,0.82,BORDERLINE,strict,False,Lesson-09,ur
2,C,C7,Positive & Supportive Learning Environment,1.0,YES,"Warm, encouraging tone; mistakes treated as learning opportunities.",0.6,BORDERLINE,strict,False,Lesson-09,ur
2,C,C8,"Modeling, Scaffolding & Problem-Solving",0.0,NO,I Do -> We Do -> You Do scaffolding visible. Problem-solving and creativity modeled with clear strategies.,0.6,BORDERLINE,strict,False,Lesson-09,ur
2,C,C9,Collaborative Learning,0.0,NO,Purposeful pair/group tasks with clear roles. Students work towards synthesized solutions.,0.62,BORDERLINE,strict,False,Lesson-09,ur
2,C,C10,Integration of Taleemabad Technology,0.0,NO,Taleemabad videos/apps used to support learning objectives.,0.93,CLEAR,strict,False,Lesson-09,ur
2,C,C11,Self & Peer Assessment Facilitation,0.0,NO,Self- and peer-assessment structured and purposeful. Students use rubrics to assess work.,0.9,CLEAR,strict,False,Lesson-09,ur
2,C,C12,Classroom Resources & Space for Collaboration,0.0,NO,Resources and space well-organized for collaborative tasks. Materials accessible.,0.6,BORDERLINE,strict,False,Lesson-09,ur
2,D,D1,Active Participation Rate,1.0,YES,"50-75% actively participating (writing, discussing, solving).",0.83,BORDERLINE,strict,False,Lesson-09,ur
2,D,D2,Cognitive Engagement Level (Bloom's),1.0,YES,Students applying concepts to new problems (Bloom's Apply/Analyze).,0.62,BORDERLINE,strict,False,Lesson-09,ur
2,D,D3,Student-to-Student Interaction,0.0,NO,Students discuss content in pairs/groups; academic language used.,0.57,BORDERLINE,strict,False,Lesson-09,ur
2,D,D7,Inclusivity of Engagement,1.0,YES,Students across ability levels and genders are participating.,0.68,BORDERLINE,strict,False,Lesson-09,ur
2,F,F1,Content Accuracy,0.0,NO,Content is accurate; no errors observed.,0.88,CLEAR,strict,False,Lesson-09,ur
2,F,F2,Use of Academic Language,1.0,YES,Key terms used accurately and explained to students.,0.71,BORDERLINE,strict,False,Lesson-09,ur
2,F,F3,Anticipation of Student Misconceptions,0.0,NO,Anticipates and addresses at least 1-2 common misconceptions.,0.6,BORDERLINE,strict,False,Lesson-09,ur
2,F,F4,Depth of Explanation,1.0,YES,Explains the 'why' behind procedures; uses multiple representations.,0.57,BORDERLINE,strict,False,Lesson-09,ur
2,F,F5,Subject-Specific Pedagogy: MATH,,,Uses concrete -> pictorial -> abstract (CPA) progression; manipulatives present.,0.95,CLEAR,strict,True,Lesson-09,ur
2,F,F6,Subject-Specific Pedagogy: SCIENCE,,,Hands-on activities present; students make predictions and observations.,0.95,CLEAR,strict,True,Lesson-09,ur
2,F,F7,Subject-Specific Pedagogy: LITERACY / LANGUAGE,0.0,NO,"Teacher models reading strategies (prediction, summarizing, questioning). Balanced approach.",0.66,BORDERLINE,strict,False,Lesson-09,ur
2,F,F8,Cross-Curricular Connections,0.0,NO,Meaningful connections made to at least one other subject area.,0.83,BORDERLINE,strict,False,Lesson-09,ur
3,B,B1,Instructional Clarity & Learning Objectives,1.0,YES,"Clear objective stated, referred to during lesson, linked to classroom activities.",0.72,BORDERLINE,strict,False,Lesson-09,ur
3,B,B3,Activities & Tasks Alignment,1.0,YES,Most activities directly support the learning objective.,0.87,CLEAR,strict,False,Lesson-09,ur
3,B,B4,Activation of Prior Knowledge,0.0,NO,Teacher connects new content to previously taught material.,0.62,BORDERLINE,strict,False,Lesson-09,ur
3,B,B5,Meaningful & Real-World Connections,1.0,YES,Content connected to students' lives or local context.,0.78,BORDERLINE,strict,False,Lesson-09,ur
3,B,B6,Differentiation / Catering to Learning Levels,0.0,NO,Tasks differentiated for at least 2 ability groups.,0.88,CLEAR,strict,False,Lesson-09,ur
3,B,B7,Use of Taleemabad Lesson Plan,0.0,NO,Plan followed with minor contextual adaptations.,0.6,BORDERLINE,strict,False,Lesson-09,ur
3,B,B8,Use of Prescribed Resources,0.0,NO,Key resources used as prescribed in lesson plan.,0.6,BORDERLINE,strict,False,Lesson-09,ur
3,B,B10,Lesson Closure & Consolidation,1.0,YES,"Structured closure: recap key points, check understanding.",0.63,BORDERLINE,strict,False,Lesson-09,ur
3,D,D1,Active Participation Rate,1.0,YES,"50-75% actively participating (writing, discussing, solving).",0.79,BORDERLINE,strict,False,Lesson-09,ur
3,D,D2,Cognitive Engagement Level (Bloom's),1.0,YES,Students applying concepts to new problems (Bloom's Apply/Analyze).,0.66,BORDERLINE,strict,False,Lesson-09,ur
3,D,D3,Student-to-Student Interaction,0.0,NO,Students discuss content in pairs/groups; academic language used.,0.55,BORDERLINE,strict,False,Lesson-09,ur
3,D,D7,Inclusivity of Engagement,1.0,YES,Students across ability levels and genders are participating.,0.68,BORDERLINE,strict,False,Lesson-09,ur
3,F,F1,Content Accuracy,0.0,NO,Content is accurate; no errors observed.,0.83,BORDERLINE,strict,False,Lesson-09,ur
3,F,F2,Use of Academic Language,1.0,YES,Key terms used accurately and explained to students.,0.61,BORDERLINE,strict,False,Lesson-09,ur
3,F,F3,Anticipation of Student Misconceptions,0.0,NO,Anticipates and addresses at least 1-2 common misconceptions.,0.62,BORDERLINE,strict,False,Lesson-09,ur
3,F,F4,Depth of Explanation,1.0,YES,Explains the 'why' behind procedures; uses multiple representations.,0.58,BORDERLINE,strict,False,Lesson-09,ur
3,F,F5,Subject-Specific Pedagogy: MATH,,,Uses concrete -> pictorial -> abstract (CPA) progression; manipulatives present.,0.95,CLEAR,strict,True,Lesson-09,ur
3,F,F6,Subject-Specific Pedagogy: SCIENCE,,,Hands-on activities present; students make predictions and observations.,0.95,CLEAR,strict,True,Lesson-09,ur
3,F,F7,Subject-Specific Pedagogy: LITERACY / LANGUAGE,0.0,NO,"Teacher models reading strategies (prediction, summarizing, questioning). Balanced approach.",0.6,BORDERLINE,strict,False,Lesson-09,ur
3,F,F8,Cross-Curricular Connections,0.0,NO,Meaningful connections made to at least one other subject area.,0.82,BORDERLINE,strict,False,Lesson-09,ur
3,C,C1,Quality Questioning (Bloom's Aligned),0.0,NO,Purposeful mix including application & analysis questions. Open-ended questions dominate. Wait time given.,0.76,BORDERLINE,strict,False,Lesson-09,ur
3,C,C2,Responsive Re-explanation & Adaptive Teaching,0.0,NO,"Uses alternative representations (visual, concrete, analogy). Adjusts teaching to student level.",0.57,BORDERLINE,strict,False,Lesson-09,ur
3,C,C3,Effective Feedback,0.0,NO,Specific feedback on what was done well and what to improve. Actionable.,0.85,CLEAR,strict,False,Lesson-09,ur
3,C,C5,Student Agency & Voice,0.0,NO,Students make choices about how to demonstrate learning. Explore multiple perspectives.,0.82,BORDERLINE,strict,False,Lesson-09,ur
3,C,C7,Positive & Supportive Learning Environment,1.0,YES,"Warm, encouraging tone; mistakes treated as learning opportunities.",0.72,BORDERLINE,strict,False,Lesson-09,ur
3,C,C8,"Modeling, Scaffolding & Problem-Solving",1.0,YES,I Do -> We Do -> You Do scaffolding visible. Problem-solving and creativity modeled with clear strategies.,0.57,BORDERLINE,strict,False,Lesson-09,ur
3,C,C9,Collaborative Learning,1.0,YES,Purposeful pair/group tasks with clear roles. Students work towards synthesized solutions.,0.54,BORDERLINE,strict,False,Lesson-09,ur
3,C,C10,Integration of Taleemabad Technology,0.0,NO,Taleemabad videos/apps used to support learning objectives.,0.95,CLEAR,strict,False,Lesson-09,ur
3,C,C11,Self & Peer Assessment Facilitation,0.0,NO,Self- and peer-assessment structured and purposeful. Students use rubrics to assess work.,0.9,CLEAR,strict,False,Lesson-09,ur
3,C,C12,Classroom Resources & Space for Collaboration,0.0,NO,Resources and space well-organized for collaborative tasks. Materials accessible.,0.6,BORDERLINE,strict,False,Lesson-09,ur
4,B,B1,Instructional Clarity & Learning Objectives,1.0,YES,"Clear objective stated, referred to during lesson, linked to classroom activities.",0.72,BORDERLINE,strict,False,Lesson-09,ur
4,B,B3,Activities & Tasks Alignment,1.0,YES,Most activities directly support the learning objective.,0.86,CLEAR,strict,False,Lesson-09,ur
4,B,B4,Activation of Prior Knowledge,0.0,NO,Teacher connects new content to previously taught material.,0.6,BORDERLINE,strict,False,Lesson-09,ur
4,B,B5,Meaningful & Real-World Connections,1.0,YES,Content connected to students' lives or local context.,0.68,BORDERLINE,strict,False,Lesson-09,ur
4,B,B6,Differentiation / Catering to Learning Levels,0.0,NO,Tasks differentiated for at least 2 ability groups.,0.88,CLEAR,strict,False,Lesson-09,ur
4,B,B7,Use of Taleemabad Lesson Plan,0.0,NO,Plan followed with minor contextual adaptations.,0.62,BORDERLINE,strict,False,Lesson-09,ur
4,B,B8,Use of Prescribed Resources,0.0,NO,Key resources used as prescribed in lesson plan.,0.6,BORDERLINE,strict,False,Lesson-09,ur
4,B,B10,Lesson Closure & Consolidation,0.0,NO,"Structured closure: recap key points, check understanding.",0.58,BORDERLINE,strict,False,Lesson-09,ur
4,D,D1,Active Participation Rate,1.0,YES,"50-75% actively participating (writing, discussing, solving).",0.83,BORDERLINE,strict,False,Lesson-09,ur
4,D,D2,Cognitive Engagement Level (Bloom's),1.0,YES,Students applying concepts to new problems (Bloom's Apply/Analyze).,0.7,BORDERLINE,strict,False,Lesson-09,ur
4,D,D3,Student-to-Student Interaction,0.0,NO,Students discuss content in pairs/groups; academic language used.,0.57,BORDERLINE,strict,False,Lesson-09,ur
4,D,D7,Inclusivity of Engagement,1.0,YES,Students across ability levels and genders are participating.,0.68,BORDERLINE,strict,False,Lesson-09,ur
4,F,F1,Content Accuracy,0.0,NO,Content is accurate; no errors observed.,0.82,BORDERLINE,strict,False,Lesson-09,ur
4,F,F2,Use of Academic Language,1.0,YES,Key terms used accurately and explained to students.,0.7,BORDERLINE,strict,False,Lesson-09,ur
4,F,F3,Anticipation of Student Misconceptions,0.0,NO,Anticipates and addresses at least 1-2 common misconceptions.,0.58,BORDERLINE,strict,False,Lesson-09,ur
4,F,F4,Depth of Explanation,1.0,YES,Explains the 'why' behind procedures; uses multiple representations.,0.62,BORDERLINE,strict,False,Lesson-09,ur
4,F,F5,Subject-Specific Pedagogy: MATH,,,Uses concrete -> pictorial -> abstract (CPA) progression; manipulatives present.,0.95,CLEAR,strict,True,Lesson-09,ur
4,F,F6,Subject-Specific Pedagogy: SCIENCE,,,Hands-on activities present; students make predictions and observations.,0.95,CLEAR,strict,True,Lesson-09,ur
4,F,F7,Subject-Specific Pedagogy: LITERACY / LANGUAGE,0.0,NO,"Teacher models reading strategies (prediction, summarizing, questioning). Balanced approach.",0.66,BORDERLINE,strict,False,Lesson-09,ur
4,F,F8,Cross-Curricular Connections,0.0,NO,Meaningful connections made to at least one other subject area.,0.85,CLEAR,strict,False,Lesson-09,ur
4,C,C1,Quality Questioning (Bloom's Aligned),0.0,NO,Purposeful mix including application & analysis questions. Open-ended questions dominate. Wait time given.,0.68,BORDERLINE,strict,False,Lesson-09,ur
4,C,C2,Responsive Re-explanation & Adaptive Teaching,0.0,NO,"Uses alternative representations (visual, concrete, analogy). Adjusts teaching to student level.",0.6,BORDERLINE,strict,False,Lesson-09,ur
4,C,C3,Effective Feedback,0.0,NO,Specific feedback on what was done well and what to improve. Actionable.,0.85,CLEAR,strict,False,Lesson-09,ur
4,C,C5,Student Agency & Voice,0.0,NO,Students make choices about how to demonstrate learning. Explore multiple perspectives.,0.79,BORDERLINE,strict,False,Lesson-09,ur
4,C,C7,Positive & Supportive Learning Environment,1.0,YES,"Warm, encouraging tone; mistakes treated as learning opportunities.",0.68,BORDERLINE,strict,False,Lesson-09,ur
4,C,C8,"Modeling, Scaffolding & Problem-Solving",1.0,YES,I Do -> We Do -> You Do scaffolding visible. Problem-solving and creativity modeled with clear strategies.,0.6,BORDERLINE,strict,False,Lesson-09,ur
4,C,C9,Collaborative Learning,1.0,YES,Purposeful pair/group tasks with clear roles. Students work towards synthesized solutions.,0.65,BORDERLINE,strict,False,Lesson-09,ur
4,C,C10,Integration of Taleemabad Technology,0.0,NO,Taleemabad videos/apps used to support learning objectives.,0.95,CLEAR,strict,False,Lesson-09,ur
4,C,C11,Self & Peer Assessment Facilitation,0.0,NO,Self- and peer-assessment structured and purposeful. Students use rubrics to assess work.,0.9,CLEAR,strict,False,Lesson-09,ur
4,C,C12,Classroom Resources & Space for Collaboration,0.0,NO,Resources and space well-organized for collaborative tasks. Materials accessible.,0.55,BORDERLINE,strict,False,Lesson-09,ur
5,D,D1,Active Participation Rate,1.0,YES,"50-75% actively participating (writing, discussing, solving).",0.82,BORDERLINE,strict,False,Lesson-09,ur
5,D,D2,Cognitive Engagement Level (Bloom's),1.0,YES,Students applying concepts to new problems (Bloom's Apply/Analyze).,0.68,BORDERLINE,strict,False,Lesson-09,ur
5,D,D3,Student-to-Student Interaction,0.0,NO,Students discuss content in pairs/groups; academic language used.,0.6,BORDERLINE,strict,False,Lesson-09,ur
5,D,D7,Inclusivity of Engagement,0.0,NO,Students across ability levels and genders are participating.,0.6,BORDERLINE,strict,False,Lesson-09,ur
5,B,B1,Instructional Clarity & Learning Objectives,1.0,YES,"Clear objective stated, referred to during lesson, linked to classroom activities.",0.6,BORDERLINE,strict,False,Lesson-09,ur
5,B,B3,Activities & Tasks Alignment,1.0,YES,Most activities directly support the learning objective.,0.9,CLEAR,strict,False,Lesson-09,ur
5,B,B4,Activation of Prior Knowledge,1.0,YES,Teacher connects new content to previously taught material.,0.68,BORDERLINE,strict,False,Lesson-09,ur
5,B,B5,Meaningful & Real-World Connections,1.0,YES,Content connected to students' lives or local context.,0.88,CLEAR,strict,False,Lesson-09,ur
5,B,B6,Differentiation / Catering to Learning Levels,0.0,NO,Tasks differentiated for at least 2 ability groups.,0.88,CLEAR,strict,False,Lesson-09,ur
5,B,B7,Use of Taleemabad Lesson Plan,0.0,NO,Plan followed with minor contextual adaptations.,0.7,BORDERLINE,strict,False,Lesson-09,ur
5,B,B8,Use of Prescribed Resources,0.0,NO,Key resources used as prescribed in lesson plan.,0.6,BORDERLINE,strict,False,Lesson-09,ur
5,B,B10,Lesson Closure & Consolidation,1.0,YES,"Structured closure: recap key points, check understanding.",0.6,BORDERLINE,strict,False,Lesson-09,ur
5,F,F1,Content Accuracy,0.0,NO,Content is accurate; no errors observed.,0.88,CLEAR,strict,False,Lesson-09,ur
5,F,F2,Use of Academic Language,1.0,YES,Key terms used accurately and explained to students.,0.72,BORDERLINE,strict,False,Lesson-09,ur
5,F,F3,Anticipation of Student Misconceptions,0.0,NO,Anticipates and addresses at least 1-2 common misconceptions.,0.6,BORDERLINE,strict,False,Lesson-09,ur
5,F,F4,Depth of Explanation,1.0,YES,Explains the 'why' behind procedures; uses multiple representations.,0.65,BORDERLINE,strict,False,Lesson-09,ur
5,F,F5,Subject-Specific Pedagogy: MATH,,,Uses concrete -> pictorial -> abstract (CPA) progression; manipulatives present.,0.96,CLEAR,strict,True,Lesson-09,ur
5,F,F6,Subject-Specific Pedagogy: SCIENCE,,,Hands-on activities present; students make predictions and observations.,0.96,CLEAR,strict,True,Lesson-09,ur
5,F,F7,Subject-Specific Pedagogy: LITERACY / LANGUAGE,0.0,NO,"Teacher models reading strategies (prediction, summarizing, questioning). Balanced approach.",0.72,BORDERLINE,strict,False,Lesson-09,ur
5,F,F8,Cross-Curricular Connections,0.0,NO,Meaningful connections made to at least one other subject area.,0.85,CLEAR,strict,False,Lesson-09,ur
5,C,C1,Quality Questioning (Bloom's Aligned),0.0,NO,Purposeful mix including application & analysis questions. Open-ended questions dominate. Wait time given.,0.63,BORDERLINE,strict,False,Lesson-09,ur
5,C,C2,Responsive Re-explanation & Adaptive Teaching,0.0,NO,"Uses alternative representations (visual, concrete, analogy). Adjusts teaching to student level.",0.55,BORDERLINE,strict,False,Lesson-09,ur
5,C,C3,Effective Feedback,0.0,NO,Specific feedback on what was done well and what to improve. Actionable.,0.88,CLEAR,strict,False,Lesson-09,ur
5,C,C5,Student Agency & Voice,0.0,NO,Students make choices about how to demonstrate learning. Explore multiple perspectives.,0.86,CLEAR,strict,False,Lesson-09,ur
5,C,C7,Positive & Supportive Learning Environment,1.0,YES,"Warm, encouraging tone; mistakes treated as learning opportunities.",0.7,BORDERLINE,strict,False,Lesson-09,ur
5,C,C8,"Modeling, Scaffolding & Problem-Solving",1.0,YES,I Do -> We Do -> You Do scaffolding visible. Problem-solving and creativity modeled with clear strategies.,0.62,BORDERLINE,strict,False,Lesson-09,ur
5,C,C9,Collaborative Learning,1.0,YES,Purposeful pair/group tasks with clear roles. Students work towards synthesized solutions.,0.63,BORDERLINE,strict,False,Lesson-09,ur
5,C,C10,Integration of Taleemabad Technology,0.0,NO,Taleemabad videos/apps used to support learning objectives.,0.96,CLEAR,strict,False,Lesson-09,ur
5,C,C11,Self & Peer Assessment Facilitation,0.0,NO,Self- and peer-assessment structured and purposeful. Students use rubrics to assess work.,0.89,CLEAR,strict,False,Lesson-09,ur
5,C,C12,Classroom Resources & Space for Collaboration,0.0,NO,Resources and space well-organized for collaborative tasks. Materials accessible.,0.56,BORDERLINE,strict,False,Lesson-09,ur
6,B,B1,Instructional Clarity & Learning Objectives,1.0,YES,"Clear objective stated, referred to during lesson, linked to classroom activities.",0.66,BORDERLINE,strict,False,Lesson-09,ur
6,B,B3,Activities & Tasks Alignment,1.0,YES,Most activities directly support the learning objective.,0.9,CLEAR,strict,False,Lesson-09,ur
6,B,B4,Activation of Prior Knowledge,1.0,YES,Teacher connects new content to previously taught material.,0.58,BORDERLINE,strict,False,Lesson-09,ur
6,B,B5,Meaningful & Real-World Connections,1.0,YES,Content connected to students' lives or local context.,0.87,CLEAR,strict,False,Lesson-09,ur
6,B,B6,Differentiation / Catering to Learning Levels,0.0,NO,Tasks differentiated for at least 2 ability groups.,0.88,CLEAR,strict,False,Lesson-09,ur
6,B,B7,Use of Taleemabad Lesson Plan,0.0,NO,Plan followed with minor contextual adaptations.,0.72,BORDERLINE,strict,False,Lesson-09,ur
6,B,B8,Use of Prescribed Resources,0.0,NO,Key resources used as prescribed in lesson plan.,0.62,BORDERLINE,strict,False,Lesson-09,ur
6,B,B10,Lesson Closure & Consolidation,1.0,YES,"Structured closure: recap key points, check understanding.",0.57,BORDERLINE,strict,False,Lesson-09,ur
6,D,D1,Active Participation Rate,1.0,YES,"50-75% actively participating (writing, discussing, solving).",0.79,BORDERLINE,strict,False,Lesson-09,ur
6,D,D2,Cognitive Engagement Level (Bloom's),1.0,YES,Students applying concepts to new problems (Bloom's Apply/Analyze).,0.65,BORDERLINE,strict,False,Lesson-09,ur
6,D,D3,Student-to-Student Interaction,1.0,YES,Students discuss content in pairs/groups; academic language used.,0.56,BORDERLINE,strict,False,Lesson-09,ur
6,D,D7,Inclusivity of Engagement,1.0,YES,Students across ability levels and genders are participating.,0.68,BORDERLINE,strict,False,Lesson-09,ur
6,F,F1,Content Accuracy,0.0,NO,Content is accurate; no errors observed.,0.72,BORDERLINE,strict,False,Lesson-09,ur
6,F,F2,Use of Academic Language,1.0,YES,Key terms used accurately and explained to students.,0.73,BORDERLINE,strict,False,Lesson-09,ur
6,F,F3,Anticipation of Student Misconceptions,0.0,NO,Anticipates and addresses at least 1-2 common misconceptions.,0.58,BORDERLINE,strict,False,Lesson-09,ur
6,F,F4,Depth of Explanation,1.0,YES,Explains the 'why' behind procedures; uses multiple representations.,0.62,BORDERLINE,strict,False,Lesson-09,ur
6,F,F5,Subject-Specific Pedagogy: MATH,,,Uses concrete -> pictorial -> abstract (CPA) progression; manipulatives present.,0.95,CLEAR,strict,True,Lesson-09,ur
6,F,F6,Subject-Specific Pedagogy: SCIENCE,,,Hands-on activities present; students make predictions and observations.,0.95,CLEAR,strict,True,Lesson-09,ur
6,F,F7,Subject-Specific Pedagogy: LITERACY / LANGUAGE,0.0,NO,"Teacher models reading strategies (prediction, summarizing, questioning). Balanced approach.",0.63,BORDERLINE,strict,False,Lesson-09,ur
6,F,F8,Cross-Curricular Connections,0.0,NO,Meaningful connections made to at least one other subject area.,0.8,BORDERLINE,strict,False,Lesson-09,ur
6,C,C1,Quality Questioning (Bloom's Aligned),0.0,NO,Purposeful mix including application & analysis questions. Open-ended questions dominate. Wait time given.,0.83,BORDERLINE,strict,False,Lesson-09,ur
6,C,C2,Responsive Re-explanation & Adaptive Teaching,0.0,NO,"Uses alternative representations (visual, concrete, analogy). Adjusts teaching to student level.",0.6,BORDERLINE,strict,False,Lesson-09,ur
6,C,C3,Effective Feedback,0.0,NO,Specific feedback on what was done well and what to improve. Actionable.,0.84,BORDERLINE,strict,False,Lesson-09,ur
6,C,C5,Student Agency & Voice,0.0,NO,Students make choices about how to demonstrate learning. Explore multiple perspectives.,0.85,CLEAR,strict,False,Lesson-09,ur
6,C,C7,Positive & Supportive Learning Environment,1.0,YES,"Warm, encouraging tone; mistakes treated as learning opportunities.",0.7,BORDERLINE,strict,False,Lesson-09,ur
6,C,C8,"Modeling, Scaffolding & Problem-Solving",1.0,YES,I Do -> We Do -> You Do scaffolding visible. Problem-solving and creativity modeled with clear strategies.,0.58,BORDERLINE,strict,False,Lesson-09,ur
6,C,C9,Collaborative Learning,1.0,YES,Purposeful pair/group tasks with clear roles. Students work towards synthesized solutions.,0.58,BORDERLINE,strict,False,Lesson-09,ur
6,C,C10,Integration of Taleemabad Technology,0.0,NO,Taleemabad videos/apps used to support learning objectives.,0.95,CLEAR,strict,False,Lesson-09,ur
6,C,C11,Self & Peer Assessment Facilitation,0.0,NO,Self- and peer-assessment structured and purposeful. Students use rubrics to assess work.,0.93,CLEAR,strict,False,Lesson-09,ur
6,C,C12,Classroom Resources & Space for Collaboration,0.0,NO,Resources and space well-organized for collaborative tasks. Materials accessible.,0.62,BORDERLINE,strict,False,Lesson-09,ur
7,C,C1,Quality Questioning (Bloom's Aligned),0.0,NO,Purposeful mix including application & analysis questions. Open-ended questions dominate. Wait time given.,0.72,BORDERLINE,strict,False,Lesson-09,ur
7,C,C2,Responsive Re-explanation & Adaptive Teaching,0.0,NO,"Uses alternative representations (visual, concrete, analogy). Adjusts teaching to student level.",0.6,BORDERLINE,strict,False,Lesson-09,ur
7,C,C3,Effective Feedback,0.0,NO,Specific feedback on what was done well and what to improve. Actionable.,0.82,BORDERLINE,strict,False,Lesson-09,ur
7,C,C5,Student Agency & Voice,0.0,NO,Students make choices about how to demonstrate learning. Explore multiple perspectives.,0.78,BORDERLINE,strict,False,Lesson-09,ur
7,C,C7,Positive & Supportive Learning Environment,1.0,YES,"Warm, encouraging tone; mistakes treated as learning opportunities.",0.66,BORDERLINE,strict,False,Lesson-09,ur
7,C,C8,"Modeling, Scaffolding & Problem-Solving",0.0,NO,I Do -> We Do -> You Do scaffolding visible. Problem-solving and creativity modeled with clear strategies.,0.6,BORDERLINE,strict,False,Lesson-09,ur
7,C,C9,Collaborative Learning,0.0,NO,Purposeful pair/group tasks with clear roles. Students work towards synthesized solutions.,0.62,BORDERLINE,strict,False,Lesson-09,ur
7,C,C10,Integration of Taleemabad Technology,0.0,NO,Taleemabad videos/apps used to support learning objectives.,0.95,CLEAR,strict,False,Lesson-09,ur
7,C,C11,Self & Peer Assessment Facilitation,0.0,NO,Self- and peer-assessment structured and purposeful. Students use rubrics to assess work.,0.92,CLEAR,strict,False,Lesson-09,ur
7,C,C12,Classroom Resources & Space for Collaboration,0.0,NO,Resources and space well-organized for collaborative tasks. Materials accessible.,0.63,BORDERLINE,strict,False,Lesson-09,ur
7,D,D1,Active Participation Rate,1.0,YES,"50-75% actively participating (writing, discussing, solving).",0.78,BORDERLINE,strict,False,Lesson-09,ur
7,D,D2,Cognitive Engagement Level (Bloom's),1.0,YES,Students applying concepts to new problems (Bloom's Apply/Analyze).,0.7,BORDERLINE,strict,False,Lesson-09,ur
7,D,D3,Student-to-Student Interaction,0.0,NO,Students discuss content in pairs/groups; academic language used.,0.56,BORDERLINE,strict,False,Lesson-09,ur
7,D,D7,Inclusivity of Engagement,1.0,YES,Students across ability levels and genders are participating.,0.63,BORDERLINE,strict,False,Lesson-09,ur
7,B,B1,Instructional Clarity & Learning Objectives,1.0,YES,"Clear objective stated, referred to during lesson, linked to classroom activities.",0.6,BORDERLINE,strict,False,Lesson-09,ur
7,B,B3,Activities & Tasks Alignment,1.0,YES,Most activities directly support the learning objective.,0.9,CLEAR,strict,False,Lesson-09,ur
7,B,B4,Activation of Prior Knowledge,1.0,YES,Teacher connects new content to previously taught material.,0.55,BORDERLINE,strict,False,Lesson-09,ur
7,B,B5,Meaningful & Real-World Connections,1.0,YES,Content connected to students' lives or local context.,0.85,CLEAR,strict,False,Lesson-09,ur
7,B,B6,Differentiation / Catering to Learning Levels,0.0,NO,Tasks differentiated for at least 2 ability groups.,0.88,CLEAR,strict,False,Lesson-09,ur
7,B,B7,Use of Taleemabad Lesson Plan,0.0,NO,Plan followed with minor contextual adaptations.,0.7,BORDERLINE,strict,False,Lesson-09,ur
7,B,B8,Use of Prescribed Resources,0.0,NO,Key resources used as prescribed in lesson plan.,0.62,BORDERLINE,strict,False,Lesson-09,ur
7,B,B10,Lesson Closure & Consolidation,1.0,YES,"Structured closure: recap key points, check understanding.",0.55,BORDERLINE,strict,False,Lesson-09,ur
7,F,F1,Content Accuracy,0.0,NO,Content is accurate; no errors observed.,0.87,CLEAR,strict,False,Lesson-09,ur
7,F,F2,Use of Academic Language,1.0,YES,Key terms used accurately and explained to students.,0.7,BORDERLINE,strict,False,Lesson-09,ur
7,F,F3,Anticipation of Student Misconceptions,0.0,NO,Anticipates and addresses at least 1-2 common misconceptions.,0.55,BORDERLINE,strict,False,Lesson-09,ur
7,F,F4,Depth of Explanation,1.0,YES,Explains the 'why' behind procedures; uses multiple representations.,0.72,BORDERLINE,strict,False,Lesson-09,ur
7,F,F5,Subject-Specific Pedagogy: MATH,,,Uses concrete -> pictorial -> abstract (CPA) progression; manipulatives present.,0.95,CLEAR,strict,True,Lesson-09,ur
7,F,F6,Subject-Specific Pedagogy: SCIENCE,,,Hands-on activities present; students make predictions and observations.,0.95,CLEAR,strict,True,Lesson-09,ur
7,F,F7,Subject-Specific Pedagogy: LITERACY / LANGUAGE,0.0,NO,"Teacher models reading strategies (prediction, summarizing, questioning). Balanced approach.",0.62,BORDERLINE,strict,False,Lesson-09,ur
7,F,F8,Cross-Curricular Connections,0.0,NO,Meaningful connections made to at least one other subject area.,0.8,BORDERLINE,strict,False,Lesson-09,ur
8,D,D1,Active Participation Rate,1.0,YES,"50-75% actively participating (writing, discussing, solving).",0.82,BORDERLINE,strict,False,Lesson-09,ur
8,D,D2,Cognitive Engagement Level (Bloom's),1.0,YES,Students applying concepts to new problems (Bloom's Apply/Analyze).,0.68,BORDERLINE,strict,False,Lesson-09,ur
8,D,D3,Student-to-Student Interaction,0.0,NO,Students discuss content in pairs/groups; academic language used.,0.62,BORDERLINE,strict,False,Lesson-09,ur
8,D,D7,Inclusivity of Engagement,1.0,YES,Students across ability levels and genders are participating.,0.6,BORDERLINE,strict,False,Lesson-09,ur
8,B,B1,Instructional Clarity & Learning Objectives,1.0,YES,"Clear objective stated, referred to during lesson, linked to classroom activities.",0.72,BORDERLINE,strict,False,Lesson-09,ur
8,B,B3,Activities & Tasks Alignment,1.0,YES,Most activities directly support the learning objective.,0.85,CLEAR,strict,False,Lesson-09,ur
8,B,B4,Activation of Prior Knowledge,0.0,NO,Teacher connects new content to previously taught material.,0.6,BORDERLINE,strict,False,Lesson-09,ur
8,B,B5,Meaningful & Real-World Connections,1.0,YES,Content connected to students' lives or local context.,0.71,BORDERLINE,strict,False,Lesson-09,ur
8,B,B6,Differentiation / Catering to Learning Levels,0.0,NO,Tasks differentiated for at least 2 ability groups.,0.92,CLEAR,strict,False,Lesson-09,ur
8,B,B7,Use of Taleemabad Lesson Plan,0.0,NO,Plan followed with minor contextual adaptations.,0.6,BORDERLINE,strict,False,Lesson-09,ur
8,B,B8,Use of Prescribed Resources,0.0,NO,Key resources used as prescribed in lesson plan.,0.63,BORDERLINE,strict,False,Lesson-09,ur
8,B,B10,Lesson Closure & Consolidation,1.0,YES,"Structured closure: recap key points, check understanding.",0.61,BORDERLINE,strict,False,Lesson-09,ur
8,C,C1,Quality Questioning (Bloom's Aligned),0.0,NO,Purposeful mix including application & analysis questions. Open-ended questions dominate. Wait time given.,0.68,BORDERLINE,strict,False,Lesson-09,ur
8,C,C2,Responsive Re-explanation & Adaptive Teaching,0.0,NO,"Uses alternative representations (visual, concrete, analogy). Adjusts teaching to student level.",0.6,BORDERLINE,strict,False,Lesson-09,ur
8,C,C3,Effective Feedback,0.0,NO,Specific feedback on what was done well and what to improve. Actionable.,0.78,BORDERLINE,strict,False,Lesson-09,ur
8,C,C5,Student Agency & Voice,0.0,NO,Students make choices about how to demonstrate learning. Explore multiple perspectives.,0.85,CLEAR,strict,False,Lesson-09,ur
8,C,C7,Positive & Supportive Learning Environment,1.0,YES,"Warm, encouraging tone; mistakes treated as learning opportunities.",0.7,BORDERLINE,strict,False,Lesson-09,ur
8,C,C8,"Modeling, Scaffolding & Problem-Solving",0.0,NO,I Do -> We Do -> You Do scaffolding visible. Problem-solving and creativity modeled with clear strategies.,0.6,BORDERLINE,strict,False,Lesson-09,ur
8,C,C9,Collaborative Learning,0.0,NO,Purposeful pair/group tasks with clear roles. Students work towards synthesized solutions.,0.62,BORDERLINE,strict,False,Lesson-09,ur
8,C,C10,Integration of Taleemabad Technology,0.0,NO,Taleemabad videos/apps used to support learning objectives.,0.95,CLEAR,strict,False,Lesson-09,ur
8,C,C11,Self & Peer Assessment Facilitation,0.0,NO,Self- and peer-assessment structured and purposeful. Students use rubrics to assess work.,0.88,CLEAR,strict,False,Lesson-09,ur
8,C,C12,Classroom Resources & Space for Collaboration,0.0,NO,Resources and space well-organized for collaborative tasks. Materials accessible.,0.62,BORDERLINE,strict,False,Lesson-09,ur
8,F,F1,Content Accuracy,0.0,NO,Content is accurate; no errors observed.,0.72,BORDERLINE,strict,False,Lesson-09,ur
8,F,F2,Use of Academic Language,1.0,YES,Key terms used accurately and explained to students.,0.82,BORDERLINE,strict,False,Lesson-09,ur
8,F,F3,Anticipation of Student Misconceptions,0.0,NO,Anticipates and addresses at least 1-2 common misconceptions.,0.58,BORDERLINE,strict,False,Lesson-09,ur
8,F,F4,Depth of Explanation,1.0,YES,Explains the 'why' behind procedures; uses multiple representations.,0.66,BORDERLINE,strict,False,Lesson-09,ur
8,F,F5,Subject-Specific Pedagogy: MATH,,,Uses concrete -> pictorial -> abstract (CPA) progression; manipulatives present.,0.95,CLEAR,strict,True,Lesson-09,ur
8,F,F6,Subject-Specific Pedagogy: SCIENCE,,,Hands-on activities present; students make predictions and observations.,0.95,CLEAR,strict,True,Lesson-09,ur
8,F,F7,Subject-Specific Pedagogy: LITERACY / LANGUAGE,0.0,NO,"Teacher models reading strategies (prediction, summarizing, questioning). Balanced approach.",0.61,BORDERLINE,strict,False,Lesson-09,ur
8,F,F8,Cross-Curricular Connections,0.0,NO,Meaningful connections made to at least one other subject area.,0.79,BORDERLINE,strict,False,Lesson-09,ur
9,C,C1,Quality Questioning (Bloom's Aligned),0.0,NO,Purposeful mix including application & analysis questions. Open-ended questions dominate. Wait time given.,0.7,BORDERLINE,strict,False,Lesson-09,ur
9,C,C2,Responsive Re-explanation & Adaptive Teaching,0.0,NO,"Uses alternative representations (visual, concrete, analogy). Adjusts teaching to student level.",0.62,BORDERLINE,strict,False,Lesson-09,ur
9,C,C3,Effective Feedback,0.0,NO,Specific feedback on what was done well and what to improve. Actionable.,0.78,BORDERLINE,strict,False,Lesson-09,ur
9,C,C5,Student Agency & Voice,0.0,NO,Students make choices about how to demonstrate learning. Explore multiple perspectives.,0.85,CLEAR,strict,False,Lesson-09,ur
9,C,C7,Positive & Supportive Learning Environment,1.0,YES,"Warm, encouraging tone; mistakes treated as learning opportunities.",0.68,BORDERLINE,strict,False,Lesson-09,ur
9,C,C8,"Modeling, Scaffolding & Problem-Solving",0.0,NO,I Do -> We Do -> You Do scaffolding visible. Problem-solving and creativity modeled with clear strategies.,0.6,BORDERLINE,strict,False,Lesson-09,ur
9,C,C9,Collaborative Learning,0.0,NO,Purposeful pair/group tasks with clear roles. Students work towards synthesized solutions.,0.58,BORDERLINE,strict,False,Lesson-09,ur
9,C,C10,Integration of Taleemabad Technology,0.0,NO,Taleemabad videos/apps used to support learning objectives.,0.93,CLEAR,strict,False,Lesson-09,ur
9,C,C11,Self & Peer Assessment Facilitation,0.0,NO,Self- and peer-assessment structured and purposeful. Students use rubrics to assess work.,0.9,CLEAR,strict,False,Lesson-09,ur
9,C,C12,Classroom Resources & Space for Collaboration,0.0,NO,Resources and space well-organized for collaborative tasks. Materials accessible.,0.6,BORDERLINE,strict,False,Lesson-09,ur
9,B,B1,Instructional Clarity & Learning Objectives,1.0,YES,"Clear objective stated, referred to during lesson, linked to classroom activities.",0.6,BORDERLINE,strict,False,Lesson-09,ur
9,B,B3,Activities & Tasks Alignment,1.0,YES,Most activities directly support the learning objective.,0.9,CLEAR,strict,False,Lesson-09,ur
9,B,B4,Activation of Prior Knowledge,1.0,YES,Teacher connects new content to previously taught material.,0.57,BORDERLINE,strict,False,Lesson-09,ur
9,B,B5,Meaningful & Real-World Connections,1.0,YES,Content connected to students' lives or local context.,0.9,CLEAR,strict,False,Lesson-09,ur
9,B,B6,Differentiation / Catering to Learning Levels,0.0,NO,Tasks differentiated for at least 2 ability groups.,0.9,CLEAR,strict,False,Lesson-09,ur
9,B,B7,Use of Taleemabad Lesson Plan,0.0,NO,Plan followed with minor contextual adaptations.,0.7,BORDERLINE,strict,False,Lesson-09,ur
9,B,B8,Use of Prescribed Resources,0.0,NO,Key resources used as prescribed in lesson plan.,0.55,BORDERLINE,strict,False,Lesson-09,ur
9,B,B10,Lesson Closure & Consolidation,1.0,YES,"Structured closure: recap key points, check understanding.",0.58,BORDERLINE,strict,False,Lesson-09,ur
9,D,D1,Active Participation Rate,1.0,YES,"50-75% actively participating (writing, discussing, solving).",0.86,CLEAR,strict,False,Lesson-09,ur
9,D,D2,Cognitive Engagement Level (Bloom's),1.0,YES,Students applying concepts to new problems (Bloom's Apply/Analyze).,0.7,BORDERLINE,strict,False,Lesson-09,ur
9,D,D3,Student-to-Student Interaction,1.0,YES,Students discuss content in pairs/groups; academic language used.,0.56,BORDERLINE,strict,False,Lesson-09,ur
9,D,D7,Inclusivity of Engagement,1.0,YES,Students across ability levels and genders are participating.,0.63,BORDERLINE,strict,False,Lesson-09,ur
9,F,F1,Content Accuracy,0.0,NO,Content is accurate; no errors observed.,0.94,CLEAR,strict,False,Lesson-09,ur
9,F,F2,Use of Academic Language,1.0,YES,Key terms used accurately and explained to students.,0.6,BORDERLINE,strict,False,Lesson-09,ur
9,F,F3,Anticipation of Student Misconceptions,0.0,NO,Anticipates and addresses at least 1-2 common misconceptions.,0.83,BORDERLINE,strict,False,Lesson-09,ur
9,F,F4,Depth of Explanation,1.0,YES,Explains the 'why' behind procedures; uses multiple representations.,0.58,BORDERLINE,strict,False,Lesson-09,ur
9,F,F5,Subject-Specific Pedagogy: MATH,,,Uses concrete -> pictorial -> abstract (CPA) progression; manipulatives present.,0.96,CLEAR,strict,True,Lesson-09,ur
9,F,F6,Subject-Specific Pedagogy: SCIENCE,,,Hands-on activities present; students make predictions and observations.,0.96,CLEAR,strict,True,Lesson-09,ur
9,F,F7,Subject-Specific Pedagogy: LITERACY / LANGUAGE,0.0,NO,"Teacher models reading strategies (prediction, summarizing, questioning). Balanced approach.",0.66,BORDERLINE,strict,False,Lesson-09,ur
9,F,F8,Cross-Curricular Connections,0.0,NO,Meaningful connections made to at least one other subject area.,0.85,CLEAR,strict,False,Lesson-09,ur
0,B,B1,Instructional Clarity & Learning Objectives,0.0,NO,"Clear objective stated, referred to during lesson, linked to classroom activities.",0.95,CLEAR,strict,False,Lesson-10,swahili
0,B,B3,Activities & Tasks Alignment,0.0,NO,Most activities directly support the learning objective.,0.72,BORDERLINE,strict,False,Lesson-10,swahili
0,B,B4,Activation of Prior Knowledge,0.0,NO,Teacher connects new content to previously taught material.,0.9,CLEAR,strict,False,Lesson-10,swahili
0,B,B5,Meaningful & Real-World Connections,0.0,NO,Content connected to students' lives or local context.,0.94,CLEAR,strict,False,Lesson-10,swahili
0,B,B6,Differentiation / Catering to Learning Levels,0.0,NO,Tasks differentiated for at least 2 ability groups.,0.85,CLEAR,strict,False,Lesson-10,swahili
0,B,B7,Use of Taleemabad Lesson Plan,0.0,NO,Plan followed with minor contextual adaptations.,0.85,CLEAR,strict,False,Lesson-10,swahili
0,B,B8,Use of Prescribed Resources,0.0,NO,Key resources used as prescribed in lesson plan.,0.7,BORDERLINE,strict,False,Lesson-10,swahili
0,B,B10,Lesson Closure & Consolidation,0.0,NO,"Structured closure: recap key points, check understanding.",0.93,CLEAR,strict,False,Lesson-10,swahili
0,C,C1,Quality Questioning (Bloom's Aligned),0.0,NO,Purposeful mix including application & analysis questions. Open-ended questions dominate. Wait time given.,0.97,CLEAR,strict,False,Lesson-10,swahili
0,C,C2,Responsive Re-explanation & Adaptive Teaching,0.0,NO,"Uses alternative representations (visual, concrete, analogy). Adjusts teaching to student level.",0.9,CLEAR,strict,False,Lesson-10,swahili
0,C,C3,Effective Feedback,0.0,NO,Specific feedback on what was done well and what to improve. Actionable.,0.95,CLEAR,strict,False,Lesson-10,swahili
0,C,C5,Student Agency & Voice,0.0,NO,Students make choices about how to demonstrate learning. Explore multiple perspectives.,0.95,CLEAR,strict,False,Lesson-10,swahili
0,C,C7,Positive & Supportive Learning Environment,0.0,NO,"Warm, encouraging tone; mistakes treated as learning opportunities.",0.7,BORDERLINE,strict,False,Lesson-10,swahili
0,C,C8,"Modeling, Scaffolding & Problem-Solving",0.0,NO,I Do -> We Do -> You Do scaffolding visible. Problem-solving and creativity modeled with clear strategies.,0.93,CLEAR,strict,False,Lesson-10,swahili
0,C,C9,Collaborative Learning,0.0,NO,Purposeful pair/group tasks with clear roles. Students work towards synthesized solutions.,0.95,CLEAR,strict,False,Lesson-10,swahili
0,C,C10,Integration of Taleemabad Technology,0.0,NO,Taleemabad videos/apps used to support learning objectives.,0.95,CLEAR,strict,False,Lesson-10,swahili
0,C,C11,Self & Peer Assessment Facilitation,0.0,NO,Self- and peer-assessment structured and purposeful. Students use rubrics to assess work.,0.95,CLEAR,strict,False,Lesson-10,swahili
0,C,C12,Classroom Resources & Space for Collaboration,0.0,NO,Resources and space well-organized for collaborative tasks. Materials accessible.,0.88,CLEAR,strict,False,Lesson-10,swahili
0,D,D1,Active Participation Rate,1.0,YES,"50-75% actively participating (writing, discussing, solving).",0.6,BORDERLINE,strict,False,Lesson-10,swahili
0,D,D2,Cognitive Engagement Level (Bloom's),0.0,NO,Students applying concepts to new problems (Bloom's Apply/Analyze).,0.93,CLEAR,strict,False,Lesson-10,swahili
0,D,D3,Student-to-Student Interaction,0.0,NO,Students discuss content in pairs/groups; academic language used.,0.85,CLEAR,strict,False,Lesson-10,swahili
0,D,D7,Inclusivity of Engagement,1.0,YES,Students across ability levels and genders are participating.,0.66,BORDERLINE,strict,False,Lesson-10,swahili
0,F,F1,Content Accuracy,1.0,YES,Content is accurate; no errors observed.,0.6,BORDERLINE,strict,False,Lesson-10,swahili
0,F,F2,Use of Academic Language,0.0,NO,Key terms used accurately and explained to students.,0.72,BORDERLINE,strict,False,Lesson-10,swahili
0,F,F3,Anticipation of Student Misconceptions,0.0,NO,Anticipates and addresses at least 1-2 common misconceptions.,0.93,CLEAR,strict,False,Lesson-10,swahili
0,F,F4,Depth of Explanation,0.0,NO,Explains the 'why' behind procedures; uses multiple representations.,0.94,CLEAR,strict,False,Lesson-10,swahili
0,F,F5,Subject-Specific Pedagogy: MATH,0.0,NO,Uses concrete -> pictorial -> abstract (CPA) progression; manipulatives present.,0.85,CLEAR,strict,False,Lesson-10,swahili
0,F,F6,Subject-Specific Pedagogy: SCIENCE,,,Hands-on activities present; students make predictions and observations.,0.9,CLEAR,strict,True,Lesson-10,swahili
0,F,F7,Subject-Specific Pedagogy: LITERACY / LANGUAGE,,,"Teacher models reading strategies (prediction, summarizing, questioning). Balanced approach.",0.55,BORDERLINE,strict,True,Lesson-10,swahili
0,F,F8,Cross-Curricular Connections,0.0,NO,Meaningful connections made to at least one other subject area.,0.95,CLEAR,strict,False,Lesson-10,swahili
1,C,C1,Quality Questioning (Bloom's Aligned),0.0,NO,Purposeful mix including application & analysis questions. Open-ended questions dominate. Wait time given.,0.97,CLEAR,strict,False,Lesson-10,swahili
1,C,C2,Responsive Re-explanation & Adaptive Teaching,0.0,NO,"Uses alternative representations (visual, concrete, analogy). Adjusts teaching to student level.",0.9,CLEAR,strict,False,Lesson-10,swahili
1,C,C3,Effective Feedback,0.0,NO,Specific feedback on what was done well and what to improve. Actionable.,0.95,CLEAR,strict,False,Lesson-10,swahili
1,C,C5,Student Agency & Voice,0.0,NO,Students make choices about how to demonstrate learning. Explore multiple perspectives.,0.96,CLEAR,strict,False,Lesson-10,swahili
1,C,C7,Positive & Supportive Learning Environment,0.0,NO,"Warm, encouraging tone; mistakes treated as learning opportunities.",0.7,BORDERLINE,strict,False,Lesson-10,swahili
1,C,C8,"Modeling, Scaffolding & Problem-Solving",0.0,NO,I Do -> We Do -> You Do scaffolding visible. Problem-solving and creativity modeled with clear strategies.,0.85,CLEAR,strict,False,Lesson-10,swahili
1,C,C9,Collaborative Learning,0.0,NO,Purposeful pair/group tasks with clear roles. Students work towards synthesized solutions.,0.93,CLEAR,strict,False,Lesson-10,swahili
1,C,C10,Integration of Taleemabad Technology,0.0,NO,Taleemabad videos/apps used to support learning objectives.,0.95,CLEAR,strict,False,Lesson-10,swahili
1,C,C11,Self & Peer Assessment Facilitation,0.0,NO,Self- and peer-assessment structured and purposeful. Students use rubrics to assess work.,0.95,CLEAR,strict,False,Lesson-10,swahili
1,C,C12,Classroom Resources & Space for Collaboration,0.0,NO,Resources and space well-organized for collaborative tasks. Materials accessible.,0.85,CLEAR,strict,False,Lesson-10,swahili
1,D,D1,Active Participation Rate,1.0,YES,"50-75% actively participating (writing, discussing, solving).",0.57,BORDERLINE,strict,False,Lesson-10,swahili
1,D,D2,Cognitive Engagement Level (Bloom's),0.0,NO,Students applying concepts to new problems (Bloom's Apply/Analyze).,0.95,CLEAR,strict,False,Lesson-10,swahili
1,D,D3,Student-to-Student Interaction,0.0,NO,Students discuss content in pairs/groups; academic language used.,0.9,CLEAR,strict,False,Lesson-10,swahili
1,D,D7,Inclusivity of Engagement,1.0,YES,Students across ability levels and genders are participating.,0.68,BORDERLINE,strict,False,Lesson-10,swahili
1,B,B1,Instructional Clarity & Learning Objectives,0.0,NO,"Clear objective stated, referred to during lesson, linked to classroom activities.",0.94,CLEAR,strict,False,Lesson-10,swahili
1,B,B3,Activities & Tasks Alignment,0.0,NO,Most activities directly support the learning objective.,0.72,BORDERLINE,strict,False,Lesson-10,swahili
1,B,B4,Activation of Prior Knowledge,0.0,NO,Teacher connects new content to previously taught material.,0.9,CLEAR,strict,False,Lesson-10,swahili
1,B,B5,Meaningful & Real-World Connections,0.0,NO,Content connected to students' lives or local context.,0.95,CLEAR,strict,False,Lesson-10,swahili
1,B,B6,Differentiation / Catering to Learning Levels,0.0,NO,Tasks differentiated for at least 2 ability groups.,0.89,CLEAR,strict,False,Lesson-10,swahili
1,B,B7,Use of Taleemabad Lesson Plan,0.0,NO,Plan followed with minor contextual adaptations.,0.85,CLEAR,strict,False,Lesson-10,swahili
1,B,B8,Use of Prescribed Resources,0.0,NO,Key resources used as prescribed in lesson plan.,0.71,BORDERLINE,strict,False,Lesson-10,swahili
1,B,B10,Lesson Closure & Consolidation,0.0,NO,"Structured closure: recap key points, check understanding.",0.93,CLEAR,strict,False,Lesson-10,swahili
1,F,F1,Content Accuracy,1.0,YES,Content is accurate; no errors observed.,0.62,BORDERLINE,strict,False,Lesson-10,swahili
1,F,F2,Use of Academic Language,0.0,NO,Key terms used accurately and explained to students.,0.72,BORDERLINE,strict,False,Lesson-10,swahili
1,F,F3,Anticipation of Student Misconceptions,0.0,NO,Anticipates and addresses at least 1-2 common misconceptions.,0.93,CLEAR,strict,False,Lesson-10,swahili
1,F,F4,Depth of Explanation,0.0,NO,Explains the 'why' behind procedures; uses multiple representations.,0.94,CLEAR,strict,False,Lesson-10,swahili
1,F,F5,Subject-Specific Pedagogy: MATH,0.0,NO,Uses concrete -> pictorial -> abstract (CPA) progression; manipulatives present.,0.92,CLEAR,strict,False,Lesson-10,swahili
1,F,F6,Subject-Specific Pedagogy: SCIENCE,,,Hands-on activities present; students make predictions and observations.,0.9,CLEAR,strict,True,Lesson-10,swahili
1,F,F7,Subject-Specific Pedagogy: LITERACY / LANGUAGE,,,"Teacher models reading strategies (prediction, summarizing, questioning). Balanced approach.",0.55,BORDERLINE,strict,True,Lesson-10,swahili
1,F,F8,Cross-Curricular Connections,0.0,NO,Meaningful connections made to at least one other subject area.,0.93,CLEAR,strict,False,Lesson-10,swahili
2,D,D1,Active Participation Rate,1.0,YES,"50-75% actively participating (writing, discussing, solving).",0.63,BORDERLINE,strict,False,Lesson-10,swahili
2,D,D2,Cognitive Engagement Level (Bloom's),0.0,NO,Students applying concepts to new problems (Bloom's Apply/Analyze).,0.93,CLEAR,strict,False,Lesson-10,swahili
2,D,D3,Student-to-Student Interaction,0.0,NO,Students discuss content in pairs/groups; academic language used.,0.9,CLEAR,strict,False,Lesson-10,swahili
2,D,D7,Inclusivity of Engagement,1.0,YES,Students across ability levels and genders are participating.,0.58,BORDERLINE,strict,False,Lesson-10,swahili
2,F,F1,Content Accuracy,1.0,YES,Content is accurate; no errors observed.,0.62,BORDERLINE,strict,False,Lesson-10,swahili
2,F,F2,Use of Academic Language,0.0,NO,Key terms used accurately and explained to students.,0.72,BORDERLINE,strict,False,Lesson-10,swahili
2,F,F3,Anticipation of Student Misconceptions,0.0,NO,Anticipates and addresses at least 1-2 common misconceptions.,0.93,CLEAR,strict,False,Lesson-10,swahili
2,F,F4,Depth of Explanation,0.0,NO,Explains the 'why' behind procedures; uses multiple representations.,0.94,CLEAR,strict,False,Lesson-10,swahili
2,F,F5,Subject-Specific Pedagogy: MATH,0.0,NO,Uses concrete -> pictorial -> abstract (CPA) progression; manipulatives present.,0.85,CLEAR,strict,False,Lesson-10,swahili
2,F,F6,Subject-Specific Pedagogy: SCIENCE,,,Hands-on activities present; students make predictions and observations.,0.9,CLEAR,strict,True,Lesson-10,swahili
2,F,F7,Subject-Specific Pedagogy: LITERACY / LANGUAGE,,,"Teacher models reading strategies (prediction, summarizing, questioning). Balanced approach.",0.62,BORDERLINE,strict,True,Lesson-10,swahili
2,F,F8,Cross-Curricular Connections,0.0,NO,Meaningful connections made to at least one other subject area.,0.95,CLEAR,strict,False,Lesson-10,swahili
2,B,B1,Instructional Clarity & Learning Objectives,0.0,NO,"Clear objective stated, referred to during lesson, linked to classroom activities.",0.95,CLEAR,strict,False,Lesson-10,swahili
2,B,B3,Activities & Tasks Alignment,0.0,NO,Most activities directly support the learning objective.,0.72,BORDERLINE,strict,False,Lesson-10,swahili
2,B,B4,Activation of Prior Knowledge,0.0,NO,Teacher connects new content to previously taught material.,0.9,CLEAR,strict,False,Lesson-10,swahili
2,B,B5,Meaningful & Real-World Connections,0.0,NO,Content connected to students' lives or local context.,0.94,CLEAR,strict,False,Lesson-10,swahili
2,B,B6,Differentiation / Catering to Learning Levels,0.0,NO,Tasks differentiated for at least 2 ability groups.,0.88,CLEAR,strict,False,Lesson-10,swahili
2,B,B7,Use of Taleemabad Lesson Plan,0.0,NO,Plan followed with minor contextual adaptations.,0.83,BORDERLINE,strict,False,Lesson-10,swahili
2,B,B8,Use of Prescribed Resources,0.0,NO,Key resources used as prescribed in lesson plan.,0.68,BORDERLINE,strict,False,Lesson-10,swahili
2,B,B10,Lesson Closure & Consolidation,0.0,NO,"Structured closure: recap key points, check understanding.",0.93,CLEAR,strict,False,Lesson-10,swahili
2,C,C1,Quality Questioning (Bloom's Aligned),0.0,NO,Purposeful mix including application & analysis questions. Open-ended questions dominate. Wait time given.,0.97,CLEAR,strict,False,Lesson-10,swahili
2,C,C2,Responsive Re-explanation & Adaptive Teaching,0.0,NO,"Uses alternative representations (visual, concrete, analogy). Adjusts teaching to student level.",0.9,CLEAR,strict,False,Lesson-10,swahili
2,C,C3,Effective Feedback,0.0,NO,Specific feedback on what was done well and what to improve. Actionable.,0.95,CLEAR,strict,False,Lesson-10,swahili
2,C,C5,Student Agency & Voice,0.0,NO,Students make choices about how to demonstrate learning. Explore multiple perspectives.,0.96,CLEAR,strict,False,Lesson-10,swahili
2,C,C7,Positive & Supportive Learning Environment,0.0,NO,"Warm, encouraging tone; mistakes treated as learning opportunities.",0.66,BORDERLINE,strict,False,Lesson-10,swahili
2,C,C8,"Modeling, Scaffolding & Problem-Solving",0.0,NO,I Do -> We Do -> You Do scaffolding visible. Problem-solving and creativity modeled with clear strategies.,0.93,CLEAR,strict,False,Lesson-10,swahili
2,C,C9,Collaborative Learning,0.0,NO,Purposeful pair/group tasks with clear roles. Students work towards synthesized solutions.,0.95,CLEAR,strict,False,Lesson-10,swahili
2,C,C10,Integration of Taleemabad Technology,0.0,NO,Taleemabad videos/apps used to support learning objectives.,0.96,CLEAR,strict,False,Lesson-10,swahili
2,C,C11,Self & Peer Assessment Facilitation,0.0,NO,Self- and peer-assessment structured and purposeful. Students use rubrics to assess work.,0.95,CLEAR,strict,False,Lesson-10,swahili
2,C,C12,Classroom Resources & Space for Collaboration,0.0,NO,Resources and space well-organized for collaborative tasks. Materials accessible.,0.9,CLEAR,strict,False,Lesson-10,swahili
3,C,C1,Quality Questioning (Bloom's Aligned),0.0,NO,Purposeful mix including application & analysis questions. Open-ended questions dominate. Wait time given.,0.97,CLEAR,strict,False,Lesson-10,swahili
3,C,C2,Responsive Re-explanation & Adaptive Teaching,0.0,NO,"Uses alternative representations (visual, concrete, analogy). Adjusts teaching to student level.",0.9,CLEAR,strict,False,Lesson-10,swahili
3,C,C3,Effective Feedback,0.0,NO,Specific feedback on what was done well and what to improve. Actionable.,0.94,CLEAR,strict,False,Lesson-10,swahili
3,C,C5,Student Agency & Voice,0.0,NO,Students make choices about how to demonstrate learning. Explore multiple perspectives.,0.95,CLEAR,strict,False,Lesson-10,swahili
3,C,C7,Positive & Supportive Learning Environment,0.0,NO,"Warm, encouraging tone; mistakes treated as learning opportunities.",0.72,BORDERLINE,strict,False,Lesson-10,swahili
3,C,C8,"Modeling, Scaffolding & Problem-Solving",0.0,NO,I Do -> We Do -> You Do scaffolding visible. Problem-solving and creativity modeled with clear strategies.,0.9,CLEAR,strict,False,Lesson-10,swahili
3,C,C9,Collaborative Learning,0.0,NO,Purposeful pair/group tasks with clear roles. Students work towards synthesized solutions.,0.96,CLEAR,strict,False,Lesson-10,swahili
3,C,C10,Integration of Taleemabad Technology,0.0,NO,Taleemabad videos/apps used to support learning objectives.,0.95,CLEAR,strict,False,Lesson-10,swahili
3,C,C11,Self & Peer Assessment Facilitation,0.0,NO,Self- and peer-assessment structured and purposeful. Students use rubrics to assess work.,0.95,CLEAR,strict,False,Lesson-10,swahili
3,C,C12,Classroom Resources & Space for Collaboration,0.0,NO,Resources and space well-organized for collaborative tasks. Materials accessible.,0.88,CLEAR,strict,False,Lesson-10,swahili
3,B,B1,Instructional Clarity & Learning Objectives,0.0,NO,"Clear objective stated, referred to during lesson, linked to classroom activities.",0.94,CLEAR,strict,False,Lesson-10,swahili
3,B,B3,Activities & Tasks Alignment,0.0,NO,Most activities directly support the learning objective.,0.72,BORDERLINE,strict,False,Lesson-10,swahili
3,B,B4,Activation of Prior Knowledge,0.0,NO,Teacher connects new content to previously taught material.,0.86,CLEAR,strict,False,Lesson-10,swahili
3,B,B5,Meaningful & Real-World Connections,0.0,NO,Content connected to students' lives or local context.,0.93,CLEAR,strict,False,Lesson-10,swahili
3,B,B6,Differentiation / Catering to Learning Levels,0.0,NO,Tasks differentiated for at least 2 ability groups.,0.83,BORDERLINE,strict,False,Lesson-10,swahili
3,B,B7,Use of Taleemabad Lesson Plan,0.0,NO,Plan followed with minor contextual adaptations.,0.82,BORDERLINE,strict,False,Lesson-10,swahili
3,B,B8,Use of Prescribed Resources,0.0,NO,Key resources used as prescribed in lesson plan.,0.66,BORDERLINE,strict,False,Lesson-10,swahili
3,B,B10,Lesson Closure & Consolidation,0.0,NO,"Structured closure: recap key points, check understanding.",0.9,CLEAR,strict,False,Lesson-10,swahili
3,D,D1,Active Participation Rate,1.0,YES,"50-75% actively participating (writing, discussing, solving).",0.58,BORDERLINE,strict,False,Lesson-10,swahili
3,D,D2,Cognitive Engagement Level (Bloom's),0.0,NO,Students applying concepts to new problems (Bloom's Apply/Analyze).,0.95,CLEAR,strict,False,Lesson-10,swahili
3,D,D3,Student-to-Student Interaction,0.0,NO,Students discuss content in pairs/groups; academic language used.,0.92,CLEAR,strict,False,Lesson-10,swahili
3,D,D7,Inclusivity of Engagement,1.0,YES,Students across ability levels and genders are participating.,0.7,BORDERLINE,strict,False,Lesson-10,swahili
3,F,F1,Content Accuracy,1.0,YES,Content is accurate; no errors observed.,0.55,BORDERLINE,strict,False,Lesson-10,swahili
3,F,F2,Use of Academic Language,0.0,NO,Key terms used accurately and explained to students.,0.72,BORDERLINE,strict,False,Lesson-10,swahili
3,F,F3,Anticipation of Student Misconceptions,0.0,NO,Anticipates and addresses at least 1-2 common misconceptions.,0.93,CLEAR,strict,False,Lesson-10,swahili
3,F,F4,Depth of Explanation,0.0,NO,Explains the 'why' behind procedures; uses multiple representations.,0.94,CLEAR,strict,False,Lesson-10,swahili
3,F,F5,Subject-Specific Pedagogy: MATH,0.0,NO,Uses concrete -> pictorial -> abstract (CPA) progression; manipulatives present.,0.85,CLEAR,strict,False,Lesson-10,swahili
3,F,F6,Subject-Specific Pedagogy: SCIENCE,,,Hands-on activities present; students make predictions and observations.,0.9,CLEAR,strict,True,Lesson-10,swahili
3,F,F7,Subject-Specific Pedagogy: LITERACY / LANGUAGE,,,"Teacher models reading strategies (prediction, summarizing, questioning). Balanced approach.",0.57,BORDERLINE,strict,True,Lesson-10,swahili
3,F,F8,Cross-Curricular Connections,0.0,NO,Meaningful connections made to at least one other subject area.,0.94,CLEAR,strict,False,Lesson-10,swahili
4,D,D1,Active Participation Rate,1.0,YES,"50-75% actively participating (writing, discussing, solving).",0.62,BORDERLINE,strict,False,Lesson-10,swahili
4,D,D2,Cognitive Engagement Level (Bloom's),0.0,NO,Students applying concepts to new problems (Bloom's Apply/Analyze).,0.93,CLEAR,strict,False,Lesson-10,swahili
4,D,D3,Student-to-Student Interaction,0.0,NO,Students discuss content in pairs/groups; academic language used.,0.94,CLEAR,strict,False,Lesson-10,swahili
4,D,D7,Inclusivity of Engagement,1.0,YES,Students across ability levels and genders are participating.,0.55,BORDERLINE,strict,False,Lesson-10,swahili
4,B,B1,Instructional Clarity & Learning Objectives,0.0,NO,"Clear objective stated, referred to during lesson, linked to classroom activities.",0.95,CLEAR,strict,False,Lesson-10,swahili
4,B,B3,Activities & Tasks Alignment,0.0,NO,Most activities directly support the learning objective.,0.72,BORDERLINE,strict,False,Lesson-10,swahili
4,B,B4,Activation of Prior Knowledge,0.0,NO,Teacher connects new content to previously taught material.,0.9,CLEAR,strict,False,Lesson-10,swahili
4,B,B5,Meaningful & Real-World Connections,0.0,NO,Content connected to students' lives or local context.,0.93,CLEAR,strict,False,Lesson-10,swahili
4,B,B6,Differentiation / Catering to Learning Levels,0.0,NO,Tasks differentiated for at least 2 ability groups.,0.88,CLEAR,strict,False,Lesson-10,swahili
4,B,B7,Use of Taleemabad Lesson Plan,0.0,NO,Plan followed with minor contextual adaptations.,0.83,BORDERLINE,strict,False,Lesson-10,swahili
4,B,B8,Use of Prescribed Resources,0.0,NO,Key resources used as prescribed in lesson plan.,0.75,BORDERLINE,strict,False,Lesson-10,swahili
4,B,B10,Lesson Closure & Consolidation,0.0,NO,"Structured closure: recap key points, check understanding.",0.94,CLEAR,strict,False,Lesson-10,swahili
4,C,C1,Quality Questioning (Bloom's Aligned),0.0,NO,Purposeful mix including application & analysis questions. Open-ended questions dominate. Wait time given.,0.96,CLEAR,strict,False,Lesson-10,swahili
4,C,C2,Responsive Re-explanation & Adaptive Teaching,0.0,NO,"Uses alternative representations (visual, concrete, analogy). Adjusts teaching to student level.",0.9,CLEAR,strict,False,Lesson-10,swahili
4,C,C3,Effective Feedback,0.0,NO,Specific feedback on what was done well and what to improve. Actionable.,0.94,CLEAR,strict,False,Lesson-10,swahili
4,C,C5,Student Agency & Voice,0.0,NO,Students make choices about how to demonstrate learning. Explore multiple perspectives.,0.93,CLEAR,strict,False,Lesson-10,swahili
4,C,C7,Positive & Supportive Learning Environment,0.0,NO,"Warm, encouraging tone; mistakes treated as learning opportunities.",0.72,BORDERLINE,strict,False,Lesson-10,swahili
4,C,C8,"Modeling, Scaffolding & Problem-Solving",0.0,NO,I Do -> We Do -> You Do scaffolding visible. Problem-solving and creativity modeled with clear strategies.,0.91,CLEAR,strict,False,Lesson-10,swahili
4,C,C9,Collaborative Learning,0.0,NO,Purposeful pair/group tasks with clear roles. Students work towards synthesized solutions.,0.9,CLEAR,strict,False,Lesson-10,swahili
4,C,C10,Integration of Taleemabad Technology,0.0,NO,Taleemabad videos/apps used to support learning objectives.,0.93,CLEAR,strict,False,Lesson-10,swahili
4,C,C11,Self & Peer Assessment Facilitation,0.0,NO,Self- and peer-assessment structured and purposeful. Students use rubrics to assess work.,0.94,CLEAR,strict,False,Lesson-10,swahili
4,C,C12,Classroom Resources & Space for Collaboration,0.0,NO,Resources and space well-organized for collaborative tasks. Materials accessible.,0.83,BORDERLINE,strict,False,Lesson-10,swahili
4,F,F1,Content Accuracy,1.0,YES,Content is accurate; no errors observed.,0.58,BORDERLINE,strict,False,Lesson-10,swahili
4,F,F2,Use of Academic Language,0.0,NO,Key terms used accurately and explained to students.,0.76,BORDERLINE,strict,False,Lesson-10,swahili
4,F,F3,Anticipation of Student Misconceptions,0.0,NO,Anticipates and addresses at least 1-2 common misconceptions.,0.93,CLEAR,strict,False,Lesson-10,swahili
4,F,F4,Depth of Explanation,0.0,NO,Explains the 'why' behind procedures; uses multiple representations.,0.93,CLEAR,strict,False,Lesson-10,swahili
4,F,F5,Subject-Specific Pedagogy: MATH,0.0,NO,Uses concrete -> pictorial -> abstract (CPA) progression; manipulatives present.,0.9,CLEAR,strict,False,Lesson-10,swahili
4,F,F6,Subject-Specific Pedagogy: SCIENCE,,,Hands-on activities present; students make predictions and observations.,0.9,CLEAR,strict,True,Lesson-10,swahili
4,F,F7,Subject-Specific Pedagogy: LITERACY / LANGUAGE,,,"Teacher models reading strategies (prediction, summarizing, questioning). Balanced approach.",0.62,BORDERLINE,strict,True,Lesson-10,swahili
4,F,F8,Cross-Curricular Connections,0.0,NO,Meaningful connections made to at least one other subject area.,0.95,CLEAR,strict,False,Lesson-10,swahili
5,B,B1,Instructional Clarity & Learning Objectives,0.0,NO,"Clear objective stated, referred to during lesson, linked to classroom activities.",0.94,CLEAR,strict,False,Lesson-10,swahili
5,B,B3,Activities & Tasks Alignment,0.0,NO,Most activities directly support the learning objective.,0.72,BORDERLINE,strict,False,Lesson-10,swahili
5,B,B4,Activation of Prior Knowledge,0.0,NO,Teacher connects new content to previously taught material.,0.9,CLEAR,strict,False,Lesson-10,swahili
5,B,B5,Meaningful & Real-World Connections,0.0,NO,Content connected to students' lives or local context.,0.95,CLEAR,strict,False,Lesson-10,swahili
5,B,B6,Differentiation / Catering to Learning Levels,0.0,NO,Tasks differentiated for at least 2 ability groups.,0.83,BORDERLINE,strict,False,Lesson-10,swahili
5,B,B7,Use of Taleemabad Lesson Plan,0.0,NO,Plan followed with minor contextual adaptations.,0.85,CLEAR,strict,False,Lesson-10,swahili
5,B,B8,Use of Prescribed Resources,0.0,NO,Key resources used as prescribed in lesson plan.,0.72,BORDERLINE,strict,False,Lesson-10,swahili
5,B,B10,Lesson Closure & Consolidation,0.0,NO,"Structured closure: recap key points, check understanding.",0.9,CLEAR,strict,False,Lesson-10,swahili
5,F,F1,Content Accuracy,1.0,YES,Content is accurate; no errors observed.,0.62,BORDERLINE,strict,False,Lesson-10,swahili
5,F,F2,Use of Academic Language,0.0,NO,Key terms used accurately and explained to students.,0.7,BORDERLINE,strict,False,Lesson-10,swahili
5,F,F3,Anticipation of Student Misconceptions,0.0,NO,Anticipates and addresses at least 1-2 common misconceptions.,0.9,CLEAR,strict,False,Lesson-10,swahili
5,F,F4,Depth of Explanation,0.0,NO,Explains the 'why' behind procedures; uses multiple representations.,0.88,CLEAR,strict,False,Lesson-10,swahili
5,F,F5,Subject-Specific Pedagogy: MATH,0.0,NO,Uses concrete -> pictorial -> abstract (CPA) progression; manipulatives present.,0.75,BORDERLINE,strict,False,Lesson-10,swahili
5,F,F6,Subject-Specific Pedagogy: SCIENCE,,,Hands-on activities present; students make predictions and observations.,0.9,CLEAR,strict,True,Lesson-10,swahili
5,F,F7,Subject-Specific Pedagogy: LITERACY / LANGUAGE,,,"Teacher models reading strategies (prediction, summarizing, questioning). Balanced approach.",0.62,BORDERLINE,strict,True,Lesson-10,swahili
5,F,F8,Cross-Curricular Connections,0.0,NO,Meaningful connections made to at least one other subject area.,0.93,CLEAR,strict,False,Lesson-10,swahili
5,D,D1,Active Participation Rate,1.0,YES,"50-75% actively participating (writing, discussing, solving).",0.6,BORDERLINE,strict,False,Lesson-10,swahili
5,D,D2,Cognitive Engagement Level (Bloom's),0.0,NO,Students applying concepts to new problems (Bloom's Apply/Analyze).,0.94,CLEAR,strict,False,Lesson-10,swahili
5,D,D3,Student-to-Student Interaction,0.0,NO,Students discuss content in pairs/groups; academic language used.,0.9,CLEAR,strict,False,Lesson-10,swahili
5,D,D7,Inclusivity of Engagement,1.0,YES,Students across ability levels and genders are participating.,0.62,BORDERLINE,strict,False,Lesson-10,swahili
5,C,C1,Quality Questioning (Bloom's Aligned),0.0,NO,Purposeful mix including application & analysis questions. Open-ended questions dominate. Wait time given.,0.96,CLEAR,strict,False,Lesson-10,swahili
5,C,C2,Responsive Re-explanation & Adaptive Teaching,0.0,NO,"Uses alternative representations (visual, concrete, analogy). Adjusts teaching to student level.",0.9,CLEAR,strict,False,Lesson-10,swahili
5,C,C3,Effective Feedback,0.0,NO,Specific feedback on what was done well and what to improve. Actionable.,0.94,CLEAR,strict,False,Lesson-10,swahili
5,C,C5,Student Agency & Voice,0.0,NO,Students make choices about how to demonstrate learning. Explore multiple perspectives.,0.95,CLEAR,strict,False,Lesson-10,swahili
5,C,C7,Positive & Supportive Learning Environment,0.0,NO,"Warm, encouraging tone; mistakes treated as learning opportunities.",0.72,BORDERLINE,strict,False,Lesson-10,swahili
5,C,C8,"Modeling, Scaffolding & Problem-Solving",0.0,NO,I Do -> We Do -> You Do scaffolding visible. Problem-solving and creativity modeled with clear strategies.,0.9,CLEAR,strict,False,Lesson-10,swahili
5,C,C9,Collaborative Learning,0.0,NO,Purposeful pair/group tasks with clear roles. Students work towards synthesized solutions.,0.93,CLEAR,strict,False,Lesson-10,swahili
5,C,C10,Integration of Taleemabad Technology,0.0,NO,Taleemabad videos/apps used to support learning objectives.,0.92,CLEAR,strict,False,Lesson-10,swahili
5,C,C11,Self & Peer Assessment Facilitation,0.0,NO,Self- and peer-assessment structured and purposeful. Students use rubrics to assess work.,0.93,CLEAR,strict,False,Lesson-10,swahili
5,C,C12,Classroom Resources & Space for Collaboration,0.0,NO,Resources and space well-organized for collaborative tasks. Materials accessible.,0.85,CLEAR,strict,False,Lesson-10,swahili
6,D,D1,Active Participation Rate,1.0,YES,"50-75% actively participating (writing, discussing, solving).",0.62,BORDERLINE,strict,False,Lesson-10,swahili
6,D,D2,Cognitive Engagement Level (Bloom's),0.0,NO,Students applying concepts to new problems (Bloom's Apply/Analyze).,0.95,CLEAR,strict,False,Lesson-10,swahili
6,D,D3,Student-to-Student Interaction,0.0,NO,Students discuss content in pairs/groups; academic language used.,0.93,CLEAR,strict,False,Lesson-10,swahili
6,D,D7,Inclusivity of Engagement,1.0,YES,Students across ability levels and genders are participating.,0.55,BORDERLINE,strict,False,Lesson-10,swahili
6,C,C1,Quality Questioning (Bloom's Aligned),0.0,NO,Purposeful mix including application & analysis questions. Open-ended questions dominate. Wait time given.,0.97,CLEAR,strict,False,Lesson-10,swahili
6,C,C2,Responsive Re-explanation & Adaptive Teaching,0.0,NO,"Uses alternative representations (visual, concrete, analogy). Adjusts teaching to student level.",0.9,CLEAR,strict,False,Lesson-10,swahili
6,C,C3,Effective Feedback,0.0,NO,Specific feedback on what was done well and what to improve. Actionable.,0.95,CLEAR,strict,False,Lesson-10,swahili
6,C,C5,Student Agency & Voice,0.0,NO,Students make choices about how to demonstrate learning. Explore multiple perspectives.,0.95,CLEAR,strict,False,Lesson-10,swahili
6,C,C7,Positive & Supportive Learning Environment,0.0,NO,"Warm, encouraging tone; mistakes treated as learning opportunities.",0.72,BORDERLINE,strict,False,Lesson-10,swahili
6,C,C8,"Modeling, Scaffolding & Problem-Solving",0.0,NO,I Do -> We Do -> You Do scaffolding visible. Problem-solving and creativity modeled with clear strategies.,0.9,CLEAR,strict,False,Lesson-10,swahili
6,C,C9,Collaborative Learning,0.0,NO,Purposeful pair/group tasks with clear roles. Students work towards synthesized solutions.,0.94,CLEAR,strict,False,Lesson-10,swahili
6,C,C10,Integration of Taleemabad Technology,0.0,NO,Taleemabad videos/apps used to support learning objectives.,0.95,CLEAR,strict,False,Lesson-10,swahili
6,C,C11,Self & Peer Assessment Facilitation,0.0,NO,Self- and peer-assessment structured and purposeful. Students use rubrics to assess work.,0.93,CLEAR,strict,False,Lesson-10,swahili
6,C,C12,Classroom Resources & Space for Collaboration,0.0,NO,Resources and space well-organized for collaborative tasks. Materials accessible.,0.87,CLEAR,strict,False,Lesson-10,swahili
6,B,B1,Instructional Clarity & Learning Objectives,0.0,NO,"Clear objective stated, referred to during lesson, linked to classroom activities.",0.96,CLEAR,strict,False,Lesson-10,swahili
6,B,B3,Activities & Tasks Alignment,0.0,NO,Most activities directly support the learning objective.,0.83,BORDERLINE,strict,False,Lesson-10,swahili
6,B,B4,Activation of Prior Knowledge,0.0,NO,Teacher connects new content to previously taught material.,0.93,CLEAR,strict,False,Lesson-10,swahili
6,B,B5,Meaningful & Real-World Connections,0.0,NO,Content connected to students' lives or local context.,0.95,CLEAR,strict,False,Lesson-10,swahili
6,B,B6,Differentiation / Catering to Learning Levels,0.0,NO,Tasks differentiated for at least 2 ability groups.,0.88,CLEAR,strict,False,Lesson-10,swahili
6,B,B7,Use of Taleemabad Lesson Plan,0.0,NO,Plan followed with minor contextual adaptations.,0.86,CLEAR,strict,False,Lesson-10,swahili
6,B,B8,Use of Prescribed Resources,0.0,NO,Key resources used as prescribed in lesson plan.,0.74,BORDERLINE,strict,False,Lesson-10,swahili
6,B,B10,Lesson Closure & Consolidation,0.0,NO,"Structured closure: recap key points, check understanding.",0.96,CLEAR,strict,False,Lesson-10,swahili
6,F,F1,Content Accuracy,0.0,NO,Content is accurate; no errors observed.,0.56,BORDERLINE,strict,False,Lesson-10,swahili
6,F,F2,Use of Academic Language,0.0,NO,Key terms used accurately and explained to students.,0.72,BORDERLINE,strict,False,Lesson-10,swahili
6,F,F3,Anticipation of Student Misconceptions,0.0,NO,Anticipates and addresses at least 1-2 common misconceptions.,0.95,CLEAR,strict,False,Lesson-10,swahili
6,F,F4,Depth of Explanation,0.0,NO,Explains the 'why' behind procedures; uses multiple representations.,0.95,CLEAR,strict,False,Lesson-10,swahili
6,F,F5,Subject-Specific Pedagogy: MATH,0.0,NO,Uses concrete -> pictorial -> abstract (CPA) progression; manipulatives present.,0.93,CLEAR,strict,False,Lesson-10,swahili
6,F,F6,Subject-Specific Pedagogy: SCIENCE,,,Hands-on activities present; students make predictions and observations.,0.9,CLEAR,strict,True,Lesson-10,swahili
6,F,F7,Subject-Specific Pedagogy: LITERACY / LANGUAGE,,,"Teacher models reading strategies (prediction, summarizing, questioning). Balanced approach.",0.62,BORDERLINE,strict,True,Lesson-10,swahili
6,F,F8,Cross-Curricular Connections,0.0,NO,Meaningful connections made to at least one other subject area.,0.96,CLEAR,strict,False,Lesson-10,swahili
7,B,B1,Instructional Clarity & Learning Objectives,0.0,NO,"Clear objective stated, referred to during lesson, linked to classroom activities.",0.95,CLEAR,strict,False,Lesson-10,swahili
7,B,B3,Activities & Tasks Alignment,0.0,NO,Most activities directly support the learning objective.,0.78,BORDERLINE,strict,False,Lesson-10,swahili
7,B,B4,Activation of Prior Knowledge,0.0,NO,Teacher connects new content to previously taught material.,0.9,CLEAR,strict,False,Lesson-10,swahili
7,B,B5,Meaningful & Real-World Connections,0.0,NO,Content connected to students' lives or local context.,0.94,CLEAR,strict,False,Lesson-10,swahili
7,B,B6,Differentiation / Catering to Learning Levels,0.0,NO,Tasks differentiated for at least 2 ability groups.,0.9,CLEAR,strict,False,Lesson-10,swahili
7,B,B7,Use of Taleemabad Lesson Plan,0.0,NO,Plan followed with minor contextual adaptations.,0.82,BORDERLINE,strict,False,Lesson-10,swahili
7,B,B8,Use of Prescribed Resources,0.0,NO,Key resources used as prescribed in lesson plan.,0.7,BORDERLINE,strict,False,Lesson-10,swahili
7,B,B10,Lesson Closure & Consolidation,0.0,NO,"Structured closure: recap key points, check understanding.",0.93,CLEAR,strict,False,Lesson-10,swahili
7,C,C1,Quality Questioning (Bloom's Aligned),0.0,NO,Purposeful mix including application & analysis questions. Open-ended questions dominate. Wait time given.,0.96,CLEAR,strict,False,Lesson-10,swahili
7,C,C2,Responsive Re-explanation & Adaptive Teaching,0.0,NO,"Uses alternative representations (visual, concrete, analogy). Adjusts teaching to student level.",0.9,CLEAR,strict,False,Lesson-10,swahili
7,C,C3,Effective Feedback,0.0,NO,Specific feedback on what was done well and what to improve. Actionable.,0.94,CLEAR,strict,False,Lesson-10,swahili
7,C,C5,Student Agency & Voice,0.0,NO,Students make choices about how to demonstrate learning. Explore multiple perspectives.,0.94,CLEAR,strict,False,Lesson-10,swahili
7,C,C7,Positive & Supportive Learning Environment,0.0,NO,"Warm, encouraging tone; mistakes treated as learning opportunities.",0.72,BORDERLINE,strict,False,Lesson-10,swahili
7,C,C8,"Modeling, Scaffolding & Problem-Solving",0.0,NO,I Do -> We Do -> You Do scaffolding visible. Problem-solving and creativity modeled with clear strategies.,0.9,CLEAR,strict,False,Lesson-10,swahili
7,C,C9,Collaborative Learning,0.0,NO,Purposeful pair/group tasks with clear roles. Students work towards synthesized solutions.,0.88,CLEAR,strict,False,Lesson-10,swahili
7,C,C10,Integration of Taleemabad Technology,0.0,NO,Taleemabad videos/apps used to support learning objectives.,0.93,CLEAR,strict,False,Lesson-10,swahili
7,C,C11,Self & Peer Assessment Facilitation,0.0,NO,Self- and peer-assessment structured and purposeful. Students use rubrics to assess work.,0.94,CLEAR,strict,False,Lesson-10,swahili
7,C,C12,Classroom Resources & Space for Collaboration,0.0,NO,Resources and space well-organized for collaborative tasks. Materials accessible.,0.85,CLEAR,strict,False,Lesson-10,swahili
7,D,D1,Active Participation Rate,1.0,YES,"50-75% actively participating (writing, discussing, solving).",0.62,BORDERLINE,strict,False,Lesson-10,swahili
7,D,D2,Cognitive Engagement Level (Bloom's),0.0,NO,Students applying concepts to new problems (Bloom's Apply/Analyze).,0.88,CLEAR,strict,False,Lesson-10,swahili
7,D,D3,Student-to-Student Interaction,0.0,NO,Students discuss content in pairs/groups; academic language used.,0.91,CLEAR,strict,False,Lesson-10,swahili
7,D,D7,Inclusivity of Engagement,1.0,YES,Students across ability levels and genders are participating.,0.63,BORDERLINE,strict,False,Lesson-10,swahili
7,F,F1,Content Accuracy,1.0,YES,Content is accurate; no errors observed.,0.6,BORDERLINE,strict,False,Lesson-10,swahili
7,F,F2,Use of Academic Language,0.0,NO,Key terms used accurately and explained to students.,0.82,BORDERLINE,strict,False,Lesson-10,swahili
7,F,F3,Anticipation of Student Misconceptions,0.0,NO,Anticipates and addresses at least 1-2 common misconceptions.,0.93,CLEAR,strict,False,Lesson-10,swahili
7,F,F4,Depth of Explanation,0.0,NO,Explains the 'why' behind procedures; uses multiple representations.,0.94,CLEAR,strict,False,Lesson-10,swahili
7,F,F5,Subject-Specific Pedagogy: MATH,0.0,NO,Uses concrete -> pictorial -> abstract (CPA) progression; manipulatives present.,0.93,CLEAR,strict,False,Lesson-10,swahili
7,F,F6,Subject-Specific Pedagogy: SCIENCE,,,Hands-on activities present; students make predictions and observations.,0.9,CLEAR,strict,True,Lesson-10,swahili
7,F,F7,Subject-Specific Pedagogy: LITERACY / LANGUAGE,,,"Teacher models reading strategies (prediction, summarizing, questioning). Balanced approach.",0.62,BORDERLINE,strict,True,Lesson-10,swahili
7,F,F8,Cross-Curricular Connections,0.0,NO,Meaningful connections made to at least one other subject area.,0.95,CLEAR,strict,False,Lesson-10,swahili
8,D,D1,Active Participation Rate,1.0,YES,"50-75% actively participating (writing, discussing, solving).",0.62,BORDERLINE,strict,False,Lesson-10,swahili
8,D,D2,Cognitive Engagement Level (Bloom's),0.0,NO,Students applying concepts to new problems (Bloom's Apply/Analyze).,0.95,CLEAR,strict,False,Lesson-10,swahili
8,D,D3,Student-to-Student Interaction,0.0,NO,Students discuss content in pairs/groups; academic language used.,0.93,CLEAR,strict,False,Lesson-10,swahili
8,D,D7,Inclusivity of Engagement,1.0,YES,Students across ability levels and genders are participating.,0.58,BORDERLINE,strict,False,Lesson-10,swahili
8,B,B1,Instructional Clarity & Learning Objectives,0.0,NO,"Clear objective stated, referred to during lesson, linked to classroom activities.",0.95,CLEAR,strict,False,Lesson-10,swahili
8,B,B3,Activities & Tasks Alignment,0.0,NO,Most activities directly support the learning objective.,0.7,BORDERLINE,strict,False,Lesson-10,swahili
8,B,B4,Activation of Prior Knowledge,0.0,NO,Teacher connects new content to previously taught material.,0.93,CLEAR,strict,False,Lesson-10,swahili
8,B,B5,Meaningful & Real-World Connections,0.0,NO,Content connected to students' lives or local context.,0.95,CLEAR,strict,False,Lesson-10,swahili
8,B,B6,Differentiation / Catering to Learning Levels,0.0,NO,Tasks differentiated for at least 2 ability groups.,0.88,CLEAR,strict,False,Lesson-10,swahili
8,B,B7,Use of Taleemabad Lesson Plan,0.0,NO,Plan followed with minor contextual adaptations.,0.82,BORDERLINE,strict,False,Lesson-10,swahili
8,B,B8,Use of Prescribed Resources,0.0,NO,Key resources used as prescribed in lesson plan.,0.62,BORDERLINE,strict,False,Lesson-10,swahili
8,B,B10,Lesson Closure & Consolidation,0.0,NO,"Structured closure: recap key points, check understanding.",0.94,CLEAR,strict,False,Lesson-10,swahili
8,C,C1,Quality Questioning (Bloom's Aligned),0.0,NO,Purposeful mix including application & analysis questions. Open-ended questions dominate. Wait time given.,0.96,CLEAR,strict,False,Lesson-10,swahili
8,C,C2,Responsive Re-explanation & Adaptive Teaching,0.0,NO,"Uses alternative representations (visual, concrete, analogy). Adjusts teaching to student level.",0.9,CLEAR,strict,False,Lesson-10,swahili
8,C,C3,Effective Feedback,0.0,NO,Specific feedback on what was done well and what to improve. Actionable.,0.93,CLEAR,strict,False,Lesson-10,swahili
8,C,C5,Student Agency & Voice,0.0,NO,Students make choices about how to demonstrate learning. Explore multiple perspectives.,0.95,CLEAR,strict,False,Lesson-10,swahili
8,C,C7,Positive & Supportive Learning Environment,0.0,NO,"Warm, encouraging tone; mistakes treated as learning opportunities.",0.72,BORDERLINE,strict,False,Lesson-10,swahili
8,C,C8,"Modeling, Scaffolding & Problem-Solving",0.0,NO,I Do -> We Do -> You Do scaffolding visible. Problem-solving and creativity modeled with clear strategies.,0.93,CLEAR,strict,False,Lesson-10,swahili
8,C,C9,Collaborative Learning,0.0,NO,Purposeful pair/group tasks with clear roles. Students work towards synthesized solutions.,0.94,CLEAR,strict,False,Lesson-10,swahili
8,C,C10,Integration of Taleemabad Technology,0.0,NO,Taleemabad videos/apps used to support learning objectives.,0.93,CLEAR,strict,False,Lesson-10,swahili
8,C,C11,Self & Peer Assessment Facilitation,0.0,NO,Self- and peer-assessment structured and purposeful. Students use rubrics to assess work.,0.95,CLEAR,strict,False,Lesson-10,swahili
8,C,C12,Classroom Resources & Space for Collaboration,0.0,NO,Resources and space well-organized for collaborative tasks. Materials accessible.,0.88,CLEAR,strict,False,Lesson-10,swahili
8,F,F1,Content Accuracy,1.0,YES,Content is accurate; no errors observed.,0.61,BORDERLINE,strict,False,Lesson-10,swahili
8,F,F2,Use of Academic Language,0.0,NO,Key terms used accurately and explained to students.,0.72,BORDERLINE,strict,False,Lesson-10,swahili
8,F,F3,Anticipation of Student Misconceptions,0.0,NO,Anticipates and addresses at least 1-2 common misconceptions.,0.94,CLEAR,strict,False,Lesson-10,swahili
8,F,F4,Depth of Explanation,0.0,NO,Explains the 'why' behind procedures; uses multiple representations.,0.94,CLEAR,strict,False,Lesson-10,swahili
8,F,F5,Subject-Specific Pedagogy: MATH,0.0,NO,Uses concrete -> pictorial -> abstract (CPA) progression; manipulatives present.,0.92,CLEAR,strict,False,Lesson-10,swahili
8,F,F6,Subject-Specific Pedagogy: SCIENCE,,,Hands-on activities present; students make predictions and observations.,0.93,CLEAR,strict,True,Lesson-10,swahili
8,F,F7,Subject-Specific Pedagogy: LITERACY / LANGUAGE,,,"Teacher models reading strategies (prediction, summarizing, questioning). Balanced approach.",0.63,BORDERLINE,strict,True,Lesson-10,swahili
8,F,F8,Cross-Curricular Connections,0.0,NO,Meaningful connections made to at least one other subject area.,0.95,CLEAR,strict,False,Lesson-10,swahili
9,B,B1,Instructional Clarity & Learning Objectives,0.0,NO,"Clear objective stated, referred to during lesson, linked to classroom activities.",0.95,CLEAR,strict,False,Lesson-10,swahili
9,B,B3,Activities & Tasks Alignment,0.0,NO,Most activities directly support the learning objective.,0.72,BORDERLINE,strict,False,Lesson-10,swahili
9,B,B4,Activation of Prior Knowledge,0.0,NO,Teacher connects new content to previously taught material.,0.9,CLEAR,strict,False,Lesson-10,swahili
9,B,B5,Meaningful & Real-World Connections,0.0,NO,Content connected to students' lives or local context.,0.95,CLEAR,strict,False,Lesson-10,swahili
9,B,B6,Differentiation / Catering to Learning Levels,0.0,NO,Tasks differentiated for at least 2 ability groups.,0.88,CLEAR,strict,False,Lesson-10,swahili
9,B,B7,Use of Taleemabad Lesson Plan,0.0,NO,Plan followed with minor contextual adaptations.,0.82,BORDERLINE,strict,False,Lesson-10,swahili
9,B,B8,Use of Prescribed Resources,0.0,NO,Key resources used as prescribed in lesson plan.,0.62,BORDERLINE,strict,False,Lesson-10,swahili
9,B,B10,Lesson Closure & Consolidation,0.0,NO,"Structured closure: recap key points, check understanding.",0.93,CLEAR,strict,False,Lesson-10,swahili
9,C,C1,Quality Questioning (Bloom's Aligned),0.0,NO,Purposeful mix including application & analysis questions. Open-ended questions dominate. Wait time given.,0.97,CLEAR,strict,False,Lesson-10,swahili
9,C,C2,Responsive Re-explanation & Adaptive Teaching,0.0,NO,"Uses alternative representations (visual, concrete, analogy). Adjusts teaching to student level.",0.93,CLEAR,strict,False,Lesson-10,swahili
9,C,C3,Effective Feedback,0.0,NO,Specific feedback on what was done well and what to improve. Actionable.,0.95,CLEAR,strict,False,Lesson-10,swahili
9,C,C5,Student Agency & Voice,0.0,NO,Students make choices about how to demonstrate learning. Explore multiple perspectives.,0.96,CLEAR,strict,False,Lesson-10,swahili
9,C,C7,Positive & Supportive Learning Environment,0.0,NO,"Warm, encouraging tone; mistakes treated as learning opportunities.",0.71,BORDERLINE,strict,False,Lesson-10,swahili
9,C,C8,"Modeling, Scaffolding & Problem-Solving",0.0,NO,I Do -> We Do -> You Do scaffolding visible. Problem-solving and creativity modeled with clear strategies.,0.92,CLEAR,strict,False,Lesson-10,swahili
9,C,C9,Collaborative Learning,0.0,NO,Purposeful pair/group tasks with clear roles. Students work towards synthesized solutions.,0.94,CLEAR,strict,False,Lesson-10,swahili
9,C,C10,Integration of Taleemabad Technology,0.0,NO,Taleemabad videos/apps used to support learning objectives.,0.94,CLEAR,strict,False,Lesson-10,swahili
9,C,C11,Self & Peer Assessment Facilitation,0.0,NO,Self- and peer-assessment structured and purposeful. Students use rubrics to assess work.,0.95,CLEAR,strict,False,Lesson-10,swahili
9,C,C12,Classroom Resources & Space for Collaboration,0.0,NO,Resources and space well-organized for collaborative tasks. Materials accessible.,0.85,CLEAR,strict,False,Lesson-10,swahili
9,D,D1,Active Participation Rate,1.0,YES,"50-75% actively participating (writing, discussing, solving).",0.6,BORDERLINE,strict,False,Lesson-10,swahili
9,D,D2,Cognitive Engagement Level (Bloom's),0.0,NO,Students applying concepts to new problems (Bloom's Apply/Analyze).,0.95,CLEAR,strict,False,Lesson-10,swahili
9,D,D3,Student-to-Student Interaction,0.0,NO,Students discuss content in pairs/groups; academic language used.,0.9,CLEAR,strict,False,Lesson-10,swahili
9,D,D7,Inclusivity of Engagement,1.0,YES,Students across ability levels and genders are participating.,0.66,BORDERLINE,strict,False,Lesson-10,swahili
9,F,F1,Content Accuracy,1.0,YES,Content is accurate; no errors observed.,0.58,BORDERLINE,strict,False,Lesson-10,swahili
9,F,F2,Use of Academic Language,0.0,NO,Key terms used accurately and explained to students.,0.72,BORDERLINE,strict,False,Lesson-10,swahili
9,F,F3,Anticipation of Student Misconceptions,0.0,NO,Anticipates and addresses at least 1-2 common misconceptions.,0.93,CLEAR,strict,False,Lesson-10,swahili
9,F,F4,Depth of Explanation,0.0,NO,Explains the 'why' behind procedures; uses multiple representations.,0.94,CLEAR,strict,False,Lesson-10,swahili
9,F,F5,Subject-Specific Pedagogy: MATH,0.0,NO,Uses concrete -> pictorial -> abstract (CPA) progression; manipulatives present.,0.9,CLEAR,strict,False,Lesson-10,swahili
9,F,F6,Subject-Specific Pedagogy: SCIENCE,,,Hands-on activities present; students make predictions and observations.,0.9,CLEAR,strict,True,Lesson-10,swahili
9,F,F7,Subject-Specific Pedagogy: LITERACY / LANGUAGE,,,"Teacher models reading strategies (prediction, summarizing, questioning). Balanced approach.",0.61,BORDERLINE,strict,True,Lesson-10,swahili
9,F,F8,Cross-Curricular Connections,0.0,NO,Meaningful connections made to at least one other subject area.,0.95,CLEAR,strict,False,Lesson-10,swahili
